stock_symbol,company_name,trading_market,source,created_at,updated_at
A,"Agilent Technologies, Inc.",NYSE,nasdaq_trader,2026-09-18T10:45:30.194Z,2026-09-21T07:19:19.403Z
AA,Alcoa Corporation,NYSE,nasdaq_trader,2026-09-18T10:45:30.194Z,2026-09-18T10:45:30.194Z
AAC,Ares Acquisition Corporation III,NYSE,nasdaq_trader,2026-09-18T10:45:30.194Z,2026-09-18T10:45:30.194Z
AACG,ATA Creativity Global,NASDAQ,nasdaq_trader,2026-09-18T10:45:30.194Z,2026-09-18T10:45:30.194Z
AACI,Armada Acquisition Corp. III,NASDAQ,nasdaq_trader,2026-09-18T10:45:30.194Z,2026-09-18T10:45:30.194Z
AACIU,Armada Acquisition Corp. III,NASDAQ,nasdaq_trader,2026-09-18T10:45:30.194Z,2026-09-18T10:45:30.194Z
AACIW,Armada Acquisition Corp. III,NASDAQ,nasdaq_trader,2026-09-18T10:45:30.194Z,2026-09-18T10:45:30.194Z
AACO,Abony Acquisition Corp. I,NASDAQ,nasdaq_trader,2026-09-18T10:45:30.194Z,2026-09-18T10:45:30.194Z
AACOU,Abony Acquisition Corp. I,NASDAQ,nasdaq_trader,2026-09-18T10:45:30.194Z,2026-09-18T10:45:30.194Z
AACOW,Abony Acquisition Corp. I,NASDAQ,nasdaq_trader,2026-09-18T10:45:30.194Z,2026-09-18T10:45:30.194Z
AACP,Apogee Acquisition Corp,NASDAQ,nasdaq_trader,2026-09-18T10:45:30.194Z,2026-09-18T10:45:30.194Z
AACPR,Apogee Acquisition Corp,NASDAQ,nasdaq_trader,2026-09-18T10:45:30.194Z,2026-09-18T10:45:30.194Z
AACPU,Apogee Acquisition Corp,NASDAQ,nasdaq_trader,2026-09-18T10:45:30.194Z,2026-09-18T10:45:30.194Z
AACPW,Apogee Acquisition Corp,NASDAQ,nasdaq_trader,2026-09-18T10:45:30.194Z,2026-09-18T10:45:30.194Z
AADX,"Applied Aerospace & Defense, Inc.",NYSE,nasdaq_trader,2026-09-18T10:45:30.194Z,2026-09-18T10:45:30.194Z
AAL,"American Airlines Group, Inc.",NASDAQ,nasdaq_trader,2026-09-18T10:45:30.194Z,2026-09-18T10:45:30.194Z
AAME,Atlantic American Corporation,NASDAQ,nasdaq_trader,2026-09-18T10:45:30.194Z,2026-09-18T10:45:30.194Z
AAMI,Acadian Asset Management Inc.,NYSE,nasdaq_trader,2026-09-18T10:45:30.194Z,2026-09-18T10:45:30.194Z
AAOI,"Applied Optoelectronics, Inc.",NASDAQ,nasdaq_trader,2026-09-18T10:45:30.194Z,2026-09-18T10:45:30.194Z
AAON,"AAON, Inc.",NASDAQ,nasdaq_trader,2026-09-18T10:45:30.194Z,2026-09-18T10:45:30.194Z
AAP,Advance Auto Parts Inc.,NYSE,nasdaq_trader,2026-09-18T10:45:30.194Z,2026-09-18T10:45:30.194Z
AAPG,Ascentage Pharma Group Internat,NASDAQ,excel_import,2026-09-18T09:57:12.863Z,2026-09-18T09:57:12.863Z
AAPL,Apple Inc.,NASDAQ,yahoo,2026-09-18T09:36:00.090Z,2026-09-18T09:36:00.090Z
AARD,"Aardvark Therapeutics, Inc.",NASDAQ,nasdaq_trader,2026-09-18T10:45:30.194Z,2026-09-18T10:45:30.194Z
AAT,"American Assets Trust, Inc.",NYSE,nasdaq_trader,2026-09-18T10:45:30.194Z,2026-09-18T10:45:30.194Z
AAUC,Allied Gold Corporation Common Shares,NYSE,nasdaq_trader,2026-09-18T10:45:30.194Z,2026-09-18T10:45:30.194Z
AB,AllianceBernstein Holding L.P.,NYSE,nasdaq_trader,2026-09-18T10:45:30.194Z,2026-09-18T10:45:30.194Z
ABAT,American Battery Technology Company,NASDAQ,nasdaq_trader,2026-09-18T10:45:30.194Z,2026-09-18T10:45:30.194Z
ABBV,AbbVie Inc.,NYSE,nasdaq_trader,2026-09-18T10:45:30.194Z,2026-09-18T10:45:30.194Z
ABCB,Ameris Bancorp,NYSE,nasdaq_trader,2026-09-18T10:45:30.194Z,2026-09-18T10:45:30.194Z
ABCL,AbCellera Biologics Inc.,NASDAQ,nasdaq_trader,2026-09-18T10:45:30.194Z,2026-09-18T10:45:30.194Z
ABEO,Abeona Therapeutics Inc.,NASDAQ,nasdaq_trader,2026-09-18T10:45:30.194Z,2026-09-18T10:45:30.194Z
ABEV,Ambev S.A.,NYSE,nasdaq_trader,2026-09-18T10:45:30.194Z,2026-09-18T10:45:30.194Z
ABG,Asbury Automotive Group Inc,NYSE,nasdaq_trader,2026-09-18T10:45:30.194Z,2026-09-18T10:45:30.194Z
ABLV,Able View Global Inc.,NASDAQ,nasdaq_trader,2026-09-18T10:45:30.194Z,2026-09-18T10:45:30.194Z
ABLVW,Able View Global Inc.,NASDAQ,nasdaq_trader,2026-09-18T10:45:30.194Z,2026-09-18T10:45:30.194Z
ABM,ABM Industries Incorporated,NYSE,nasdaq_trader,2026-09-18T10:45:30.194Z,2026-09-18T10:45:30.194Z
ABMBF,Abcourt Mines Inc.,OTC,excel_import,2026-09-18T09:57:12.863Z,2026-09-18T09:57:12.863Z
ABNB,"Airbnb, Inc.",NASDAQ,nasdaq_trader,2026-09-18T10:45:30.194Z,2026-09-18T10:45:30.194Z
ABOS,"Acumen Pharmaceuticals, Inc.",NASDAQ,nasdaq_trader,2026-09-18T10:45:30.194Z,2026-09-18T10:45:30.194Z
ABR,Arbor Realty Trust,NYSE,nasdaq_trader,2026-09-18T10:45:30.194Z,2026-09-18T10:45:30.194Z
ABSI,Absci Corporation,NASDAQ,nasdaq_trader,2026-09-18T10:45:30.194Z,2026-09-18T10:45:30.194Z
ABT,Abbott Laboratories,NYSE,nasdaq_trader,2026-09-18T10:45:30.194Z,2026-09-18T10:45:30.194Z
ABTC,American Bitcoin Corp.,NASDAQ,excel_import,2026-09-18T09:57:12.863Z,2026-09-18T09:57:12.863Z
ABTS,Abits Group Inc,NASDAQ,nasdaq_trader,2026-09-18T10:45:30.194Z,2026-09-18T10:45:30.194Z
ABUS,Arbutus Biopharma Corporation,NASDAQ,nasdaq_trader,2026-09-18T10:45:30.194Z,2026-09-18T10:45:30.194Z
ABVC,"ABVC BioPharma, Inc.",NASDAQ,nasdaq_trader,2026-09-18T10:45:30.194Z,2026-09-18T10:45:30.194Z
ABVX,ABIVAX Société Anonyme,NASDAQ,nasdaq_trader,2026-09-18T10:45:30.194Z,2026-09-22T07:18:58.918Z
ABX,"Abacus Global Management, Inc.",NYSE,excel_import,2026-09-18T09:57:12.863Z,2026-09-18T09:57:12.863Z
ABXL,"Abacus Global Management, Inc.",NYSE,nasdaq_trader,2026-09-18T10:45:30.194Z,2026-09-18T10:45:30.194Z
ACA,"Arcosa, Inc.",NYSE,nasdaq_trader,2026-09-18T10:45:30.194Z,2026-09-18T10:45:30.194Z
ACAA,Averin Capital Acquisition Corp.,NASDAQ,nasdaq_trader,2026-09-18T10:45:30.194Z,2026-09-18T10:45:30.194Z
ACAAU,Averin Capital Acquisition Corp.,NASDAQ,nasdaq_trader,2026-09-18T10:45:30.194Z,2026-09-18T10:45:30.194Z
ACAAW,Averin Capital Acquisition Corp.,NASDAQ,nasdaq_trader,2026-09-18T10:45:30.194Z,2026-09-18T10:45:30.194Z
ACAD,ACADIA Pharmaceuticals Inc.,NASDAQ,nasdaq_trader,2026-09-18T10:45:30.194Z,2026-09-18T10:45:30.194Z
ACB,Aurora Cannabis Inc.,NASDAQ,nasdaq_trader,2026-09-18T10:45:30.194Z,2026-09-18T10:45:30.194Z
ACCFF,Accord Financial Corp.,OTC,excel_import,2026-09-18T09:57:12.863Z,2026-09-18T09:57:12.863Z
ACCL,Acco Group Holdings Limited,NASDAQ,nasdaq_trader,2026-09-18T10:45:30.194Z,2026-09-18T10:45:30.194Z
ACCO,Acco Brands Corporation,NYSE,nasdaq_trader,2026-09-18T10:45:30.194Z,2026-09-18T10:45:30.194Z
ACCS,ACCESS Newswire Inc.,AMEX,nasdaq_trader,2026-09-18T10:45:30.194Z,2026-09-18T10:45:30.194Z
ACDC,ProFrac Holding Corp.,NASDAQ,nasdaq_trader,2026-09-18T10:45:30.194Z,2026-09-18T10:45:30.194Z
ACEL,"Accel Entertainment, Inc.",NYSE,nasdaq_trader,2026-09-18T10:45:30.194Z,2026-09-18T10:45:30.194Z
ACET,"Adicet Bio, Inc.",NASDAQ,nasdaq_trader,2026-09-18T10:45:30.194Z,2026-09-18T10:45:30.194Z
ACFN,"Acorn Energy, Inc.",NASDAQ,nasdaq_trader,2026-09-18T10:45:30.194Z,2026-09-18T10:45:30.194Z
ACGC,ACP Holdings Acquisition Corp.,NASDAQ,nasdaq_trader,2026-09-18T10:45:30.194Z,2026-09-18T10:45:30.194Z
ACGCU,ACP Holdings Acquisition Corp.,NASDAQ,nasdaq_trader,2026-09-18T10:45:30.194Z,2026-09-18T10:45:30.194Z
ACGCW,ACP Holdings Acquisition Corp.,NASDAQ,nasdaq_trader,2026-09-18T10:45:30.194Z,2026-09-18T10:45:30.194Z
ACGL,Arch Capital Group Ltd.,NASDAQ,nasdaq_trader,2026-09-18T10:45:30.194Z,2026-09-18T10:45:30.194Z
ACGLN,Arch Capital Group Ltd.,NASDAQ,nasdaq_trader,2026-09-18T10:45:30.194Z,2026-09-18T10:45:30.194Z
ACGLO,Arch Capital Group Ltd.,NASDAQ,nasdaq_trader,2026-09-18T10:45:30.194Z,2026-09-18T10:45:30.194Z
ACGP,"Associated Capital Group, Inc.",OTC,excel_import,2026-09-18T09:57:12.863Z,2026-09-18T09:57:12.863Z
ACH,"Accendra Health, Inc.",NYSE,nasdaq_trader,2026-09-18T10:45:30.194Z,2026-09-18T10:45:30.194Z
ACHC,"Acadia Healthcare Company, Inc.",NASDAQ,nasdaq_trader,2026-09-18T10:45:30.194Z,2026-09-18T10:45:30.194Z
ACHR,Archer Aviation Inc.,NYSE,nasdaq_trader,2026-09-18T10:45:30.194Z,2026-09-18T10:45:30.194Z
ACHV,"Achieve Life Sciences, Inc.",NASDAQ,nasdaq_trader,2026-09-18T10:45:30.194Z,2026-09-18T10:45:30.194Z
ACI,"Albertsons Companies, Inc.",NYSE,nasdaq_trader,2026-09-18T10:45:30.194Z,2026-09-18T10:45:30.194Z
ACIC,American Coastal Insurance Corporation,NASDAQ,nasdaq_trader,2026-09-18T10:45:30.194Z,2026-09-18T10:45:30.194Z
ACIU,AC Immune SA,NASDAQ,nasdaq_trader,2026-09-18T10:45:30.194Z,2026-09-18T10:45:30.194Z
ACIW,"ACI Worldwide, Inc.",NASDAQ,nasdaq_trader,2026-09-18T10:45:30.194Z,2026-09-18T10:45:30.194Z
ACLS,"Axcelis Technologies, Inc.",NASDAQ,nasdaq_trader,2026-09-18T10:45:30.194Z,2026-09-18T10:45:30.194Z
ACM,AECOM,NYSE,nasdaq_trader,2026-09-18T10:45:30.194Z,2026-09-18T10:45:30.194Z
ACMR,"ACM Research, Inc.",NASDAQ,nasdaq_trader,2026-09-18T10:45:30.194Z,2026-09-18T10:45:30.194Z
ACN,Accenture plc,NYSE,nasdaq_trader,2026-09-18T10:45:30.194Z,2026-09-22T07:18:59.082Z
ACNB,ACNB Corporation,NASDAQ,nasdaq_trader,2026-09-18T10:45:30.194Z,2026-09-18T10:45:30.194Z
ACNT,Ascent Industries Co.,NASDAQ,nasdaq_trader,2026-09-18T10:45:30.194Z,2026-09-18T10:45:30.194Z
ACOG,Alpha Cognition Inc.,NASDAQ,nasdaq_trader,2026-09-18T10:45:30.194Z,2026-09-18T10:45:30.194Z
ACON,"Aclarion, Inc.",NASDAQ,nasdaq_trader,2026-09-18T10:45:30.194Z,2026-09-18T10:45:30.194Z
ACONW,"Aclarion, Inc.",NASDAQ,nasdaq_trader,2026-09-18T10:45:30.194Z,2026-09-18T10:45:30.194Z
ACP,abrdn Income Credit Strategies Fund Common Shares,NYSE,nasdaq_trader,2026-09-18T10:45:30.194Z,2026-09-18T10:45:30.194Z
ACR,ACRES Commercial Realty Corp.,NYSE,nasdaq_trader,2026-09-18T10:45:30.194Z,2026-09-18T10:45:30.194Z
ACRE,Ares Commercial Real Estate Corporation,NYSE,nasdaq_trader,2026-09-18T10:45:30.194Z,2026-09-18T10:45:30.194Z
ACRS,"Aclaris Therapeutics, Inc.",NASDAQ,nasdaq_trader,2026-09-18T10:45:30.194Z,2026-09-18T10:45:30.194Z
ACRV,"Acrivon Therapeutics, Inc.",NASDAQ,nasdaq_trader,2026-09-18T10:45:30.194Z,2026-09-18T10:45:30.194Z
ACT,"Enact Holdings, Inc.",NASDAQ,nasdaq_trader,2026-09-18T10:45:30.194Z,2026-09-18T10:45:30.194Z
ACTG,Acacia Research Corporation,NASDAQ,nasdaq_trader,2026-09-18T10:45:30.194Z,2026-09-18T10:45:30.194Z
ACTU,"Actuate Therapeutics, Inc.",NASDAQ,nasdaq_trader,2026-09-18T10:45:30.194Z,2026-09-18T10:45:30.194Z
ACU,Acme United Corporation.,AMEX,nasdaq_trader,2026-09-18T10:45:30.194Z,2026-09-18T10:45:30.194Z
ACV,Virtus Diversified Income & Convertible Fund,NYSE,nasdaq_trader,2026-09-18T10:45:30.194Z,2026-09-18T10:45:30.194Z
ACVA,ACV Auctions Inc.,NYSE,nasdaq_trader,2026-09-18T10:45:30.194Z,2026-09-18T10:45:30.194Z
ACWRF,Acceleware Ltd.,OTC,excel_import,2026-09-18T09:57:12.863Z,2026-09-18T09:57:12.863Z
ACXAF,ACT Energy Technologies Ltd.,OTC,excel_import,2026-09-18T09:57:12.863Z,2026-09-18T09:57:12.863Z
ACXP,"Acurx Pharmaceuticals, Inc.",NASDAQ,nasdaq_trader,2026-09-18T10:45:30.194Z,2026-09-18T10:45:30.194Z
AD,"Array Digital Infrastructure, Inc. Common Shares",NYSE,nasdaq_trader,2026-09-18T10:45:30.194Z,2026-09-18T10:45:30.194Z
ADAC,American Drive Acquisition Company,NASDAQ,nasdaq_trader,2026-09-18T10:45:30.194Z,2026-09-18T10:45:30.194Z
ADACU,American Drive Acquisition Company,NASDAQ,nasdaq_trader,2026-09-18T10:45:30.194Z,2026-09-18T10:45:30.194Z
ADACW,American Drive Acquisition Company,NASDAQ,nasdaq_trader,2026-09-18T10:45:30.194Z,2026-09-18T10:45:30.194Z
ADAG,Adagene Inc.,NASDAQ,nasdaq_trader,2026-09-18T10:45:30.194Z,2026-09-18T10:45:30.194Z
ADAM,"Adamas Trust, Inc.",NASDAQ,excel_import,2026-09-18T09:57:12.863Z,2026-09-18T09:57:12.863Z
ADAMG,"Adamas Trust, Inc.",NASDAQ,nasdaq_trader,2026-09-18T10:45:30.194Z,2026-09-18T10:45:30.194Z
ADAMH,"Adamas Trust, Inc.",NASDAQ,nasdaq_trader,2026-09-18T10:45:30.194Z,2026-09-18T10:45:30.194Z
ADAMI,"New York Mortgage Trust, Inc. 9.125% Senior Notes Due 2029",NASDAQ,nasdaq_trader,2026-09-18T10:45:30.194Z,2026-09-22T07:18:58.921Z
ADAMK,"Adamas Trust, Inc. 9.600% Senior Notes Due 2031",NASDAQ,nasdaq_trader,2026-09-18T10:45:30.194Z,2026-09-22T07:18:58.923Z
ADAML,"Adamas Trust, Inc.",NASDAQ,nasdaq_trader,2026-09-18T10:45:30.194Z,2026-09-18T10:45:30.194Z
ADAMM,"Adamas Trust, Inc.",NASDAQ,nasdaq_trader,2026-09-18T10:45:30.194Z,2026-09-18T10:45:30.194Z
ADAMN,"Adamas Trust, Inc.",NASDAQ,nasdaq_trader,2026-09-18T10:45:30.194Z,2026-09-18T10:45:30.194Z
ADAMO,"Adamas Trust, Inc. 9.250% Senior Notes Due 2031",NASDAQ,nasdaq_trader,2026-09-18T10:45:30.194Z,2026-09-22T07:18:58.925Z
ADAMZ,"Adamas Trust, Inc.",NASDAQ,nasdaq_trader,2026-09-18T10:45:30.194Z,2026-09-18T10:45:30.194Z
ADBE,Adobe Inc.,NASDAQ,nasdaq_trader,2026-09-18T10:45:30.194Z,2026-09-18T10:45:30.194Z
ADBT,"Advasa Holdings, Inc.",NASDAQ,nasdaq_trader,2026-09-18T10:45:30.194Z,2026-09-18T10:45:30.194Z
ADC,Agree Realty Corporation,NYSE,nasdaq_trader,2026-09-18T10:45:30.194Z,2026-09-18T10:45:30.194Z
ADCT,ADC Therapeutics SA Common Shares,NYSE,nasdaq_trader,2026-09-18T10:45:30.194Z,2026-09-18T10:45:30.194Z
ADEA,Adeia Inc.,NASDAQ,nasdaq_trader,2026-09-18T10:45:30.194Z,2026-09-18T10:45:30.194Z
ADGM,"Adagio Medical Holdings, Inc",NASDAQ,nasdaq_trader,2026-09-18T10:45:30.194Z,2026-09-18T10:45:30.194Z
ADI,"Analog Devices, Inc.",NASDAQ,nasdaq_trader,2026-09-18T10:45:30.194Z,2026-09-18T10:45:30.194Z
ADIG,ADI Global Distribution Inc.,NYSE,nasdaq_trader,2026-09-18T10:45:30.194Z,2026-09-18T10:45:30.194Z
ADIL,"Adial Pharmaceuticals, Inc",NASDAQ,nasdaq_trader,2026-09-18T10:45:30.194Z,2026-09-18T10:45:30.194Z
ADLRF,Alaris Equity Partners Income Trust,OTC,excel_import,2026-09-18T09:57:12.863Z,2026-09-18T09:57:12.863Z
ADM,Archer-Daniels-Midland Company,NYSE,nasdaq_trader,2026-09-18T10:45:30.194Z,2026-09-18T10:45:30.194Z
ADMA,ADMA Biologics Inc,NASDAQ,nasdaq_trader,2026-09-18T10:45:30.194Z,2026-09-18T10:45:30.194Z
ADNT,Adient plc,NYSE,nasdaq_trader,2026-09-18T10:45:30.194Z,2026-09-18T10:45:30.194Z
ADP,"Automatic Data Processing, Inc.",NASDAQ,nasdaq_trader,2026-09-18T10:45:30.194Z,2026-09-18T10:45:30.194Z
ADPT,Adaptive Biotechnologies Corporation,NASDAQ,nasdaq_trader,2026-09-18T10:45:30.194Z,2026-09-18T10:45:30.194Z
ADSE,ADS-TEC ENERGY PLC,NASDAQ,nasdaq_trader,2026-09-18T10:45:30.194Z,2026-09-18T10:45:30.194Z
ADSEW,ADS-TEC ENERGY PLC,NASDAQ,nasdaq_trader,2026-09-18T10:45:30.194Z,2026-09-18T10:45:30.194Z
ADSK,"Autodesk, Inc.",NASDAQ,nasdaq_trader,2026-09-18T10:45:30.194Z,2026-09-18T10:45:30.194Z
ADT,ADT Inc.,NYSE,nasdaq_trader,2026-09-18T10:45:30.194Z,2026-09-18T10:45:30.194Z
ADTN,"ADTRAN Holdings, Inc.",NASDAQ,nasdaq_trader,2026-09-18T10:45:30.194Z,2026-09-18T10:45:30.194Z
ADUR,Aduro Clean Technologies Inc.,NASDAQ,nasdaq_trader,2026-09-18T10:45:30.194Z,2026-09-18T10:45:30.194Z
ADUS,Addus HomeCare Corporation,NASDAQ,nasdaq_trader,2026-09-18T10:45:30.194Z,2026-09-18T10:45:30.194Z
ADV,Advantage Solutions Inc.,NASDAQ,nasdaq_trader,2026-09-18T10:45:30.194Z,2026-09-18T10:45:30.194Z
ADVB,Advanced Biomed Inc.,NASDAQ,nasdaq_trader,2026-09-18T10:45:30.194Z,2026-09-18T10:45:30.194Z
ADWPF,Andrew Peller Limited,OTC,excel_import,2026-09-18T09:57:12.863Z,2026-09-18T09:57:12.863Z
ADX,Adams Diversified Equity Fund Inc.,NYSE,nasdaq_trader,2026-09-18T10:45:30.194Z,2026-09-18T10:45:30.194Z
ADXN,Addex Therapeutics Ltd,NASDAQ,nasdaq_trader,2026-09-18T10:45:30.194Z,2026-09-18T10:45:30.194Z
AEAQ,Activate Energy Acquisition Corp.,NASDAQ,nasdaq_trader,2026-09-18T10:45:30.194Z,2026-09-18T10:45:30.194Z
AEAQU,Activate Energy Acquisition Corp.,NASDAQ,nasdaq_trader,2026-09-18T10:45:30.194Z,2026-09-18T10:45:30.194Z
AEAQW,Activate Energy Acquisition Corp.,NASDAQ,nasdaq_trader,2026-09-18T10:45:30.194Z,2026-09-18T10:45:30.194Z
AEBI,Aebi Schmidt Holding AG,NASDAQ,nasdaq_trader,2026-09-18T10:45:30.194Z,2026-09-18T10:45:30.194Z
AEC,Anfield Energy Inc.,NASDAQ,nasdaq_trader,2026-09-18T10:45:30.194Z,2026-09-18T10:45:30.194Z
AEE,Ameren Corporation,NYSE,nasdaq_trader,2026-09-18T10:45:30.194Z,2026-09-18T10:45:30.194Z
AEF,"abrdn Emerging Markets ex-China Fund, Inc.",AMEX,nasdaq_trader,2026-09-18T10:45:30.194Z,2026-09-18T10:45:30.194Z
AEFC,Aegon Funding Company LLC 5.10%,NYSE,nasdaq_trader,2026-09-18T10:45:30.194Z,2026-09-22T07:18:59.083Z
AEG,Aegon Ltd.,NYSE,nasdaq_trader,2026-09-18T10:45:30.194Z,2026-09-22T07:18:59.085Z
AEHL,Antelope Enterprise Holdings Limited,NASDAQ,nasdaq_trader,2026-09-18T10:45:30.194Z,2026-09-18T10:45:30.194Z
AEHR,Aehr Test Systems,NASDAQ,nasdaq_trader,2026-09-18T10:45:30.194Z,2026-09-18T10:45:30.194Z
AEI,Alset Inc.,NASDAQ,nasdaq_trader,2026-09-18T10:45:30.194Z,2026-09-18T10:45:30.194Z
AEIS,"Advanced Energy Industries, Inc.",NASDAQ,nasdaq_trader,2026-09-18T10:45:30.194Z,2026-09-18T10:45:30.194Z
AEM,Agnico Eagle Mines Limited,NYSE,nasdaq_trader,2026-09-18T10:45:30.194Z,2026-09-18T10:45:30.194Z
AEMD,"Aethlon Medical, Inc.",NASDAQ,nasdaq_trader,2026-09-18T10:45:30.194Z,2026-09-18T10:45:30.194Z
AENT,Alliance Entertainment Holding Corporation,NASDAQ,nasdaq_trader,2026-09-18T10:45:30.194Z,2026-09-18T10:45:30.194Z
AENTW,Alliance Entertainment Holding Corporation,NASDAQ,nasdaq_trader,2026-09-18T10:45:30.194Z,2026-09-18T10:45:30.194Z
AEO,"American Eagle Outfitters, Inc.",NYSE,nasdaq_trader,2026-09-18T10:45:30.194Z,2026-09-18T10:45:30.194Z
AEON,"AEON Biopharma, Inc.",AMEX,nasdaq_trader,2026-09-18T10:45:30.194Z,2026-09-18T10:45:30.194Z
AEP,"American Electric Power Company, Inc.",NASDAQ,nasdaq_trader,2026-09-18T10:45:30.194Z,2026-09-18T10:45:30.194Z
AER,AerCap Holdings N.V.,NYSE,nasdaq_trader,2026-09-18T10:45:30.194Z,2026-09-18T10:45:30.194Z
AERA,AI Era Corp.,OTC,excel_import,2026-09-18T09:57:12.863Z,2026-09-18T09:57:12.863Z
AERO,"Grupo Aeromexico, S.A.B. de C.V",NYSE,excel_import,2026-09-18T09:57:12.863Z,2026-09-22T07:18:58.864Z
AERT,"Aeries Technology, Inc.",NASDAQ,nasdaq_trader,2026-09-18T10:45:30.194Z,2026-09-18T10:45:30.194Z
AERTW,"Aeries Technology, Inc.",NASDAQ,nasdaq_trader,2026-09-18T10:45:30.194Z,2026-09-18T10:45:30.194Z
AES,The AES Corporation,NYSE,nasdaq_trader,2026-09-18T10:45:30.194Z,2026-09-18T10:45:30.194Z
AESI,Atlas Energy Solutions Inc.,NYSE,nasdaq_trader,2026-09-18T10:45:30.194Z,2026-09-18T10:45:30.194Z
AESP,Aeon Acquisition I Corp.,NASDAQ,nasdaq_trader,2026-09-18T10:45:30.194Z,2026-09-18T10:45:30.194Z
AESPR,Aeon Acquisition I Corp.,NASDAQ,nasdaq_trader,2026-09-18T10:45:30.194Z,2026-09-18T10:45:30.194Z
AESPU,Aeon Acquisition I Corp.,NASDAQ,nasdaq_trader,2026-09-18T10:45:30.194Z,2026-09-18T10:45:30.194Z
AESPW,Aeon Acquisition I Corp.,NASDAQ,nasdaq_trader,2026-09-18T10:45:30.194Z,2026-09-18T10:45:30.194Z
AEVA,"Aeva Technologies, Inc.",NASDAQ,nasdaq_trader,2026-09-18T10:45:30.194Z,2026-09-18T10:45:30.194Z
AEXA,American Exceptionalism Acquisi,NYSE,nasdaq_trader,2026-09-18T10:45:30.194Z,2026-09-22T07:18:59.086Z
AEYE,"AudioEye, Inc.",NASDAQ,nasdaq_trader,2026-09-18T10:45:30.194Z,2026-09-18T10:45:30.194Z
AFB,AllianceBernstein National Municipal Income Fund Inc,NYSE,nasdaq_trader,2026-09-18T10:45:30.194Z,2026-09-18T10:45:30.194Z
AFCG,Advanced Flower Capital Inc.,NASDAQ,nasdaq_trader,2026-09-18T10:45:30.194Z,2026-09-18T10:45:30.194Z
AFG,"American Financial Group, Inc.",NYSE,nasdaq_trader,2026-09-18T10:45:30.194Z,2026-09-18T10:45:30.194Z
AFGB,"American Financial Group, Inc. ",NYSE,nasdaq_trader,2026-09-18T10:45:30.194Z,2026-09-22T07:18:59.088Z
AFGC,"American Financial Group, Inc.",NYSE,nasdaq_trader,2026-09-18T10:45:30.194Z,2026-09-22T07:18:59.090Z
AFGD,"American Financial Group, Inc.",NYSE,nasdaq_trader,2026-09-18T10:45:30.194Z,2026-09-22T07:18:59.091Z
AFGE,"American Financial Group, Inc.",NYSE,nasdaq_trader,2026-09-18T10:45:30.194Z,2026-09-22T07:18:59.093Z
AFJK,"Aimei Health Technology Co., Ltd",NASDAQ,nasdaq_trader,2026-09-18T10:45:30.194Z,2026-09-18T10:45:30.194Z
AFJKR,"Aimei Health Technology Co., Ltd",NASDAQ,nasdaq_trader,2026-09-18T10:45:30.194Z,2026-09-18T10:45:30.194Z
AFJKU,"Aimei Health Technology Co., Ltd",NASDAQ,nasdaq_trader,2026-09-18T10:45:30.194Z,2026-09-18T10:45:30.194Z
AFL,AFLAC Incorporated,NYSE,nasdaq_trader,2026-09-18T10:45:30.194Z,2026-09-18T10:45:30.194Z
AFRI,Forafric Global PLC,NASDAQ,nasdaq_trader,2026-09-18T10:45:30.194Z,2026-09-18T10:45:30.194Z
AFRIW,Forafric Global PLC,NASDAQ,nasdaq_trader,2026-09-18T10:45:30.194Z,2026-09-18T10:45:30.194Z
AFRM,"Affirm Holdings, Inc.",NASDAQ,nasdaq_trader,2026-09-18T10:45:30.194Z,2026-09-18T10:45:30.194Z
AFYA,Afya Limited,NASDAQ,nasdaq_trader,2026-09-18T10:45:30.194Z,2026-09-18T10:45:30.194Z
AG,First Majestic Silver Corp.,NYSE,nasdaq_trader,2026-09-18T10:45:30.194Z,2026-09-22T07:18:59.095Z
AGBK,AGI Inc Class A Common Shares,NYSE,nasdaq_trader,2026-09-18T10:45:30.194Z,2026-09-18T10:45:30.194Z
AGCC,Agencia Comercial Spirits Ltd,NASDAQ,nasdaq_trader,2026-09-18T10:45:30.194Z,2026-09-18T10:45:30.194Z
AGCO,AGCO Corporation,NYSE,nasdaq_trader,2026-09-18T10:45:30.194Z,2026-09-18T10:45:30.194Z
AGD,abrdn Global Dynamic Dividend Fund,NYSE,nasdaq_trader,2026-09-18T10:45:30.194Z,2026-09-18T10:45:30.194Z
AGEN,Agenus Inc.,NASDAQ,nasdaq_trader,2026-09-18T10:45:30.194Z,2026-09-18T10:45:30.194Z
AGI,Alamos Gold Inc. Class A Common Shares,NYSE,nasdaq_trader,2026-09-18T10:45:30.194Z,2026-09-18T10:45:30.194Z
AGIG,Abundia Global Impact Group Inc.,AMEX,nasdaq_trader,2026-09-18T10:45:30.194Z,2026-09-18T10:45:30.194Z
AGIO,"Agios Pharmaceuticals, Inc.",NASDAQ,nasdaq_trader,2026-09-18T10:45:30.194Z,2026-09-18T10:45:30.194Z
AGL,"agilon health, inc.",NYSE,nasdaq_trader,2026-09-18T10:45:30.194Z,2026-09-18T10:45:30.194Z
AGM,Federal Agricultural Mortgage Corporation,NYSE,nasdaq_trader,2026-09-18T10:45:30.194Z,2026-09-18T10:45:30.194Z
AGM.A,Federal Agricultural Mortgage Corporation,NYSE,nasdaq_trader,2026-09-18T10:45:30.194Z,2026-09-18T10:45:30.194Z
AGMB,AgomAb Therapeutics NV,NASDAQ,nasdaq_trader,2026-09-18T10:45:30.194Z,2026-09-18T10:45:30.194Z
AGMH,AGM Group Holdings Inc.,NASDAQ,nasdaq_trader,2026-09-18T10:45:30.194Z,2026-09-18T10:45:30.194Z
AGNC,AGNC Investment Corp.,NASDAQ,nasdaq_trader,2026-09-18T10:45:30.194Z,2026-09-18T10:45:30.194Z
AGNCL,AGNC Investment Corp.,NASDAQ,nasdaq_trader,2026-09-18T10:45:30.194Z,2026-09-18T10:45:30.194Z
AGNCM,AGNC Investment Corp.,NASDAQ,nasdaq_trader,2026-09-18T10:45:30.194Z,2026-09-18T10:45:30.194Z
AGNCN,AGNC Investment Corp.,NASDAQ,nasdaq_trader,2026-09-18T10:45:30.194Z,2026-09-18T10:45:30.194Z
AGNCO,AGNC Investment Corp.,NASDAQ,nasdaq_trader,2026-09-18T10:45:30.194Z,2026-09-18T10:45:30.194Z
AGNCP,AGNC Investment Corp.,NASDAQ,nasdaq_trader,2026-09-18T10:45:30.194Z,2026-09-18T10:45:30.194Z
AGNCZ,AGNC Investment Corp.,NASDAQ,nasdaq_trader,2026-09-18T10:45:30.194Z,2026-09-18T10:45:30.194Z
AGNT,"AGNT, Inc.",NASDAQ,nasdaq_trader,2026-09-18T10:45:30.194Z,2026-09-18T10:45:30.194Z
AGO,Assured Guaranty Ltd.,NYSE,nasdaq_trader,2026-09-18T10:45:30.194Z,2026-09-18T10:45:30.194Z
AGPU,Axe Compute Inc.,NASDAQ,nasdaq_trader,2026-09-18T10:45:30.194Z,2026-09-18T10:45:30.194Z
AGRO,Adecoagro S.A. Common Shares,NYSE,nasdaq_trader,2026-09-18T10:45:30.194Z,2026-09-18T10:45:30.194Z
AGRZ,Agroz Inc.,NASDAQ,nasdaq_trader,2026-09-18T10:45:30.194Z,2026-09-18T10:45:30.194Z
AGTFF,AGT Food and Ingredients Inc.,OTC,excel_import,2026-09-18T09:57:12.863Z,2026-09-22T07:18:58.903Z
AGX,"Argan, Inc.",NYSE,nasdaq_trader,2026-09-18T10:45:30.194Z,2026-09-18T10:45:30.194Z
AGYS,"Agilysys, Inc.",NASDAQ,nasdaq_trader,2026-09-18T10:45:30.194Z,2026-09-18T10:45:30.194Z
AHCO,AdaptHealth Corp.,NASDAQ,nasdaq_trader,2026-09-18T10:45:30.194Z,2026-09-18T10:45:30.194Z
AHFCF,Flow Capital Corp.,OTC,excel_import,2026-09-18T09:57:12.863Z,2026-09-18T09:57:12.863Z
AHG,Akso Health Group,NASDAQ,nasdaq_trader,2026-09-18T10:45:30.194Z,2026-09-18T10:45:30.194Z
AHMA,Ambitions Enterprise Management Co. L.L.C,NASDAQ,nasdaq_trader,2026-09-18T10:45:30.194Z,2026-09-18T10:45:30.194Z
AHR,"American Healthcare REIT, Inc.",NYSE,nasdaq_trader,2026-09-18T10:45:30.194Z,2026-09-18T10:45:30.194Z
AHRT,AH REALTY TRUST INC,NYSE,excel_import,2026-09-18T09:57:12.863Z,2026-09-18T09:57:12.863Z
AHT,Ashford Hospitality Trust Inc,NYSE,nasdaq_trader,2026-09-18T10:45:30.194Z,2026-09-18T10:45:30.194Z
AI,"C3.ai, Inc.",NYSE,nasdaq_trader,2026-09-18T10:45:30.194Z,2026-09-18T10:45:30.194Z
AIAI,AIAI Holdings Corporation,NASDAQ,nasdaq_trader,2026-09-18T10:45:30.194Z,2026-09-18T10:45:30.194Z
AIB,AIB Data Centers Inc.,AMEX,nasdaq_trader,2026-09-18T10:45:30.194Z,2026-09-18T10:45:30.194Z
AIBZ,Bitzero Holdings Inc.,NASDAQ,nasdaq_trader,2026-09-18T10:45:30.194Z,2026-09-18T10:45:30.194Z
AIDX,"20/20 BioLabs, Inc.",NASDAQ,excel_import,2026-09-18T09:57:12.863Z,2026-09-18T09:57:12.863Z
AIFA,"All In FutureTech Alliance, Inc.",NASDAQ,nasdaq_trader,2026-09-18T10:45:30.194Z,2026-09-18T10:45:30.194Z
AIFC,AI Financial Corporation,NASDAQ,nasdaq_trader,2026-09-18T10:45:30.194Z,2026-09-18T10:45:30.194Z
AIFF,"Firefly Neuroscience, Inc.",NASDAQ,nasdaq_trader,2026-09-18T10:45:30.194Z,2026-09-18T10:45:30.194Z
AIFU,AIFU Inc.,NASDAQ,nasdaq_trader,2026-09-18T10:45:30.194Z,2026-09-18T10:45:30.194Z
AIG,"American International Group, Inc.",NYSE,nasdaq_trader,2026-09-18T10:45:30.194Z,2026-09-22T07:18:59.097Z
AII,"American Integrity Insurance Group, Inc.",NYSE,excel_import,2026-09-18T09:57:12.863Z,2026-09-18T09:57:12.863Z
AIIA,AI Infrastructure Acquisition Corp.,NYSE,nasdaq_trader,2026-09-18T10:45:30.194Z,2026-09-18T10:45:30.194Z
AIIA.R,AI Infrastructure Acquisition Corp.,NYSE,nasdaq_trader,2026-09-18T10:45:30.194Z,2026-09-18T10:45:30.194Z
AIIA.U,AI Infrastructure Acquisition Corp.,NYSE,nasdaq_trader,2026-09-18T10:45:30.194Z,2026-09-18T10:45:30.194Z
AIIO,Robo.ai Inc.,NASDAQ,nasdaq_trader,2026-09-18T10:45:30.194Z,2026-09-18T10:45:30.194Z
AIIOW,Robo.ai Inc.,NASDAQ,nasdaq_trader,2026-09-18T10:45:30.194Z,2026-09-18T10:45:30.194Z
AIIR,AIR Global PLC,NASDAQ,excel_import,2026-09-18T09:57:12.863Z,2026-09-18T09:57:12.863Z
AILQF,AirIQ Inc.,OTC,excel_import,2026-09-18T09:57:12.863Z,2026-09-18T09:57:12.863Z
AIM,AIM ImmunoTech Inc.,AMEX,nasdaq_trader,2026-09-18T10:45:30.194Z,2026-09-18T10:45:30.194Z
AIMD,"Ainos, Inc.",NASDAQ,nasdaq_trader,2026-09-18T10:45:30.194Z,2026-09-18T10:45:30.194Z
AIMDW,"Ainos, Inc.",NASDAQ,nasdaq_trader,2026-09-18T10:45:30.194Z,2026-09-18T10:45:30.194Z
AIN,Albany International Corporation,NYSE,nasdaq_trader,2026-09-18T10:45:30.194Z,2026-09-18T10:45:30.194Z
AIO,Virtus Artificial Intelligence & Technology Opportunities Fund,NYSE,nasdaq_trader,2026-09-18T10:45:30.194Z,2026-09-18T10:45:30.194Z
AIOS,AIOS Tech Inc.,NASDAQ,nasdaq_trader,2026-09-18T10:45:30.194Z,2026-09-18T10:45:30.194Z
AIOT,"PowerFleet, Inc.",NASDAQ,nasdaq_trader,2026-09-18T10:45:30.194Z,2026-09-18T10:45:30.194Z
AIP,"Arteris, Inc.",NASDAQ,nasdaq_trader,2026-09-18T10:45:30.194Z,2026-09-18T10:45:30.194Z
AIR,AAR Corp.,NYSE,nasdaq_trader,2026-09-18T10:45:30.194Z,2026-09-18T10:45:30.194Z
AIRE,reAlpha Tech Corp.,NASDAQ,nasdaq_trader,2026-09-18T10:45:30.194Z,2026-09-18T10:45:30.194Z
AIRG,"Airgain, Inc.",NASDAQ,nasdaq_trader,2026-09-18T10:45:30.194Z,2026-09-18T10:45:30.194Z
AIRI,Air Industries Group,AMEX,nasdaq_trader,2026-09-18T10:45:30.194Z,2026-09-18T10:45:30.194Z
AIRJ,AirJoule Technologies Corporation,NASDAQ,excel_import,2026-09-18T09:57:12.863Z,2026-09-18T09:57:12.863Z
AIRJW,AirJoule Technologies Corporation,NASDAQ,nasdaq_trader,2026-09-18T10:45:30.194Z,2026-09-18T10:45:30.194Z
AIRO,"AIRO Group Holdings, Inc.",NASDAQ,nasdaq_trader,2026-09-18T10:45:30.194Z,2026-09-18T10:45:30.194Z
AIRS,"AirSculpt Technologies, Inc.",NASDAQ,nasdaq_trader,2026-09-18T10:45:30.194Z,2026-09-18T10:45:30.194Z
AIRT,"Air T, Inc.",NASDAQ,nasdaq_trader,2026-09-18T10:45:30.194Z,2026-09-18T10:45:30.194Z
AIRTP,"Air T, Inc.",NASDAQ,nasdaq_trader,2026-09-18T10:45:30.194Z,2026-09-18T10:45:30.194Z
AISP,"Airship AI Holdings, Inc",NASDAQ,nasdaq_trader,2026-09-18T10:45:30.194Z,2026-09-18T10:45:30.194Z
AISPW,"Airship AI Holdings, Inc",NASDAQ,nasdaq_trader,2026-09-18T10:45:30.194Z,2026-09-18T10:45:30.194Z
AIT,"Applied Industrial Technologies, Inc.",NYSE,nasdaq_trader,2026-09-18T10:45:30.194Z,2026-09-18T10:45:30.194Z
AIV,Apartment Investment and Management Company,NYSE,nasdaq_trader,2026-09-18T10:45:30.194Z,2026-09-18T10:45:30.194Z
AIXC,"AIxCrypto Holdings, Inc.",NASDAQ,nasdaq_trader,2026-09-18T10:45:30.194Z,2026-09-18T10:45:30.194Z
AIXI,XIAO-I Corporation,NASDAQ,nasdaq_trader,2026-09-18T10:45:30.194Z,2026-09-18T10:45:30.194Z
AIZ,"Assurant, Inc.",NYSE,nasdaq_trader,2026-09-18T10:45:30.194Z,2026-09-18T10:45:30.194Z
AIZN,"Assurant, Inc. 5.25% Subordinat",NYSE,nasdaq_trader,2026-09-18T10:45:30.194Z,2026-09-22T07:18:59.098Z
AJG,Arthur J. Gallagher & Co.,NYSE,nasdaq_trader,2026-09-18T10:45:30.194Z,2026-09-18T10:45:30.194Z
AKA,a.k.a. Brands Holding Corp.,NYSE,nasdaq_trader,2026-09-18T10:45:30.194Z,2026-09-18T10:45:30.194Z
AKAM,"Akamai Technologies, Inc.",NASDAQ,nasdaq_trader,2026-09-18T10:45:30.194Z,2026-09-18T10:45:30.194Z
AKAN,Akanda Corp.,NASDAQ,nasdaq_trader,2026-09-18T10:45:30.194Z,2026-09-18T10:45:30.194Z
AKBA,"Akebia Therapeutics, Inc.",NASDAQ,nasdaq_trader,2026-09-18T10:45:30.194Z,2026-09-18T10:45:30.194Z
AKO.A,Embotelladora Andina S.A.,NYSE,nasdaq_trader,2026-09-18T10:45:30.194Z,2026-09-18T10:45:30.194Z
AKO.B,Embotelladora Andina S.A.,NYSE,nasdaq_trader,2026-09-18T10:45:30.194Z,2026-09-18T10:45:30.194Z
AKR,Acadia Realty Trust,NYSE,nasdaq_trader,2026-09-18T10:45:30.194Z,2026-09-18T10:45:30.194Z
AKTS,"Aktis Oncology, Inc.",NASDAQ,nasdaq_trader,2026-09-18T10:45:30.194Z,2026-09-18T10:45:30.194Z
AKTX,Akari Therapeutics Plc,NASDAQ,nasdaq_trader,2026-09-18T10:45:30.194Z,2026-09-18T10:45:30.194Z
ALAB,"Astera Labs, Inc.",NASDAQ,nasdaq_trader,2026-09-18T10:45:30.194Z,2026-09-18T10:45:30.194Z
ALAR,Alarum Technologies Ltd.,NASDAQ,nasdaq_trader,2026-09-18T10:45:30.194Z,2026-09-18T10:45:30.194Z
ALB,Albemarle Corporation,NYSE,nasdaq_trader,2026-09-18T10:45:30.194Z,2026-09-18T10:45:30.194Z
ALC,Alcon Inc.,NYSE,nasdaq_trader,2026-09-18T10:45:30.194Z,2026-09-18T10:45:30.194Z
ALCO,"Alico, Inc.",NASDAQ,nasdaq_trader,2026-09-18T10:45:30.194Z,2026-09-18T10:45:30.194Z
ALDF,Aldel Financial II Inc.,NASDAQ,nasdaq_trader,2026-09-18T10:45:30.194Z,2026-09-18T10:45:30.194Z
ALDFU,Aldel Financial II Inc.,NASDAQ,nasdaq_trader,2026-09-18T10:45:30.194Z,2026-09-18T10:45:30.194Z
ALDFW,Aldel Financial II Inc.,NASDAQ,nasdaq_trader,2026-09-18T10:45:30.194Z,2026-09-18T10:45:30.194Z
ALDX,"Aldeyra Therapeutics, Inc.",NASDAQ,nasdaq_trader,2026-09-18T10:45:30.194Z,2026-09-18T10:45:30.194Z
ALEC,"Alector, Inc.",NASDAQ,nasdaq_trader,2026-09-18T10:45:30.194Z,2026-09-18T10:45:30.194Z
ALF,Centurion Acquisition Corp.,NASDAQ,nasdaq_trader,2026-09-18T10:45:30.194Z,2026-09-18T10:45:30.194Z
ALFUU,Centurion Acquisition Corp.,NASDAQ,nasdaq_trader,2026-09-18T10:45:30.194Z,2026-09-18T10:45:30.194Z
ALFUW,Centurion Acquisition Corp.,NASDAQ,nasdaq_trader,2026-09-18T10:45:30.194Z,2026-09-18T10:45:30.194Z
ALG,"Alamo Group, Inc.",NYSE,nasdaq_trader,2026-09-18T10:45:30.194Z,2026-09-18T10:45:30.194Z
ALGM,"Allegro MicroSystems, Inc.",NASDAQ,nasdaq_trader,2026-09-18T10:45:30.194Z,2026-09-18T10:45:30.194Z
ALGN,"Align Technology, Inc.",NASDAQ,nasdaq_trader,2026-09-18T10:45:30.194Z,2026-09-18T10:45:30.194Z
ALGS,"Aligos Therapeutics, Inc.",NASDAQ,nasdaq_trader,2026-09-18T10:45:30.194Z,2026-09-18T10:45:30.194Z
ALGT,Allegiant Travel Company,NASDAQ,nasdaq_trader,2026-09-18T10:45:30.194Z,2026-09-18T10:45:30.194Z
ALH,Alliance Laundry Holdings Inc.,NYSE,nasdaq_trader,2026-09-18T10:45:30.194Z,2026-09-18T10:45:30.194Z
ALHC,"Alignment Healthcare, Inc.",NASDAQ,nasdaq_trader,2026-09-18T10:45:30.194Z,2026-09-18T10:45:30.194Z
ALIS,Calisa Acquisition Corp,NASDAQ,nasdaq_trader,2026-09-18T10:45:30.194Z,2026-09-18T10:45:30.194Z
ALISR,Calisa Acquisition Corp,NASDAQ,nasdaq_trader,2026-09-18T10:45:30.194Z,2026-09-18T10:45:30.194Z
ALISU,Calisa Acquisition Corp,NASDAQ,nasdaq_trader,2026-09-18T10:45:30.194Z,2026-09-18T10:45:30.194Z
ALIT,"Alight, Inc.",NYSE,nasdaq_trader,2026-09-18T10:45:30.194Z,2026-09-18T10:45:30.194Z
ALK,"Alaska Air Group, Inc.",NYSE,nasdaq_trader,2026-09-18T10:45:30.194Z,2026-09-18T10:45:30.194Z
ALKS,Alkermes plc,NASDAQ,nasdaq_trader,2026-09-18T10:45:30.194Z,2026-09-18T10:45:30.194Z
ALKT,"Alkami Technology, Inc.",NASDAQ,nasdaq_trader,2026-09-18T10:45:30.194Z,2026-09-18T10:45:30.194Z
ALL,Allstate Corporation (The),NYSE,nasdaq_trader,2026-09-18T10:45:30.194Z,2026-09-18T10:45:30.194Z
ALLE,Allegion plc,NYSE,nasdaq_trader,2026-09-18T10:45:30.194Z,2026-09-18T10:45:30.194Z
ALLO,"Allogene Therapeutics, Inc.",NASDAQ,nasdaq_trader,2026-09-18T10:45:30.194Z,2026-09-18T10:45:30.194Z
ALLR,"Allarity Therapeutics, Inc.",NASDAQ,nasdaq_trader,2026-09-18T10:45:30.194Z,2026-09-18T10:45:30.194Z
ALLT,Allot Ltd.,NASDAQ,nasdaq_trader,2026-09-18T10:45:30.194Z,2026-09-18T10:45:30.194Z
ALLY,Ally Financial Inc.,NYSE,nasdaq_trader,2026-09-18T10:45:30.194Z,2026-09-18T10:45:30.194Z
ALM,Almonty Industries Inc.,NASDAQ,nasdaq_trader,2026-09-18T10:45:30.194Z,2026-09-18T10:45:30.194Z
ALMR,"Alamar Biosciences, Inc.",NASDAQ,nasdaq_trader,2026-09-18T10:45:30.194Z,2026-09-18T10:45:30.194Z
ALMS,Alumis Inc.,NASDAQ,nasdaq_trader,2026-09-18T10:45:30.194Z,2026-09-18T10:45:30.194Z
ALMU,"Aeluma, Inc.",NASDAQ,nasdaq_trader,2026-09-18T10:45:30.194Z,2026-09-18T10:45:30.194Z
ALNT,Allient Inc.,NASDAQ,nasdaq_trader,2026-09-18T10:45:30.194Z,2026-09-18T10:45:30.194Z
ALNY,"Alnylam Pharmaceuticals, Inc.",NASDAQ,nasdaq_trader,2026-09-18T10:45:30.194Z,2026-09-18T10:45:30.194Z
ALOV,"Aldabra 4 Liquidity Opportunity Vehicle, Inc.",NASDAQ,nasdaq_trader,2026-09-18T10:45:30.194Z,2026-09-18T10:45:30.194Z
ALOVU,"Aldabra 4 Liquidity Opportunity Vehicle, Inc.",NASDAQ,nasdaq_trader,2026-09-18T10:45:30.194Z,2026-09-18T10:45:30.194Z
ALOVW,"Aldabra 4 Liquidity Opportunity Vehicle, Inc.",NASDAQ,nasdaq_trader,2026-09-18T10:45:30.194Z,2026-09-18T10:45:30.194Z
ALOY,REalloys Inc.,NASDAQ,excel_import,2026-09-18T09:57:12.863Z,2026-09-18T09:57:12.863Z
ALP,Alpha Compute Corp,NASDAQ,nasdaq_trader,2026-09-18T10:45:30.194Z,2026-09-18T10:45:30.194Z
ALPS,ALPS Group Inc,NASDAQ,nasdaq_trader,2026-09-18T10:45:30.194Z,2026-09-18T10:45:30.194Z
ALPX,Alpex Acquisition Corporation,NASDAQ,nasdaq_trader,2026-09-18T10:45:30.194Z,2026-09-18T10:45:30.194Z
ALPXR,Alpex Acquisition Corporation,NASDAQ,nasdaq_trader,2026-09-18T10:45:30.194Z,2026-09-18T10:45:30.194Z
ALPXU,Alpex Acquisition Corporation,NASDAQ,nasdaq_trader,2026-09-18T10:45:30.194Z,2026-09-18T10:45:30.194Z
ALPXW,Alpex Acquisition Corporation,NASDAQ,nasdaq_trader,2026-09-18T10:45:30.194Z,2026-09-18T10:45:30.194Z
ALRM,"Alarm.com Holdings, Inc.",NASDAQ,nasdaq_trader,2026-09-18T10:45:30.194Z,2026-09-18T10:45:30.194Z
ALRS,Alerus Financial Corporation,NASDAQ,nasdaq_trader,2026-09-18T10:45:30.194Z,2026-09-18T10:45:30.194Z
ALSN,"Allison Transmission Holdings, Inc.",NYSE,nasdaq_trader,2026-09-18T10:45:30.194Z,2026-09-18T10:45:30.194Z
ALT,"Altimmune, Inc.",NASDAQ,nasdaq_trader,2026-09-18T10:45:30.194Z,2026-09-18T10:45:30.194Z
ALTG,Alta Equipment Group Inc.,NYSE,nasdaq_trader,2026-09-18T10:45:30.194Z,2026-09-18T10:45:30.194Z
ALTI,"AlTi Global, Inc.",NASDAQ,nasdaq_trader,2026-09-18T10:45:30.194Z,2026-09-18T10:45:30.194Z
ALTO,"Alto Ingredients, Inc.",NASDAQ,nasdaq_trader,2026-09-18T10:45:30.194Z,2026-09-18T10:45:30.194Z
ALUB,Alussa Energy Acquisition Corp. II,NYSE,nasdaq_trader,2026-09-18T10:45:30.194Z,2026-09-18T10:45:30.194Z
ALUB.U,Alussa Energy Acquisition Corp. II,NYSE,nasdaq_trader,2026-09-18T10:45:30.194Z,2026-09-18T10:45:30.194Z
ALUB.W,Alussa Energy Acquisition Corp. II,NYSE,nasdaq_trader,2026-09-18T10:45:30.194Z,2026-09-18T10:45:30.194Z
ALV,"Autoliv, Inc.",NYSE,nasdaq_trader,2026-09-18T10:45:30.194Z,2026-09-18T10:45:30.194Z
ALVO,Alvotech,NASDAQ,nasdaq_trader,2026-09-18T10:45:30.194Z,2026-09-18T10:45:30.194Z
ALVOW,Alvotech,NASDAQ,nasdaq_trader,2026-09-18T10:45:30.194Z,2026-09-18T10:45:30.194Z
ALX,"Alexander's, Inc.",NYSE,nasdaq_trader,2026-09-18T10:45:30.194Z,2026-09-18T10:45:30.194Z
ALXO,ALX Oncology Holdings Inc.,NASDAQ,nasdaq_trader,2026-09-18T10:45:30.194Z,2026-09-18T10:45:30.194Z
ALXXF,Avante Corp.,OTC,excel_import,2026-09-18T09:57:12.863Z,2026-09-18T09:57:12.863Z
ALYI,MBAK Energy Solutions Inc.,OTC,excel_import,2026-09-18T09:57:12.863Z,2026-09-18T09:57:12.863Z
ALZN,"Alzamend Neuro, Inc.",NASDAQ,nasdaq_trader,2026-09-18T10:45:30.194Z,2026-09-18T10:45:30.194Z
AM,Antero Midstream Corporation,NYSE,nasdaq_trader,2026-09-18T10:45:30.194Z,2026-09-18T10:45:30.194Z
AMAC,AMR Resources Acquisition Corp,NASDAQ,nasdaq_trader,2026-09-18T10:45:30.194Z,2026-09-18T10:45:30.194Z
AMACU,AMR Resources Acquisition Corp,NASDAQ,nasdaq_trader,2026-09-18T10:45:30.194Z,2026-09-18T10:45:30.194Z
AMACW,AMR Resources Acquisition Corp,NASDAQ,nasdaq_trader,2026-09-18T10:45:30.194Z,2026-09-18T10:45:30.194Z
AMAL,Amalgamated Financial Corp.,NASDAQ,nasdaq_trader,2026-09-18T10:45:30.194Z,2026-09-18T10:45:30.194Z
AMAN,Amanat Acquisition Corp,NASDAQ,nasdaq_trader,2026-09-18T10:45:30.194Z,2026-09-18T10:45:30.194Z
AMAT,"Applied Materials, Inc.",NASDAQ,nasdaq_trader,2026-09-18T10:45:30.194Z,2026-09-18T10:45:30.194Z
AMBA,"Ambarella, Inc.",NASDAQ,nasdaq_trader,2026-09-18T10:45:30.194Z,2026-09-18T10:45:30.194Z
AMBO,Ambow Education Holding Ltd.,AMEX,nasdaq_trader,2026-09-18T10:45:30.194Z,2026-09-22T07:18:59.100Z
AMBP,Ardagh Metal Packaging S.A.,NYSE,nasdaq_trader,2026-09-18T10:45:30.194Z,2026-09-18T10:45:30.194Z
AMBQ,"Ambiq Micro, Inc.",NYSE,nasdaq_trader,2026-09-18T10:45:30.194Z,2026-09-18T10:45:30.194Z
AMBR,Amber International Holding Limited,NASDAQ,nasdaq_trader,2026-09-18T10:45:30.194Z,2026-09-18T10:45:30.194Z
AMC,"AMC Entertainment Holdings, Inc.",NYSE,nasdaq_trader,2026-09-18T10:45:30.194Z,2026-09-18T10:45:30.194Z
AMCI,AMC Robotics Corporation,NASDAQ,nasdaq_trader,2026-09-18T10:45:30.194Z,2026-09-18T10:45:30.194Z
AMCR,Amcor plc,NYSE,nasdaq_trader,2026-09-18T10:45:30.194Z,2026-09-18T10:45:30.194Z
AMCX,AMC Global Media Inc.,NASDAQ,nasdaq_trader,2026-09-18T10:45:30.194Z,2026-09-18T10:45:30.194Z
AMD,"Advanced Micro Devices, Inc.",NASDAQ,nasdaq_trader,2026-09-18T10:45:30.194Z,2026-09-18T10:45:30.194Z
AME,"AMETEK, Inc.",NYSE,nasdaq_trader,2026-09-18T10:45:30.194Z,2026-09-18T10:45:30.194Z
AMFN,American Fusion Inc.,OTC,excel_import,2026-09-18T09:57:12.863Z,2026-09-18T09:57:12.863Z
AMG,"Affiliated Managers Group, Inc.",NYSE,nasdaq_trader,2026-09-18T10:45:30.194Z,2026-09-18T10:45:30.194Z
AMGN,Amgen Inc.,NASDAQ,nasdaq_trader,2026-09-18T10:45:30.194Z,2026-09-18T10:45:30.194Z
AMH,American Homes 4 Rent,NYSE,nasdaq_trader,2026-09-18T10:45:30.194Z,2026-09-18T10:45:30.194Z
AMIX,"Autonomix Medical, Inc.",NASDAQ,nasdaq_trader,2026-09-18T10:45:30.194Z,2026-09-18T10:45:30.194Z
AMKR,"Amkor Technology, Inc.",NASDAQ,nasdaq_trader,2026-09-18T10:45:30.194Z,2026-09-18T10:45:30.194Z
AMLIF,American Lithium Corp.,OTC,excel_import,2026-09-18T09:57:12.863Z,2026-09-18T09:57:12.863Z
AMLX,"Amylyx Pharmaceuticals, Inc.",NASDAQ,nasdaq_trader,2026-09-18T10:45:30.194Z,2026-09-18T10:45:30.194Z
AMN,AMN Healthcare Services Inc,NYSE,nasdaq_trader,2026-09-18T10:45:30.194Z,2026-09-18T10:45:30.194Z
AMOD,"Alpha Modus Holdings, Inc.",NASDAQ,nasdaq_trader,2026-09-18T10:45:30.194Z,2026-09-18T10:45:30.194Z
AMODW,"Alpha Modus Holdings, Inc.",NASDAQ,nasdaq_trader,2026-09-18T10:45:30.194Z,2026-09-18T10:45:30.194Z
AMP,"Ameriprise Financial, Inc.",NYSE,nasdaq_trader,2026-09-18T10:45:30.194Z,2026-09-18T10:45:30.194Z
AMPG,"Amplitech Group, Inc.",NASDAQ,nasdaq_trader,2026-09-18T10:45:30.194Z,2026-09-18T10:45:30.194Z
AMPGZ,"Amplitech Group, Inc.",NASDAQ,nasdaq_trader,2026-09-18T10:45:30.194Z,2026-09-18T10:45:30.194Z
AMPH,"Amphastar Pharmaceuticals, Inc.",NASDAQ,nasdaq_trader,2026-09-18T10:45:30.194Z,2026-09-18T10:45:30.194Z
AMPL,"Amplitude, Inc.",NASDAQ,nasdaq_trader,2026-09-18T10:45:30.194Z,2026-09-18T10:45:30.194Z
AMPX,"Amprius Technologies, Inc.",NYSE,nasdaq_trader,2026-09-18T10:45:30.194Z,2026-09-18T10:45:30.194Z
AMPX.W,"Amprius Technologies, Inc.",NYSE,nasdaq_trader,2026-09-18T10:45:30.194Z,2026-09-18T10:45:30.194Z
AMPY,Amplify Energy Corp.,NYSE,nasdaq_trader,2026-09-18T10:45:30.194Z,2026-09-18T10:45:30.194Z
AMR,"Alpha Metallurgical Resources, Inc.",NYSE,nasdaq_trader,2026-09-18T10:45:30.194Z,2026-09-18T10:45:30.194Z
AMRC,"Ameresco, Inc.",NYSE,nasdaq_trader,2026-09-18T10:45:30.194Z,2026-09-18T10:45:30.194Z
AMRN,Amarin Corporation plc,NASDAQ,nasdaq_trader,2026-09-18T10:45:30.194Z,2026-09-18T10:45:30.194Z
AMRX,"Amneal Pharmaceuticals, Inc.",NASDAQ,nasdaq_trader,2026-09-18T10:45:30.194Z,2026-09-18T10:45:30.194Z
AMRZ,Amrize Ltd,NYSE,nasdaq_trader,2026-09-18T10:45:30.194Z,2026-09-18T10:45:30.194Z
AMS,American Shared Hospital Services,AMEX,nasdaq_trader,2026-09-18T10:45:30.194Z,2026-09-18T10:45:30.194Z
AMSC,American Superconductor Corporation,NASDAQ,nasdaq_trader,2026-09-18T10:45:30.194Z,2026-09-18T10:45:30.194Z
AMSF,"AMERISAFE, Inc.",NASDAQ,nasdaq_trader,2026-09-18T10:45:30.194Z,2026-09-18T10:45:30.194Z
AMSS,AMASS Brands Inc.,NASDAQ,nasdaq_trader,2026-09-18T10:45:30.194Z,2026-09-18T10:45:30.194Z
AMST,Amesite Inc.,NASDAQ,nasdaq_trader,2026-09-18T10:45:30.194Z,2026-09-18T10:45:30.194Z
AMT,American Tower Corporation,NYSE,nasdaq_trader,2026-09-18T10:45:30.194Z,2026-09-22T07:18:59.101Z
AMTB,Amerant Bancorp Inc.,NYSE,nasdaq_trader,2026-09-18T10:45:30.194Z,2026-09-18T10:45:30.194Z
AMTD,AMTD IDEA Group,NYSE,nasdaq_trader,2026-09-18T10:45:30.194Z,2026-09-18T10:45:30.194Z
AMTFF,AmeriTrust Financial Technologies Inc.,OTC,excel_import,2026-09-18T09:57:12.863Z,2026-09-18T09:57:12.863Z
AMTM,"Amentum Holdings, Inc.",NYSE,nasdaq_trader,2026-09-18T10:45:30.194Z,2026-09-18T10:45:30.194Z
AMTX,"Aemetis, Inc",NASDAQ,nasdaq_trader,2026-09-18T10:45:30.194Z,2026-09-18T10:45:30.194Z
AMWL,American Well Corporation,NYSE,nasdaq_trader,2026-09-18T10:45:30.194Z,2026-09-18T10:45:30.194Z
AMX,"América Móvil, S.A.B. de C.V.",NYSE,nasdaq_trader,2026-09-18T10:45:30.194Z,2026-09-22T07:18:59.103Z
AMZE,"Amaze Holdings, Inc.",AMEX,nasdaq_trader,2026-09-18T10:45:30.194Z,2026-09-18T10:45:30.194Z
AMZN,"Amazon.com, Inc.",NASDAQ,nasdaq_trader,2026-09-18T10:45:30.194Z,2026-09-18T10:45:30.194Z
AN,"AutoNation, Inc.",NYSE,nasdaq_trader,2026-09-18T10:45:30.194Z,2026-09-18T10:45:30.194Z
ANAB,"AnaptysBio, Inc.",NASDAQ,nasdaq_trader,2026-09-18T10:45:30.194Z,2026-09-18T10:45:30.194Z
ANDE,"The Andersons, Inc.",NASDAQ,nasdaq_trader,2026-09-18T10:45:30.194Z,2026-09-18T10:45:30.194Z
ANDG,Andersen Group Inc.,NYSE,nasdaq_trader,2026-09-18T10:45:30.194Z,2026-09-18T10:45:30.194Z
ANET,"Arista Networks, Inc.",NYSE,nasdaq_trader,2026-09-18T10:45:30.194Z,2026-09-18T10:45:30.194Z
ANF,Abercrombie & Fitch Company,NYSE,nasdaq_trader,2026-09-18T10:45:30.194Z,2026-09-18T10:45:30.194Z
ANGH,Anghami Inc.,NASDAQ,nasdaq_trader,2026-09-18T10:45:30.194Z,2026-09-18T10:45:30.194Z
ANGHW,Anghami Inc.,NASDAQ,nasdaq_trader,2026-09-18T10:45:30.194Z,2026-09-18T10:45:30.194Z
ANGI,Angi Inc.,NASDAQ,nasdaq_trader,2026-09-18T10:45:30.194Z,2026-09-18T10:45:30.194Z
ANGO,"AngioDynamics, Inc.",NASDAQ,nasdaq_trader,2026-09-18T10:45:30.194Z,2026-09-18T10:45:30.194Z
ANGX,"Angel Studios, Inc.",NYSE,excel_import,2026-09-18T09:57:12.863Z,2026-09-18T09:57:12.863Z
ANIK,Anika Therapeutics Inc.,NASDAQ,nasdaq_trader,2026-09-18T10:45:30.194Z,2026-09-18T10:45:30.194Z
ANIP,"ANI Pharmaceuticals, Inc.",NASDAQ,nasdaq_trader,2026-09-18T10:45:30.194Z,2026-09-18T10:45:30.194Z
ANIX,"Anixa Biosciences, Inc.",NASDAQ,nasdaq_trader,2026-09-18T10:45:30.194Z,2026-09-18T10:45:30.194Z
ANL,Adlai Nortye Group Ltd.,NASDAQ,nasdaq_trader,2026-09-18T10:45:30.194Z,2026-09-18T10:45:30.194Z
ANNA,"AleAnna, Inc.",NASDAQ,nasdaq_trader,2026-09-18T10:45:30.194Z,2026-09-18T10:45:30.194Z
ANNAW,"AleAnna, Inc.",NASDAQ,nasdaq_trader,2026-09-18T10:45:30.194Z,2026-09-18T10:45:30.194Z
ANNX,"Annexon, Inc.",NASDAQ,nasdaq_trader,2026-09-18T10:45:30.194Z,2026-09-18T10:45:30.194Z
ANPA,Rich Sparkle Holdings Limited,NASDAQ,nasdaq_trader,2026-09-18T10:45:30.194Z,2026-09-18T10:45:30.194Z
ANPCF,CelLBxHealth plc,OTC,excel_import,2026-09-18T09:57:12.863Z,2026-09-18T09:57:12.863Z
ANRO,"Alto Neuroscience, Inc.",NYSE,nasdaq_trader,2026-09-18T10:45:30.194Z,2026-09-18T10:45:30.194Z
ANTA,Antalpha Platform Holding Compa,NASDAQ,nasdaq_trader,2026-09-18T10:45:30.194Z,2026-09-22T07:18:58.926Z
ANTX,"AN2 Therapeutics, Inc.",NASDAQ,nasdaq_trader,2026-09-18T10:45:30.194Z,2026-09-18T10:45:30.194Z
ANVS,"Annovis Bio, Inc.",NYSE,nasdaq_trader,2026-09-18T10:45:30.194Z,2026-09-18T10:45:30.194Z
AOD,abrdn Total Dynamic Dividend Fund,NYSE,nasdaq_trader,2026-09-18T10:45:30.194Z,2026-09-18T10:45:30.194Z
AOMD,"Angel Oak Mortgage REIT, Inc. 9",NYSE,nasdaq_trader,2026-09-18T10:45:30.194Z,2026-09-22T07:18:59.104Z
AOMN,"Angel Oak Mortgage REIT, Inc. 9",NYSE,nasdaq_trader,2026-09-18T10:45:30.194Z,2026-09-22T07:18:59.106Z
AOMR,"Angel Oak Mortgage REIT, Inc.",NYSE,nasdaq_trader,2026-09-18T10:45:30.194Z,2026-09-18T10:45:30.194Z
AON,Aon plc,NYSE,nasdaq_trader,2026-09-18T10:45:30.194Z,2026-09-22T07:18:59.108Z
AOREF,American Overseas Group Limited,OTC,excel_import,2026-09-18T09:57:12.863Z,2026-09-18T09:57:12.863Z
AORT,"Artivion, Inc.",NYSE,nasdaq_trader,2026-09-18T10:45:30.194Z,2026-09-18T10:45:30.194Z
AOS,A.O. Smith Corporation,NYSE,nasdaq_trader,2026-09-18T10:45:30.194Z,2026-09-18T10:45:30.194Z
AOSL,Alpha and Omega Semiconductor Limited,NASDAQ,nasdaq_trader,2026-09-18T10:45:30.194Z,2026-09-18T10:45:30.194Z
AOUT,"American Outdoor Brands, Inc.",NASDAQ,nasdaq_trader,2026-09-18T10:45:30.194Z,2026-09-18T10:45:30.194Z
AP,Ampco-Pittsburgh Corporation,NYSE,nasdaq_trader,2026-09-18T10:45:30.194Z,2026-09-18T10:45:30.194Z
APA,APA Corporation,NASDAQ,nasdaq_trader,2026-09-18T10:45:30.194Z,2026-09-18T10:45:30.194Z
APAC,StoneBridge Acquisition II Corporation,NASDAQ,nasdaq_trader,2026-09-18T10:45:30.194Z,2026-09-18T10:45:30.194Z
APACR,StoneBridge Acquisition II Corporation,NASDAQ,nasdaq_trader,2026-09-18T10:45:30.194Z,2026-09-18T10:45:30.194Z
APACU,StoneBridge Acquisition II Corporation,NASDAQ,nasdaq_trader,2026-09-18T10:45:30.194Z,2026-09-18T10:45:30.194Z
APAM,Artisan Partners Asset Management Inc.,NYSE,nasdaq_trader,2026-09-18T10:45:30.194Z,2026-09-18T10:45:30.194Z
APC,ARKO Petroleum Corp.,NASDAQ,nasdaq_trader,2026-09-18T10:45:30.194Z,2026-09-18T10:45:30.194Z
APD,"Air Products and Chemicals, Inc.",NYSE,nasdaq_trader,2026-09-18T10:45:30.194Z,2026-09-18T10:45:30.194Z
APEI,"American Public Education, Inc.",NASDAQ,nasdaq_trader,2026-09-18T10:45:30.194Z,2026-09-18T10:45:30.194Z
APG,APi Group Corporation,NYSE,nasdaq_trader,2026-09-18T10:45:30.194Z,2026-09-18T10:45:30.194Z
APH,Amphenol Corporation,NYSE,nasdaq_trader,2026-09-18T10:45:30.194Z,2026-09-18T10:45:30.194Z
API,"Agora, Inc.",NASDAQ,nasdaq_trader,2026-09-18T10:45:30.194Z,2026-09-18T10:45:30.194Z
APLD,Applied Digital Corporation,NASDAQ,nasdaq_trader,2026-09-18T10:45:30.194Z,2026-09-18T10:45:30.194Z
APLE,"Apple Hospitality REIT, Inc. Common Shares",NYSE,nasdaq_trader,2026-09-18T10:45:30.194Z,2026-09-18T10:45:30.194Z
APLM,Apollomics Inc.,NASDAQ,nasdaq_trader,2026-09-18T10:45:30.194Z,2026-09-18T10:45:30.194Z
APLMW,Apollomics Inc.,NASDAQ,nasdaq_trader,2026-09-18T10:45:30.194Z,2026-09-18T10:45:30.194Z
APMC,AmperCap Acquisition Company,NASDAQ,nasdaq_trader,2026-09-18T10:45:30.194Z,2026-09-18T10:45:30.194Z
APMCR,AmperCap Acquisition Company,NASDAQ,nasdaq_trader,2026-09-18T10:45:30.194Z,2026-09-18T10:45:30.194Z
APMCU,AmperCap Acquisition Company,NASDAQ,nasdaq_trader,2026-09-18T10:45:30.194Z,2026-09-18T10:45:30.194Z
APMD,"Apnimed, Inc.",NASDAQ,excel_import,2026-09-18T09:57:12.863Z,2026-09-18T09:57:12.863Z
APO,"Apollo Global Management, Inc.",NYSE,nasdaq_trader,2026-09-18T10:45:30.194Z,2026-09-22T07:18:59.109Z
APOG,"Apogee Enterprises, Inc.",NASDAQ,nasdaq_trader,2026-09-18T10:45:30.194Z,2026-09-18T10:45:30.194Z
APOS,"Apollo Global Management, Inc.",NYSE,nasdaq_trader,2026-09-18T10:45:30.194Z,2026-09-18T10:45:30.194Z
APP,Applovin Corporation,NASDAQ,nasdaq_trader,2026-09-18T10:45:30.194Z,2026-09-18T10:45:30.194Z
APPF,"AppFolio, Inc.",NASDAQ,nasdaq_trader,2026-09-18T10:45:30.194Z,2026-09-18T10:45:30.194Z
APPN,Appian Corporation,NASDAQ,nasdaq_trader,2026-09-18T10:45:30.194Z,2026-09-18T10:45:30.194Z
APPS,"Digital Turbine, Inc.",NASDAQ,nasdaq_trader,2026-09-18T10:45:30.194Z,2026-09-18T10:45:30.194Z
APPTF,Automotive Properties Real Estate Investment Trust,OTC,excel_import,2026-09-18T09:57:12.863Z,2026-09-18T09:57:12.863Z
APRE,"Aprea Therapeutics, Inc.",NASDAQ,nasdaq_trader,2026-09-18T10:45:30.194Z,2026-09-18T10:45:30.194Z
APT,"Alpha Pro Tech, Ltd.",AMEX,nasdaq_trader,2026-09-18T10:45:30.194Z,2026-09-18T10:45:30.194Z
APTOF,Aptose Biosciences Inc.,OTC,excel_import,2026-09-18T09:57:12.863Z,2026-09-18T09:57:12.863Z
APTV,Aptiv PLC,NYSE,nasdaq_trader,2026-09-18T10:45:30.194Z,2026-09-18T10:45:30.194Z
APUR,Aperture AC,NASDAQ,nasdaq_trader,2026-09-18T10:45:30.194Z,2026-09-18T10:45:30.194Z
APURR,Aperture AC,NASDAQ,nasdaq_trader,2026-09-18T10:45:30.194Z,2026-09-18T10:45:30.194Z
APUS,"Apimeds Pharmaceuticals US, Inc.",AMEX,nasdaq_trader,2026-09-18T10:45:30.194Z,2026-09-18T10:45:30.194Z
APVO,Aptevo Therapeutics Inc.,NASDAQ,nasdaq_trader,2026-09-18T10:45:30.194Z,2026-09-18T10:45:30.194Z
APWC,Asia Pacific Wire & Cable Corporation Limited,NASDAQ,nasdaq_trader,2026-09-18T10:45:30.194Z,2026-09-18T10:45:30.194Z
APXT,Apex Treasury Corporation,NASDAQ,nasdaq_trader,2026-09-18T10:45:30.194Z,2026-09-18T10:45:30.194Z
APXTU,Apex Treasury Corporation,NASDAQ,nasdaq_trader,2026-09-18T10:45:30.194Z,2026-09-18T10:45:30.194Z
APXTW,Apex Treasury Corporation,NASDAQ,nasdaq_trader,2026-09-18T10:45:30.194Z,2026-09-18T10:45:30.194Z
APYX,Apyx Medical Corporation,NASDAQ,nasdaq_trader,2026-09-18T10:45:30.194Z,2026-09-18T10:45:30.194Z
AQB,"AquaBounty Technologies, Inc.",NASDAQ,nasdaq_trader,2026-09-18T10:45:30.194Z,2026-09-18T10:45:30.194Z
AQMS,"Aqua Metals, Inc.",NASDAQ,nasdaq_trader,2026-09-18T10:45:30.194Z,2026-09-18T10:45:30.194Z
AQN,Algonquin Power & Utilities Corp. Common Shares,NYSE,nasdaq_trader,2026-09-18T10:45:30.194Z,2026-09-18T10:45:30.194Z
AQNB,Algonquin Power & Utilities Cor,NYSE,nasdaq_trader,2026-09-18T10:45:30.194Z,2026-09-22T07:18:59.111Z
AQST,"Aquestive Therapeutics, Inc.",NASDAQ,nasdaq_trader,2026-09-18T10:45:30.194Z,2026-09-18T10:45:30.194Z
AR,Antero Resources Corporation,NYSE,nasdaq_trader,2026-09-18T10:45:30.194Z,2026-09-18T10:45:30.194Z
ARAI,Arrive AI Inc.,NASDAQ,nasdaq_trader,2026-09-18T10:45:30.194Z,2026-09-18T10:45:30.194Z
ARAY,Accuray Incorporated,NASDAQ,nasdaq_trader,2026-09-18T10:45:30.194Z,2026-09-18T10:45:30.194Z
ARBB,ARB IOT Group Limited,NASDAQ,nasdaq_trader,2026-09-18T10:45:30.194Z,2026-09-18T10:45:30.194Z
ARBE,Arbe Robotics Ltd.,NASDAQ,nasdaq_trader,2026-09-18T10:45:30.194Z,2026-09-18T10:45:30.194Z
ARBEW,Arbe Robotics Ltd.,NASDAQ,nasdaq_trader,2026-09-18T10:45:30.194Z,2026-09-18T10:45:30.194Z
ARBK,Argo Blockchain plc,NASDAQ,nasdaq_trader,2026-09-18T10:45:30.194Z,2026-09-18T10:45:30.194Z
ARCB,ArcBest Corporation,NASDAQ,nasdaq_trader,2026-09-18T10:45:30.194Z,2026-09-18T10:45:30.194Z
ARCC,Ares Capital Corporation,NASDAQ,nasdaq_trader,2026-09-18T10:45:30.194Z,2026-09-18T10:45:30.194Z
ARCI,Archimedes Tech SPAC Partners III Co.,NASDAQ,nasdaq_trader,2026-09-18T10:45:30.194Z,2026-09-18T10:45:30.194Z
ARCIU,Archimedes Tech SPAC Partners III Co.,NASDAQ,nasdaq_trader,2026-09-18T10:45:30.194Z,2026-09-18T10:45:30.194Z
ARCIW,Archimedes Tech SPAC Partners III Co.,NASDAQ,nasdaq_trader,2026-09-18T10:45:30.194Z,2026-09-18T10:45:30.194Z
ARCL,ARC Group Acquisition I Corp,NASDAQ,nasdaq_trader,2026-09-18T10:45:30.194Z,2026-09-18T10:45:30.194Z
ARCLR,ARC Group Acquisition I Corp,NASDAQ,nasdaq_trader,2026-09-18T10:45:30.194Z,2026-09-18T10:45:30.194Z
ARCLU,ARC Group Acquisition I Corp,NASDAQ,nasdaq_trader,2026-09-18T10:45:30.194Z,2026-09-18T10:45:30.194Z
ARCLW,ARC Group Acquisition I Corp,NASDAQ,nasdaq_trader,2026-09-18T10:45:30.194Z,2026-09-18T10:45:30.194Z
ARCO,Arcos Dorados Holdings Inc. Class A Shares,NYSE,nasdaq_trader,2026-09-18T10:45:30.194Z,2026-09-18T10:45:30.194Z
ARCT,Arcturus Therapeutics Holdings Inc.,NASDAQ,nasdaq_trader,2026-09-18T10:45:30.194Z,2026-09-18T10:45:30.194Z
ARDC,"Ares Dynamic Credit Allocation Fund, Inc. Common Shares",NYSE,nasdaq_trader,2026-09-18T10:45:30.194Z,2026-09-18T10:45:30.194Z
ARDT,"Ardent Health, Inc.",NYSE,nasdaq_trader,2026-09-18T10:45:30.194Z,2026-09-18T10:45:30.194Z
ARDX,"Ardelyx, Inc.",NASDAQ,nasdaq_trader,2026-09-18T10:45:30.194Z,2026-09-18T10:45:30.194Z
ARE,"Alexandria Real Estate Equities, Inc.",NYSE,nasdaq_trader,2026-09-18T10:45:30.194Z,2026-09-18T10:45:30.194Z
AREC,American Resources Corporation,NASDAQ,nasdaq_trader,2026-09-18T10:45:30.194Z,2026-09-18T10:45:30.194Z
ARES,Ares Management Corporation,NYSE,nasdaq_trader,2026-09-18T10:45:30.194Z,2026-09-18T10:45:30.194Z
ARGHF,Argo Corporation,OTC,excel_import,2026-09-18T09:57:12.863Z,2026-09-18T09:57:12.863Z
ARGX,argenx SE,NASDAQ,nasdaq_trader,2026-09-18T10:45:30.194Z,2026-09-18T10:45:30.194Z
ARHS,"Arhaus, Inc.",NASDAQ,nasdaq_trader,2026-09-18T10:45:30.194Z,2026-09-18T10:45:30.194Z
ARI,"Apollo Commercial Real Estate Finance, Inc",NYSE,nasdaq_trader,2026-09-18T10:45:30.194Z,2026-09-18T10:45:30.194Z
ARIS,Aris Mining Corporation Common Shares,NYSE,nasdaq_trader,2026-09-18T10:45:30.194Z,2026-09-18T10:45:30.194Z
ARKO,ARKO Corp.,NASDAQ,nasdaq_trader,2026-09-18T10:45:30.194Z,2026-09-18T10:45:30.194Z
ARKR,Ark Restaurants Corp.,NASDAQ,nasdaq_trader,2026-09-18T10:45:30.194Z,2026-09-18T10:45:30.194Z
ARL,"American Realty Investors, Inc.",NYSE,nasdaq_trader,2026-09-18T10:45:30.194Z,2026-09-18T10:45:30.194Z
ARLO,"Arlo Technologies, Inc.",NYSE,nasdaq_trader,2026-09-18T10:45:30.194Z,2026-09-18T10:45:30.194Z
ARLP,"Alliance Resource Partners, L.P.",NASDAQ,nasdaq_trader,2026-09-18T10:45:30.194Z,2026-09-18T10:45:30.194Z
ARM,Arm Holdings plc,NASDAQ,nasdaq_trader,2026-09-18T10:45:30.194Z,2026-09-18T10:45:30.194Z
ARMK,Aramark,NYSE,nasdaq_trader,2026-09-18T10:45:30.194Z,2026-09-18T10:45:30.194Z
ARMP,"Armata Pharmaceuticals, Inc.",AMEX,nasdaq_trader,2026-09-18T10:45:30.194Z,2026-09-18T10:45:30.194Z
AROC,"Archrock, Inc.",NYSE,nasdaq_trader,2026-09-18T10:45:30.194Z,2026-09-18T10:45:30.194Z
AROW,Arrow Financial Corporation,NASDAQ,nasdaq_trader,2026-09-18T10:45:30.194Z,2026-09-18T10:45:30.194Z
ARQ,"Arq, Inc.",NASDAQ,nasdaq_trader,2026-09-18T10:45:30.194Z,2026-09-18T10:45:30.194Z
ARQQ,Arqit Quantum Inc.,NASDAQ,nasdaq_trader,2026-09-18T10:45:30.194Z,2026-09-18T10:45:30.194Z
ARQT,"Arcutis Biotherapeutics, Inc.",NASDAQ,nasdaq_trader,2026-09-18T10:45:30.194Z,2026-09-18T10:45:30.194Z
ARR,"ARMOUR Residential REIT, Inc.",NYSE,nasdaq_trader,2026-09-18T10:45:30.194Z,2026-09-18T10:45:30.194Z
ARRY,"Array Technologies, Inc.",NASDAQ,nasdaq_trader,2026-09-18T10:45:30.194Z,2026-09-18T10:45:30.194Z
ARTC,Art Technology Acquisition Corp.,NASDAQ,nasdaq_trader,2026-09-18T10:45:30.194Z,2026-09-18T10:45:30.194Z
ARTCU,Art Technology Acquisition Corp.,NASDAQ,nasdaq_trader,2026-09-18T10:45:30.194Z,2026-09-18T10:45:30.194Z
ARTCW,Art Technology Acquisition Corp.,NASDAQ,nasdaq_trader,2026-09-18T10:45:30.194Z,2026-09-18T10:45:30.194Z
ARTL,"Artelo Biosciences, Inc.",NASDAQ,nasdaq_trader,2026-09-18T10:45:30.194Z,2026-09-18T10:45:30.194Z
ARTNA,Artesian Resources Corporation,NASDAQ,nasdaq_trader,2026-09-18T10:45:30.194Z,2026-09-18T10:45:30.194Z
ARTV,"Artiva Biotherapeutics, Inc.",NASDAQ,nasdaq_trader,2026-09-18T10:45:30.194Z,2026-09-18T10:45:30.194Z
ARTW,"Art's-Way Manufacturing Co., Inc.",NASDAQ,nasdaq_trader,2026-09-18T10:45:30.194Z,2026-09-18T10:45:30.194Z
ARVN,"Arvinas, Inc.",NASDAQ,nasdaq_trader,2026-09-18T10:45:30.194Z,2026-09-18T10:45:30.194Z
ARW,"Arrow Electronics, Inc.",NYSE,nasdaq_trader,2026-09-18T10:45:30.194Z,2026-09-18T10:45:30.194Z
ARWR,"Arrowhead Pharmaceuticals, Inc.",NASDAQ,nasdaq_trader,2026-09-18T10:45:30.194Z,2026-09-18T10:45:30.194Z
ARX,Accelerant Holdings Class A Common Shares,NYSE,nasdaq_trader,2026-09-18T10:45:30.194Z,2026-09-18T10:45:30.194Z
ARXS,"Arxis, Inc.",NASDAQ,excel_import,2026-09-18T09:57:12.863Z,2026-09-18T09:57:12.863Z
AS,"Amer Sports, Inc.",NYSE,nasdaq_trader,2026-09-18T10:45:30.194Z,2026-09-18T10:45:30.194Z
ASA,ASA  Gold and Precious Metals Limited,NYSE,nasdaq_trader,2026-09-18T10:45:30.194Z,2026-09-18T10:45:30.194Z
ASAN,"Asana, Inc.",NYSE,nasdaq_trader,2026-09-18T10:45:30.194Z,2026-09-18T10:45:30.194Z
ASB,Associated Banc-Corp,NYSE,nasdaq_trader,2026-09-18T10:45:30.194Z,2026-09-18T10:45:30.194Z
ASBA,Associated Banc-Corp,NYSE,nasdaq_trader,2026-09-18T10:45:30.194Z,2026-09-18T10:45:30.194Z
ASBH,"American Savings Bank, National Association",NYSE,nasdaq_trader,2026-09-18T10:45:30.194Z,2026-09-22T07:18:59.112Z
ASBP,"Aspire-Lakewood Holdings, Inc.",NASDAQ,nasdaq_trader,2026-09-18T10:45:30.194Z,2026-09-18T10:45:30.194Z
ASBPW,"Aspire-Lakewood Holdings, Inc.",NASDAQ,nasdaq_trader,2026-09-18T10:45:30.194Z,2026-09-18T10:45:30.194Z
ASC,Ardmore Shipping Corporation,NYSE,nasdaq_trader,2026-09-18T10:45:30.194Z,2026-09-18T10:45:30.194Z
ASFH,AsiaFIN Holdings Corp.,OTC,excel_import,2026-09-18T09:57:12.863Z,2026-09-18T09:57:12.863Z
ASG,"Liberty All-Star Growth Fund, Inc.",NYSE,nasdaq_trader,2026-09-18T10:45:30.194Z,2026-09-18T10:45:30.194Z
ASGI,abrdn Global Infrastructure Income Fund,NYSE,nasdaq_trader,2026-09-18T10:45:30.194Z,2026-09-18T10:45:30.194Z
ASGI.V,abrdn Global Infrastructure Income Fund,NYSE,nasdaq_trader,2026-09-18T10:45:30.194Z,2026-09-18T10:45:30.194Z
ASH,Ashland Inc.,NYSE,nasdaq_trader,2026-09-18T10:45:30.194Z,2026-09-18T10:45:30.194Z
ASHXF,Progressive Planet Solutions Inc.,OTC,excel_import,2026-09-18T09:57:12.863Z,2026-09-22T07:18:58.916Z
ASIC,Ategrity Specialty Insurance Company Holdings,NYSE,nasdaq_trader,2026-09-18T10:45:30.194Z,2026-09-18T10:45:30.194Z
ASIX,AdvanSix Inc.,NYSE,nasdaq_trader,2026-09-18T10:45:30.194Z,2026-09-18T10:45:30.194Z
ASLE,AerSale Corporation,NASDAQ,nasdaq_trader,2026-09-18T10:45:30.194Z,2026-09-18T10:45:30.194Z
ASM,Avino Silver & Gold Mines Ltd.,AMEX,nasdaq_trader,2026-09-18T10:45:30.194Z,2026-09-22T07:18:59.114Z
ASMB,"Assembly Biosciences, Inc.",NASDAQ,nasdaq_trader,2026-09-18T10:45:30.194Z,2026-09-18T10:45:30.194Z
ASML,ASML Holding N.V.,NASDAQ,nasdaq_trader,2026-09-18T10:45:30.194Z,2026-09-18T10:45:30.194Z
ASND,Ascendis Pharma A/S,NASDAQ,nasdaq_trader,2026-09-18T10:45:30.194Z,2026-09-18T10:45:30.194Z
ASO,"Academy Sports and Outdoors, Inc.",NASDAQ,nasdaq_trader,2026-09-18T10:45:30.194Z,2026-09-18T10:45:30.194Z
ASPC,A SPAC III Acquisition Corp.,NASDAQ,nasdaq_trader,2026-09-18T10:45:30.194Z,2026-09-18T10:45:30.194Z
ASPCR,A SPAC III Acquisition Corp.,NASDAQ,nasdaq_trader,2026-09-18T10:45:30.194Z,2026-09-18T10:45:30.194Z
ASPCU,A SPAC III Acquisition Corp.,NASDAQ,nasdaq_trader,2026-09-18T10:45:30.194Z,2026-09-18T10:45:30.194Z
ASPI,ASP Isotopes Inc.,NASDAQ,nasdaq_trader,2026-09-18T10:45:30.194Z,2026-09-18T10:45:30.194Z
ASPN,"Aspen Aerogels, Inc.",NYSE,nasdaq_trader,2026-09-18T10:45:30.194Z,2026-09-18T10:45:30.194Z
ASPS,Altisource Portfolio Solutions S.A.,NASDAQ,nasdaq_trader,2026-09-18T10:45:30.194Z,2026-09-18T10:45:30.194Z
ASPSW,Altisource Portfolio Solutions S.A.,NASDAQ,nasdaq_trader,2026-09-18T10:45:30.194Z,2026-09-18T10:45:30.194Z
ASPSZ,Altisource Portfolio Solutions S.A.,NASDAQ,nasdaq_trader,2026-09-18T10:45:30.194Z,2026-09-18T10:45:30.194Z
ASR,"Grupo Aeroportuario del Sureste, S.A. de C.V.",NYSE,nasdaq_trader,2026-09-18T10:45:30.194Z,2026-09-18T10:45:30.194Z
ASRV,AmeriServ Financial Inc.,NASDAQ,nasdaq_trader,2026-09-18T10:45:30.194Z,2026-09-18T10:45:30.194Z
ASST,"Strive, Inc.",NASDAQ,nasdaq_trader,2026-09-18T10:45:30.194Z,2026-09-18T10:45:30.194Z
ASTC,Astrotech Corporation,NASDAQ,nasdaq_trader,2026-09-18T10:45:30.194Z,2026-09-18T10:45:30.194Z
ASTE,"Astec Industries, Inc.",NASDAQ,nasdaq_trader,2026-09-18T10:45:30.194Z,2026-09-18T10:45:30.194Z
ASTH,Astrana Health Inc.,NASDAQ,nasdaq_trader,2026-09-18T10:45:30.194Z,2026-09-18T10:45:30.194Z
ASTI,"Ascent Solar Technologies, Inc",NASDAQ,nasdaq_trader,2026-09-18T10:45:30.194Z,2026-09-18T10:45:30.194Z
ASTL,Algoma Steel Group Inc.,NASDAQ,nasdaq_trader,2026-09-18T10:45:30.194Z,2026-09-18T10:45:30.194Z
ASTLW,Algoma Steel Group Inc.,NASDAQ,nasdaq_trader,2026-09-18T10:45:30.194Z,2026-09-18T10:45:30.194Z
ASTS,"AST SpaceMobile, Inc.",NASDAQ,nasdaq_trader,2026-09-18T10:45:30.194Z,2026-09-18T10:45:30.194Z
ASUR,Asure Software Inc,NASDAQ,nasdaq_trader,2026-09-18T10:45:30.194Z,2026-09-18T10:45:30.194Z
ASX,"ASE Technology Holding Co., Ltd.",NYSE,nasdaq_trader,2026-09-18T10:45:30.194Z,2026-09-18T10:45:30.194Z
ASYS,"Amtech Systems, Inc.",NASDAQ,nasdaq_trader,2026-09-18T10:45:30.194Z,2026-09-18T10:45:30.194Z
ATAI,Atai Beckley N.V.,NASDAQ,excel_import,2026-09-18T09:57:12.863Z,2026-09-18T09:57:12.863Z
ATAT,Atour Lifestyle Holdings Limited,NASDAQ,nasdaq_trader,2026-09-18T10:45:30.194Z,2026-09-18T10:45:30.194Z
ATCH,"AtlasClear Holdings, Inc.",AMEX,nasdaq_trader,2026-09-18T10:45:30.194Z,2026-09-18T10:45:30.194Z
ATCX,Atlas Critical Minerals Corporation,NASDAQ,nasdaq_trader,2026-09-18T10:45:30.194Z,2026-09-18T10:45:30.194Z
ATEC,"Alphatec Holdings, Inc.",NASDAQ,nasdaq_trader,2026-09-18T10:45:30.194Z,2026-09-18T10:45:30.194Z
ATEN,"A10 Networks, Inc.",NYSE,nasdaq_trader,2026-09-18T10:45:30.194Z,2026-09-18T10:45:30.194Z
ATER,"Aterian, Inc.",NASDAQ,nasdaq_trader,2026-09-18T10:45:30.194Z,2026-09-18T10:45:30.194Z
ATEX,Anterix Inc.,NASDAQ,nasdaq_trader,2026-09-18T10:45:30.194Z,2026-09-18T10:45:30.194Z
ATGL,Alpha Technology Group Limited,NASDAQ,nasdaq_trader,2026-09-18T10:45:30.194Z,2026-09-18T10:45:30.194Z
ATHE,Alterity Therapeutics Limited,NASDAQ,nasdaq_trader,2026-09-18T10:45:30.194Z,2026-09-18T10:45:30.194Z
ATHM,Autohome Inc.,NYSE,nasdaq_trader,2026-09-18T10:45:30.194Z,2026-09-18T10:45:30.194Z
ATHR,"Aether Holdings, Inc.",NASDAQ,nasdaq_trader,2026-09-18T10:45:30.194Z,2026-09-18T10:45:30.194Z
ATHS,Athene Holding Ltd. 7.250% Fixe,NYSE,nasdaq_trader,2026-09-18T10:45:30.194Z,2026-09-22T07:18:59.115Z
ATI,ATI Inc.,NYSE,nasdaq_trader,2026-09-18T10:45:30.194Z,2026-09-18T10:45:30.194Z
ATII,Archimedes Tech SPAC Partners II Co.,NASDAQ,nasdaq_trader,2026-09-18T10:45:30.194Z,2026-09-18T10:45:30.194Z
ATIIU,Archimedes Tech SPAC Partners II Co.,NASDAQ,nasdaq_trader,2026-09-18T10:45:30.194Z,2026-09-18T10:45:30.194Z
ATIIW,Archimedes Tech SPAC Partners II Co.,NASDAQ,nasdaq_trader,2026-09-18T10:45:30.194Z,2026-09-18T10:45:30.194Z
ATKR,Atkore Inc.,NYSE,nasdaq_trader,2026-09-18T10:45:30.194Z,2026-09-18T10:45:30.194Z
ATLC,Atlanticus Holdings Corporation,NASDAQ,nasdaq_trader,2026-09-18T10:45:30.194Z,2026-09-18T10:45:30.194Z
ATLCL,Atlanticus Holdings Corporation 6.125% Senior Notes due 2026,NASDAQ,nasdaq_trader,2026-09-18T10:45:30.194Z,2026-09-22T07:18:58.928Z
ATLCP,Atlanticus Holdings Corporation,NASDAQ,nasdaq_trader,2026-09-18T10:45:30.194Z,2026-09-18T10:45:30.194Z
ATLCZ,Atlanticus Holdings Corporation 9.25% Senior Notes due 2029,NASDAQ,nasdaq_trader,2026-09-18T10:45:30.194Z,2026-09-22T07:18:58.929Z
ATLO,Ames National Corporation,NASDAQ,nasdaq_trader,2026-09-18T10:45:30.194Z,2026-09-18T10:45:30.194Z
ATLQ,JAB Acquisition Corp I,NASDAQ,nasdaq_trader,2026-09-18T10:45:30.194Z,2026-09-18T10:45:30.194Z
ATLQR,JAB Acquisition Corp I Rights,NASDAQ,nasdaq_trader,2026-09-18T10:45:30.194Z,2026-09-22T07:18:58.932Z
ATLQU,JAB Acquisition Corp I Unit,NASDAQ,nasdaq_trader,2026-09-18T10:45:30.194Z,2026-09-22T07:18:58.933Z
ATLQW,JAB Acquisition Corp I Warrants,NASDAQ,nasdaq_trader,2026-09-18T10:45:30.194Z,2026-09-22T07:18:58.935Z
ATLX,Atlas Lithium Corporation,NASDAQ,nasdaq_trader,2026-09-18T10:45:30.194Z,2026-09-18T10:45:30.194Z
ATMU,Atmus Filtration Technologies Inc.,NYSE,nasdaq_trader,2026-09-18T10:45:30.194Z,2026-09-18T10:45:30.194Z
ATNI,"ATN International, Inc.",NASDAQ,nasdaq_trader,2026-09-18T10:45:30.194Z,2026-09-18T10:45:30.194Z
ATNM,"Actinium Pharmaceuticals, Inc.",AMEX,nasdaq_trader,2026-09-18T10:45:30.194Z,2026-09-22T07:18:59.117Z
ATO,Atmos Energy Corporation,NYSE,nasdaq_trader,2026-09-18T10:45:30.194Z,2026-09-18T10:45:30.194Z
ATOM,Atomera Incorporated,NASDAQ,nasdaq_trader,2026-09-18T10:45:30.194Z,2026-09-18T10:45:30.194Z
ATOS,"Atossa Therapeutics, Inc.",NASDAQ,nasdaq_trader,2026-09-18T10:45:30.194Z,2026-09-18T10:45:30.194Z
ATPC,Agape ATP Corporation,NASDAQ,nasdaq_trader,2026-09-18T10:45:30.194Z,2026-09-18T10:45:30.194Z
ATR,"AptarGroup, Inc.",NYSE,nasdaq_trader,2026-09-18T10:45:30.194Z,2026-09-18T10:45:30.194Z
ATRA,"Atara Biotherapeutics, Inc.",NASDAQ,nasdaq_trader,2026-09-18T10:45:30.194Z,2026-09-18T10:45:30.194Z
ATRC,"AtriCure, Inc.",NASDAQ,nasdaq_trader,2026-09-18T10:45:30.194Z,2026-09-18T10:45:30.194Z
ATRO,Astronics Corporation,NASDAQ,nasdaq_trader,2026-09-18T10:45:30.194Z,2026-09-18T10:45:30.194Z
ATS,ATS Corporation Common Shares,NYSE,nasdaq_trader,2026-09-18T10:45:30.194Z,2026-09-18T10:45:30.194Z
ATTO,"Attovia Therapeutics, Inc.",NASDAQ,excel_import,2026-09-18T09:57:12.863Z,2026-09-18T09:57:12.863Z
ATTT,Atlas Trinity Tech Limited,NASDAQ,nasdaq_trader,2026-09-18T10:45:30.194Z,2026-09-18T10:45:30.194Z
ATVHF,Altrova Health Inc.,OTC,excel_import,2026-09-18T09:57:12.863Z,2026-09-18T09:57:12.863Z
ATXG,Addentax Group Corp.,NASDAQ,nasdaq_trader,2026-09-18T10:45:30.194Z,2026-09-18T10:45:30.194Z
ATXMF,Advantex Marketing International Inc.,OTC,excel_import,2026-09-18T09:57:12.863Z,2026-09-18T09:57:12.863Z
ATYR,"aTyr Pharma, Inc.",NASDAQ,nasdaq_trader,2026-09-18T10:45:30.194Z,2026-09-18T10:45:30.194Z
AU,AngloGold Ashanti PLC,NYSE,nasdaq_trader,2026-09-18T10:45:30.194Z,2026-09-18T10:45:30.194Z
AUB,Atlantic Union Bankshares Corporation,NYSE,nasdaq_trader,2026-09-18T10:45:30.194Z,2026-09-18T10:45:30.194Z
AUBN,"Auburn National Bancorporation, Inc.",NASDAQ,nasdaq_trader,2026-09-18T10:45:30.194Z,2026-09-18T10:45:30.194Z
AUC,ATIF Holdings Limited,NASDAQ,nasdaq_trader,2026-09-18T10:45:30.194Z,2026-09-18T10:45:30.194Z
AUDC,AudioCodes Ltd.,NASDAQ,nasdaq_trader,2026-09-18T10:45:30.194Z,2026-09-18T10:45:30.194Z
AUGO,Aura Minerals Inc.,NASDAQ,nasdaq_trader,2026-09-18T10:45:30.194Z,2026-09-18T10:45:30.194Z
AUID,authID Inc.,NASDAQ,excel_import,2026-09-18T09:57:12.863Z,2026-09-18T09:57:12.863Z
AUNA,Auna SA,NYSE,nasdaq_trader,2026-09-18T10:45:30.194Z,2026-09-18T10:45:30.194Z
AUPH,Aurinia Pharmaceuticals Inc,NASDAQ,nasdaq_trader,2026-09-18T10:45:30.194Z,2026-09-18T10:45:30.194Z
AUR,"Aurora Innovation, Inc.",NASDAQ,nasdaq_trader,2026-09-18T10:45:30.194Z,2026-09-18T10:45:30.194Z
AURA,"Aura Biosciences, Inc.",NASDAQ,nasdaq_trader,2026-09-18T10:45:30.194Z,2026-09-18T10:45:30.194Z
AURE,Aurelion Inc.,NASDAQ,nasdaq_trader,2026-09-18T10:45:30.194Z,2026-09-18T10:45:30.194Z
AUROW,"Aurora Innovation, Inc.",NASDAQ,nasdaq_trader,2026-09-18T10:45:30.194Z,2026-09-18T10:45:30.194Z
AUST,Austin Gold Corp. Common Shares,AMEX,nasdaq_trader,2026-09-18T10:45:30.194Z,2026-09-18T10:45:30.194Z
AUTL,Autolus Therapeutics plc,NASDAQ,nasdaq_trader,2026-09-18T10:45:30.194Z,2026-09-18T10:45:30.194Z
AUUAF,ALUULA COMPOSITES INC.,OTC,excel_import,2026-09-18T09:57:12.863Z,2026-09-18T09:57:12.863Z
AUUD,Auddia Inc.,NASDAQ,nasdaq_trader,2026-09-18T10:45:30.194Z,2026-09-18T10:45:30.194Z
AUXX,Gold X2 Mining Inc. Common Shares,AMEX,nasdaq_trader,2026-09-18T10:45:30.194Z,2026-09-18T10:45:30.194Z
AVA,Avista Corporation,NYSE,nasdaq_trader,2026-09-18T10:45:30.194Z,2026-09-18T10:45:30.194Z
AVAH,Aveanna Healthcare Holdings Inc.,NASDAQ,nasdaq_trader,2026-09-18T10:45:30.194Z,2026-09-18T10:45:30.194Z
AVAL,Grupo Aval Acciones y Valores S.A.,NYSE,nasdaq_trader,2026-09-18T10:45:30.194Z,2026-09-22T07:18:59.118Z
AVAT,Avalanche Treasury Company,NASDAQ,excel_import,2026-09-18T09:57:12.863Z,2026-09-18T09:57:12.863Z
AVAV,"AeroVironment, Inc.",NASDAQ,nasdaq_trader,2026-09-18T10:45:30.194Z,2026-09-18T10:45:30.194Z
AVBC,"Avidia Bancorp, Inc.",NYSE,excel_import,2026-09-18T09:57:12.863Z,2026-09-18T09:57:12.863Z
AVBH,"Avidbank Holdings, Inc.",NASDAQ,nasdaq_trader,2026-09-18T10:45:30.194Z,2026-09-18T10:45:30.194Z
AVBP,"ArriVent BioPharma, Inc.",NASDAQ,nasdaq_trader,2026-09-18T10:45:30.194Z,2026-09-18T10:45:30.194Z
AVD,American Vanguard Corporation,NYSE,nasdaq_trader,2026-09-18T10:45:30.194Z,2026-09-22T07:18:59.120Z
AVEX,AEVEX Corp.,NYSE,excel_import,2026-09-18T09:57:12.863Z,2026-09-18T09:57:12.863Z
AVGO,Broadcom Inc.,NASDAQ,nasdaq_trader,2026-09-18T10:45:30.194Z,2026-09-18T10:45:30.194Z
AVIR,"Atea Pharmaceuticals, Inc.",NASDAQ,nasdaq_trader,2026-09-18T10:45:30.194Z,2026-09-18T10:45:30.194Z
AVK,Advent Convertible and Income Fund,NYSE,nasdaq_trader,2026-09-18T10:45:30.194Z,2026-09-18T10:45:30.194Z
AVLN,Avalyn Pharma Inc.,NASDAQ,nasdaq_trader,2026-09-18T10:45:30.194Z,2026-09-18T10:45:30.194Z
AVNT,Avient Corporation,NYSE,nasdaq_trader,2026-09-18T10:45:30.194Z,2026-09-18T10:45:30.194Z
AVNW,"Aviat Networks, Inc.",NASDAQ,nasdaq_trader,2026-09-18T10:45:30.194Z,2026-09-18T10:45:30.194Z
AVO,"Mission Produce, Inc.",NASDAQ,nasdaq_trader,2026-09-18T10:45:30.194Z,2026-09-18T10:45:30.194Z
AVPT,"AvePoint, Inc.",NASDAQ,nasdaq_trader,2026-09-18T10:45:30.194Z,2026-09-18T10:45:30.194Z
AVR,Anteris Technologies Global Corp.,NASDAQ,nasdaq_trader,2026-09-18T10:45:30.194Z,2026-09-18T10:45:30.194Z
AVT,"Avnet, Inc.",NASDAQ,nasdaq_trader,2026-09-18T10:45:30.194Z,2026-09-18T10:45:30.194Z
AVTR,"Avantor, Inc.",NYSE,nasdaq_trader,2026-09-18T10:45:30.194Z,2026-09-18T10:45:30.194Z
AVTX,"Avalo Therapeutics, Inc.",NASDAQ,nasdaq_trader,2026-09-18T10:45:30.194Z,2026-09-18T10:45:30.194Z
AVX,AVAX One Technology Ltd.,NASDAQ,excel_import,2026-09-18T09:57:12.863Z,2026-09-18T09:57:12.863Z
AVXL,Anavex Life Sciences Corp.,NASDAQ,nasdaq_trader,2026-09-18T10:45:30.194Z,2026-09-18T10:45:30.194Z
AVY,Avery Dennison Corporation,NYSE,nasdaq_trader,2026-09-18T10:45:30.194Z,2026-09-18T10:45:30.194Z
AWF,Alliancebernstein Global High Income Fund,NYSE,nasdaq_trader,2026-09-18T10:45:30.194Z,2026-09-18T10:45:30.194Z
AWI,Armstrong World Industries Inc,NYSE,nasdaq_trader,2026-09-18T10:45:30.194Z,2026-09-18T10:45:30.194Z
AWK,"American Water Works Company, Inc.",NYSE,nasdaq_trader,2026-09-18T10:45:30.194Z,2026-09-18T10:45:30.194Z
AWP,abrdn Global Premier Properties Fund,NYSE,nasdaq_trader,2026-09-18T10:45:30.194Z,2026-09-18T10:45:30.194Z
AWR,American States Water Company,NYSE,nasdaq_trader,2026-09-18T10:45:30.194Z,2026-09-18T10:45:30.194Z
AWRE,"Aware, Inc.",NASDAQ,nasdaq_trader,2026-09-18T10:45:30.194Z,2026-09-18T10:45:30.194Z
AWX,Avalon Holdings Corporation,AMEX,nasdaq_trader,2026-09-18T10:45:30.194Z,2026-09-18T10:45:30.194Z
AX,"Axos Financial, Inc.",NYSE,nasdaq_trader,2026-09-18T10:45:30.194Z,2026-09-18T10:45:30.194Z
AXG,Solowin Holdings,NASDAQ,excel_import,2026-09-18T09:57:12.863Z,2026-09-18T09:57:12.863Z
AXGN,"Axogen, Inc.",NASDAQ,nasdaq_trader,2026-09-18T10:45:30.194Z,2026-09-18T10:45:30.194Z
AXIL,"AXIL Brands, Inc.",AMEX,nasdaq_trader,2026-09-18T10:45:30.194Z,2026-09-18T10:45:30.194Z
AXIN,Axiom Intelligence Acquisition Corp 1,NASDAQ,nasdaq_trader,2026-09-18T10:45:30.194Z,2026-09-18T10:45:30.194Z
AXINR,Axiom Intelligence Acquisition Corp 1,NASDAQ,nasdaq_trader,2026-09-18T10:45:30.194Z,2026-09-18T10:45:30.194Z
AXINU,Axiom Intelligence Acquisition Corp 1,NASDAQ,nasdaq_trader,2026-09-18T10:45:30.194Z,2026-09-18T10:45:30.194Z
AXON,"Axon Enterprise, Inc.",NASDAQ,nasdaq_trader,2026-09-18T10:45:30.194Z,2026-09-18T10:45:30.194Z
AXP,American Express Company,NYSE,nasdaq_trader,2026-09-18T10:45:30.194Z,2026-09-18T10:45:30.194Z
AXR,AMREP Corporation,NYSE,nasdaq_trader,2026-09-18T10:45:30.194Z,2026-09-18T10:45:30.194Z
AXS,Axis Capital Holdings Limited,NYSE,nasdaq_trader,2026-09-18T10:45:30.194Z,2026-09-18T10:45:30.194Z
AXSM,"Axsome Therapeutics, Inc.",NASDAQ,nasdaq_trader,2026-09-18T10:45:30.194Z,2026-09-18T10:45:30.194Z
AXTA,Axalta Coating Systems Ltd. Common Shares,NYSE,nasdaq_trader,2026-09-18T10:45:30.194Z,2026-09-18T10:45:30.194Z
AXTI,AXT Inc,NASDAQ,nasdaq_trader,2026-09-18T10:45:30.194Z,2026-09-18T10:45:30.194Z
AYA,Aya Gold & Silver Inc.,NASDAQ,nasdaq_trader,2026-09-18T10:45:30.194Z,2026-09-18T10:45:30.194Z
AYI,Acuity Inc.,NYSE,nasdaq_trader,2026-09-18T10:45:30.194Z,2026-09-18T10:45:30.194Z
AYTU,"Aytu BioPharma, Inc.",NASDAQ,nasdaq_trader,2026-09-18T10:45:30.194Z,2026-09-18T10:45:30.194Z
AZ,A2Z Cust2Mate Solutions Corp.,NASDAQ,nasdaq_trader,2026-09-18T10:45:30.194Z,2026-09-18T10:45:30.194Z
AZI,Autozi Internet Technology (Global) Ltd.,NASDAQ,nasdaq_trader,2026-09-18T10:45:30.194Z,2026-09-18T10:45:30.194Z
AZIO,"Azio AI Holdings, Inc.",NASDAQ,nasdaq_trader,2026-09-18T10:45:30.194Z,2026-09-18T10:45:30.194Z
AZN,AstraZeneca PLC,NYSE,nasdaq_trader,2026-09-18T10:45:30.194Z,2026-09-18T10:45:30.194Z
AZO,"AutoZone, Inc.",NYSE,nasdaq_trader,2026-09-18T10:45:30.194Z,2026-09-18T10:45:30.194Z
AZTA,"Azenta, Inc.",NASDAQ,nasdaq_trader,2026-09-18T10:45:30.194Z,2026-09-18T10:45:30.194Z
AZTR,Azitra Inc,AMEX,nasdaq_trader,2026-09-18T10:45:30.194Z,2026-09-18T10:45:30.194Z
AZUL,Azul S.A.,NYSE,nasdaq_trader,2026-09-18T10:45:30.194Z,2026-09-18T10:45:30.194Z
AZZ,AZZ Inc.,NYSE,nasdaq_trader,2026-09-18T10:45:30.194Z,2026-09-18T10:45:30.194Z
B,Barrick Mining Corporation Common Shares,NYSE,nasdaq_trader,2026-09-18T10:45:30.194Z,2026-09-18T10:45:30.194Z
BA,Boeing Company (The),NYSE,nasdaq_trader,2026-09-18T10:45:30.194Z,2026-09-18T10:45:30.194Z
BABA,Alibaba Group Holding Limited,NYSE,nasdaq_trader,2026-09-18T10:45:30.194Z,2026-09-18T10:45:30.194Z
BAC,Bank of America Corporation,NYSE,nasdaq_trader,2026-09-18T10:45:30.194Z,2026-09-18T10:45:30.194Z
BACC,Blue Acquisition Corp.,NASDAQ,nasdaq_trader,2026-09-18T10:45:30.194Z,2026-09-18T10:45:30.194Z
BACCR,Blue Acquisition Corp.,NASDAQ,nasdaq_trader,2026-09-18T10:45:30.194Z,2026-09-18T10:45:30.194Z
BACCU,Blue Acquisition Corp.,NASDAQ,nasdaq_trader,2026-09-18T10:45:30.194Z,2026-09-18T10:45:30.194Z
BAER,"Bridger Aerospace Group Holdings, Inc.",NASDAQ,nasdaq_trader,2026-09-18T10:45:30.194Z,2026-09-18T10:45:30.194Z
BAERW,"Bridger Aerospace Group Holdings, Inc.",NASDAQ,nasdaq_trader,2026-09-18T10:45:30.194Z,2026-09-18T10:45:30.194Z
BAFN,BayFirst Financial Corp.,NASDAQ,nasdaq_trader,2026-09-18T10:45:30.194Z,2026-09-18T10:45:30.194Z
BAH,Booz Allen Hamilton Holding Corporation,NYSE,nasdaq_trader,2026-09-18T10:45:30.194Z,2026-09-18T10:45:30.194Z
BAIGF,Bairong AI Inc.,OTC,excel_import,2026-09-18T09:57:12.863Z,2026-09-22T07:18:58.871Z
BAK,Braskem S.A.,NYSE,nasdaq_trader,2026-09-18T10:45:30.194Z,2026-09-22T07:18:59.121Z
BALL,Ball Corporation,NYSE,nasdaq_trader,2026-09-18T10:45:30.194Z,2026-09-18T10:45:30.194Z
BALY,Bally's Corporation,NYSE,nasdaq_trader,2026-09-18T10:45:30.194Z,2026-09-18T10:45:30.194Z
BAM,Brookfield Asset Management Ltd.,NYSE,nasdaq_trader,2026-09-18T10:45:30.194Z,2026-09-22T07:18:59.124Z
BANC,"Banc of California, Inc.",NYSE,nasdaq_trader,2026-09-18T10:45:30.194Z,2026-09-18T10:45:30.194Z
BAND,Bandwidth Inc.,NASDAQ,nasdaq_trader,2026-09-18T10:45:30.194Z,2026-09-18T10:45:30.194Z
BANF,BancFirst Corporation,NASDAQ,nasdaq_trader,2026-09-18T10:45:30.194Z,2026-09-18T10:45:30.194Z
BANFP,BFC Capital Trust II PFD TR 7.20%,NASDAQ,nasdaq_trader,2026-09-18T10:45:30.194Z,2026-09-22T07:18:58.937Z
BANL,CBL International Limited,NASDAQ,nasdaq_trader,2026-09-18T10:45:30.194Z,2026-09-18T10:45:30.194Z
BANR,Banner Corporation,NASDAQ,nasdaq_trader,2026-09-18T10:45:30.194Z,2026-09-18T10:45:30.194Z
BANX,ArrowMark Financial Corp.,NASDAQ,excel_import,2026-09-18T09:57:12.863Z,2026-09-18T09:57:12.863Z
BAOS,Baosheng Media Group Holdings Limited,NASDAQ,nasdaq_trader,2026-09-18T10:45:30.194Z,2026-09-18T10:45:30.194Z
BAP,Credicorp Ltd.,NYSE,nasdaq_trader,2026-09-18T10:45:30.194Z,2026-09-18T10:45:30.194Z
BARK,"BARK, Inc.",NYSE,nasdaq_trader,2026-09-18T10:45:30.194Z,2026-09-18T10:45:30.194Z
BATL,Battalion Oil Corporation,AMEX,nasdaq_trader,2026-09-18T10:45:30.194Z,2026-09-18T10:45:30.194Z
BATRA,"Atlanta Braves Holdings, Inc.",NASDAQ,nasdaq_trader,2026-09-18T10:45:30.194Z,2026-09-18T10:45:30.194Z
BATRK,"Atlanta Braves Holdings, Inc.",NASDAQ,nasdaq_trader,2026-09-18T10:45:30.194Z,2026-09-18T10:45:30.194Z
BAX,Baxter International Inc.,NYSE,nasdaq_trader,2026-09-18T10:45:30.194Z,2026-09-18T10:45:30.194Z
BB,BlackBerry Limited,NYSE,nasdaq_trader,2026-09-18T10:45:30.194Z,2026-09-18T10:45:30.194Z
BBAI,"BigBear.ai, Inc.",NYSE,nasdaq_trader,2026-09-18T10:45:30.194Z,2026-09-18T10:45:30.194Z
BBAI.W,"BigBear.ai, Inc.",NYSE,nasdaq_trader,2026-09-18T10:45:30.194Z,2026-09-18T10:45:30.194Z
BBAR,Banco BBVA Argentina S.A.,NYSE,nasdaq_trader,2026-09-18T10:45:30.194Z,2026-09-22T07:18:59.126Z
BBBYW,"Neighborhood Intelligence, Inc.",NASDAQ,nasdaq_trader,2026-09-18T10:45:30.194Z,2026-09-18T10:45:30.194Z
BBCP,"Concrete Pumping Holdings, Inc.",NASDAQ,nasdaq_trader,2026-09-18T10:45:30.194Z,2026-09-18T10:45:30.194Z
BBD,Banco Bradesco S.A.,NYSE,nasdaq_trader,2026-09-18T10:45:30.194Z,2026-09-22T07:18:59.127Z
BBDC,"Barings BDC, Inc.",NYSE,nasdaq_trader,2026-09-18T10:45:30.194Z,2026-09-18T10:45:30.194Z
BBDO,Banco Bradesco S.A.,NYSE,nasdaq_trader,2026-09-18T10:45:30.194Z,2026-09-22T07:18:59.129Z
BBGI,"Beasley Broadcast Group, Inc.",NASDAQ,nasdaq_trader,2026-09-18T10:45:30.194Z,2026-09-18T10:45:30.194Z
BBIO,"BridgeBio Pharma, Inc.",NASDAQ,nasdaq_trader,2026-09-18T10:45:30.194Z,2026-09-18T10:45:30.194Z
BBLG,Bone Biologics Corp,NASDAQ,nasdaq_trader,2026-09-18T10:45:30.194Z,2026-09-18T10:45:30.194Z
BBLGW,Bone Biologics Corp,NASDAQ,nasdaq_trader,2026-09-18T10:45:30.194Z,2026-09-18T10:45:30.194Z
BBN,BlackRock Taxable Municipal Bond Trust,NYSE,nasdaq_trader,2026-09-18T10:45:30.194Z,2026-09-18T10:45:30.194Z
BBNX,"Beta Bionics, Inc.",NASDAQ,nasdaq_trader,2026-09-18T10:45:30.194Z,2026-09-18T10:45:30.194Z
BBOT,"BridgeBio Oncology Therapeutics, Inc.",NASDAQ,nasdaq_trader,2026-09-18T10:45:30.194Z,2026-09-18T10:45:30.194Z
BBSI,"Barrett Business Services, Inc.",NASDAQ,nasdaq_trader,2026-09-18T10:45:30.194Z,2026-09-18T10:45:30.194Z
BBT,Beacon Financial Corporation,NYSE,nasdaq_trader,2026-09-18T10:45:30.194Z,2026-09-18T10:45:30.194Z
BBUC,Brookfield Business Corporation,NYSE,nasdaq_trader,2026-09-18T10:45:30.194Z,2026-09-22T07:18:59.130Z
BBVA,Banco Bilbao Vizcaya Argentaria S.A.,NYSE,nasdaq_trader,2026-09-18T10:45:30.194Z,2026-09-18T10:45:30.194Z
BBW,"Build-A-Bear Workshop, Inc.",NYSE,nasdaq_trader,2026-09-18T10:45:30.194Z,2026-09-18T10:45:30.194Z
BBWI,"Bath & Body Works, Inc.",NYSE,nasdaq_trader,2026-09-18T10:45:30.194Z,2026-09-18T10:45:30.194Z
BBY,"Best Buy Co., Inc.",NYSE,nasdaq_trader,2026-09-18T10:45:30.194Z,2026-09-18T10:45:30.194Z
BC,Brunswick Corporation,NYSE,nasdaq_trader,2026-09-18T10:45:30.194Z,2026-09-18T10:45:30.194Z
BCAL,California BanCorp,NASDAQ,nasdaq_trader,2026-09-18T10:45:30.194Z,2026-09-18T10:45:30.194Z
BCAT,BlackRock Capital Allocation Term Trust,NYSE,nasdaq_trader,2026-09-18T10:45:30.194Z,2026-09-18T10:45:30.194Z
BCAX,Bicara Therapeutics Inc.,NASDAQ,nasdaq_trader,2026-09-18T10:45:30.194Z,2026-09-18T10:45:30.194Z
BCBP,"BCB Bancorp, Inc.",NASDAQ,nasdaq_trader,2026-09-18T10:45:30.194Z,2026-09-22T07:18:58.938Z
BCC,Boise Cascade Company,NYSE,nasdaq_trader,2026-09-18T10:45:30.194Z,2026-09-22T07:18:59.131Z
BCCB,Beach Cities Commercial Bank,OTC,excel_import,2026-09-18T09:57:12.863Z,2026-09-18T09:57:12.863Z
BCCQ,Bleichroeder Acquisition Corp. III,NASDAQ,nasdaq_trader,2026-09-18T10:45:30.194Z,2026-09-18T10:45:30.194Z
BCCQU,Bleichroeder Acquisition Corp. III,NASDAQ,nasdaq_trader,2026-09-18T10:45:30.194Z,2026-09-18T10:45:30.194Z
BCCQW,Bleichroeder Acquisition Corp. III,NASDAQ,nasdaq_trader,2026-09-18T10:45:30.194Z,2026-09-18T10:45:30.194Z
BCDA,"BioCardia, Inc.",NASDAQ,nasdaq_trader,2026-09-18T10:45:30.194Z,2026-09-18T10:45:30.194Z
BCE,"BCE, Inc.",NYSE,nasdaq_trader,2026-09-18T10:45:30.194Z,2026-09-18T10:45:30.194Z
BCG,"Binah Capital Group, Inc.",NASDAQ,nasdaq_trader,2026-09-18T10:45:30.194Z,2026-09-18T10:45:30.194Z
BCGWW,"Binah Capital Group, Inc.",NASDAQ,nasdaq_trader,2026-09-18T10:45:30.194Z,2026-09-18T10:45:30.194Z
BCH,Banco de Chile,NYSE,nasdaq_trader,2026-09-18T10:45:30.194Z,2026-09-22T07:18:59.133Z
BCHT,Birchtech Corp.,AMEX,excel_import,2026-09-18T09:57:12.863Z,2026-09-22T07:18:58.867Z
BCIC,BCP Investment Corporation,NASDAQ,nasdaq_trader,2026-09-18T10:45:30.194Z,2026-09-18T10:45:30.194Z
BCML,BayCom Corp,NASDAQ,nasdaq_trader,2026-09-18T10:45:30.194Z,2026-09-18T10:45:30.194Z
BCO,Brinks Company (The),NYSE,nasdaq_trader,2026-09-18T10:45:30.194Z,2026-09-18T10:45:30.194Z
BCPC,Balchem Corporation,NASDAQ,nasdaq_trader,2026-09-18T10:45:30.194Z,2026-09-18T10:45:30.194Z
BCRX,"BioCryst Pharmaceuticals, Inc.",NASDAQ,nasdaq_trader,2026-09-18T10:45:30.194Z,2026-09-18T10:45:30.194Z
BCS,Barclays PLC,NYSE,nasdaq_trader,2026-09-18T10:45:30.194Z,2026-09-18T10:45:30.194Z
BCSF,"Bain Capital Specialty Finance, Inc.",NYSE,nasdaq_trader,2026-09-18T10:45:30.194Z,2026-09-18T10:45:30.194Z
BCSS,Bain Capital GSS Investment Corp.,NYSE,nasdaq_trader,2026-09-18T10:45:30.194Z,2026-09-18T10:45:30.194Z
BCSS.U,Bain Capital GSS Investment Corp.,NYSE,nasdaq_trader,2026-09-18T10:45:30.194Z,2026-09-18T10:45:30.194Z
BCSS.W,Bain Capital GSS Investment Corp.,NYSE,nasdaq_trader,2026-09-18T10:45:30.194Z,2026-09-18T10:45:30.194Z
BCTX,BriaCell Therapeutics Corp.,NASDAQ,nasdaq_trader,2026-09-18T10:45:30.194Z,2026-09-18T10:45:30.194Z
BCTXL,BriaCell Therapeutics Corp.,NASDAQ,nasdaq_trader,2026-09-18T10:45:30.194Z,2026-09-18T10:45:30.194Z
BCTXZ,BriaCell Therapeutics Corp.,NASDAQ,nasdaq_trader,2026-09-18T10:45:30.194Z,2026-09-18T10:45:30.194Z
BCV,"Bancroft Fund, Ltd.",AMEX,nasdaq_trader,2026-09-18T10:45:30.194Z,2026-09-18T10:45:30.194Z
BCX,Blackrock Resources & Commodities Strategy Trust,NYSE,nasdaq_trader,2026-09-18T10:45:30.194Z,2026-09-22T07:18:59.135Z
BCYC,Bicycle Therapeutics plc,NASDAQ,nasdaq_trader,2026-09-18T10:45:30.194Z,2026-09-18T10:45:30.194Z
BDC,Belden Inc,NYSE,nasdaq_trader,2026-09-18T10:45:30.194Z,2026-09-18T10:45:30.194Z
BDCI,BTC Development Corp.,NASDAQ,nasdaq_trader,2026-09-18T10:45:30.194Z,2026-09-18T10:45:30.194Z
BDCIU,BTC Development Corp.,NASDAQ,nasdaq_trader,2026-09-18T10:45:30.194Z,2026-09-18T10:45:30.194Z
BDCIW,BTC Development Corp.,NASDAQ,nasdaq_trader,2026-09-18T10:45:30.194Z,2026-09-18T10:45:30.194Z
BDJ,Blackrock Enhanced Equity Dividend Trust,NYSE,nasdaq_trader,2026-09-18T10:45:30.194Z,2026-09-18T10:45:30.194Z
BDL,"Flanigan's Enterprises, Inc.",AMEX,nasdaq_trader,2026-09-18T10:45:30.194Z,2026-09-18T10:45:30.194Z
BDMD,Baird Medical Investment Holdings Ltd,NASDAQ,nasdaq_trader,2026-09-18T10:45:30.194Z,2026-09-18T10:45:30.194Z
BDMDW,Baird Medical Investment Holdings Ltd,NASDAQ,nasdaq_trader,2026-09-18T10:45:30.194Z,2026-09-18T10:45:30.194Z
BDN,Brandywine Realty Trust,NYSE,nasdaq_trader,2026-09-18T10:45:30.194Z,2026-09-18T10:45:30.194Z
BDRX,Biodexa Pharmaceuticals plc,NASDAQ,nasdaq_trader,2026-09-18T10:45:30.194Z,2026-09-18T10:45:30.194Z
BDSX,"Biodesix, Inc.",NASDAQ,nasdaq_trader,2026-09-18T10:45:30.194Z,2026-09-18T10:45:30.194Z
BDTX,"Black Diamond Therapeutics, Inc.",NASDAQ,nasdaq_trader,2026-09-18T10:45:30.194Z,2026-09-18T10:45:30.194Z
BDX,"Becton, Dickinson and Company",NYSE,nasdaq_trader,2026-09-18T10:45:30.194Z,2026-09-18T10:45:30.194Z
BE,Bloom Energy Corporation,NYSE,nasdaq_trader,2026-09-18T10:45:30.194Z,2026-09-18T10:45:30.194Z
BEAG,Bold Eagle Acquisition Corp.,NASDAQ,nasdaq_trader,2026-09-18T10:45:30.194Z,2026-09-18T10:45:30.194Z
BEAGR,Bold Eagle Acquisition Corp.,NASDAQ,nasdaq_trader,2026-09-18T10:45:30.194Z,2026-09-18T10:45:30.194Z
BEAGU,Bold Eagle Acquisition Corp.,NASDAQ,nasdaq_trader,2026-09-18T10:45:30.194Z,2026-09-18T10:45:30.194Z
BEAM,Beam Therapeutics Inc.,NASDAQ,nasdaq_trader,2026-09-18T10:45:30.194Z,2026-09-18T10:45:30.194Z
BEAT,"Heartbeam, Inc.",NASDAQ,nasdaq_trader,2026-09-18T10:45:30.194Z,2026-09-18T10:45:30.194Z
BEATW,"Heartbeam, Inc.",NASDAQ,nasdaq_trader,2026-09-18T10:45:30.194Z,2026-09-18T10:45:30.194Z
BEBE,TGE Value Creative Solutions Corp,NYSE,nasdaq_trader,2026-09-18T10:45:30.194Z,2026-09-18T10:45:30.194Z
BEBE.U,TGE Value Creative Solutions Corp,NYSE,nasdaq_trader,2026-09-18T10:45:30.194Z,2026-09-18T10:45:30.194Z
BEBE.W,TGE Value Creative Solutions Corp,NYSE,nasdaq_trader,2026-09-18T10:45:30.194Z,2026-09-18T10:45:30.194Z
BEEM,Beam Global,NASDAQ,nasdaq_trader,2026-09-18T10:45:30.194Z,2026-09-18T10:45:30.194Z
BEEP,Mobile Infrastructure Corporation,NASDAQ,nasdaq_trader,2026-09-18T10:45:30.194Z,2026-09-18T10:45:30.194Z
BEKAY,NV Bekaert SA,OTC,excel_import,2026-09-18T09:57:12.863Z,2026-09-18T09:57:12.863Z
BEKE,KE Holdings Inc,NYSE,nasdaq_trader,2026-09-18T10:45:30.194Z,2026-09-18T10:45:30.194Z
BELFA,Bel Fuse Inc.,NASDAQ,nasdaq_trader,2026-09-18T10:45:30.194Z,2026-09-18T10:45:30.194Z
BELFB,Bel Fuse Inc.,NASDAQ,nasdaq_trader,2026-09-18T10:45:30.194Z,2026-09-18T10:45:30.194Z
BEN,"Franklin Templeton, Inc.",NYSE,nasdaq_trader,2026-09-18T10:45:30.194Z,2026-09-18T10:45:30.194Z
BENF,Beneficient,NASDAQ,nasdaq_trader,2026-09-18T10:45:30.194Z,2026-09-18T10:45:30.194Z
BENFW,Beneficient,NASDAQ,nasdaq_trader,2026-09-18T10:45:30.194Z,2026-09-18T10:45:30.194Z
BEOLF,Beyond Oil Ltd.,OTC,excel_import,2026-09-18T09:57:12.863Z,2026-09-18T09:57:12.863Z
BEP,Brookfield Renewable Partners L.P.,NYSE,nasdaq_trader,2026-09-18T10:45:30.194Z,2026-09-22T07:18:59.136Z
BEPC,Brookfield Renewable Corporation,NYSE,nasdaq_trader,2026-09-18T10:45:30.194Z,2026-09-22T07:18:59.138Z
BEPH,Brookfield BRP Holdings (Canada,NYSE,nasdaq_trader,2026-09-18T10:45:30.194Z,2026-09-22T07:18:59.139Z
BEPI,Brookfield BRP Holdings (Canada,NYSE,nasdaq_trader,2026-09-18T10:45:30.194Z,2026-09-22T07:18:59.141Z
BEPJ,Brookfield BRP Holdings (Canada,NYSE,nasdaq_trader,2026-09-18T10:45:30.194Z,2026-09-22T07:18:59.142Z
BESS,Bimergen Energy Corporation,AMEX,excel_import,2026-09-18T09:57:12.863Z,2026-09-22T07:18:58.911Z
BESS.W,Bimergen Energy Corporation,AMEX,nasdaq_trader,2026-09-18T10:45:30.194Z,2026-09-18T10:45:30.194Z
BETA,"BETA Technologies, Inc.",NYSE,excel_import,2026-09-18T09:57:12.863Z,2026-09-18T09:57:12.863Z
BETR,Better Home & Finance Holding Company,NASDAQ,nasdaq_trader,2026-09-18T10:45:30.194Z,2026-09-18T10:45:30.194Z
BETRW,Better Home & Finance Holding Company,NASDAQ,nasdaq_trader,2026-09-18T10:45:30.194Z,2026-09-18T10:45:30.194Z
BF.A,Brown Forman Inc,NYSE,nasdaq_trader,2026-09-18T10:45:30.194Z,2026-09-18T10:45:30.194Z
BF.B,Brown Forman Inc,NYSE,nasdaq_trader,2026-09-18T10:45:30.194Z,2026-09-18T10:45:30.194Z
BFAM,Bright Horizons Family Solutions Inc.,NYSE,nasdaq_trader,2026-09-18T10:45:30.194Z,2026-09-22T07:18:59.144Z
BFC,Bank First Corporation,NASDAQ,nasdaq_trader,2026-09-18T10:45:30.194Z,2026-09-18T10:45:30.194Z
BFH,"Bread Financial Holdings, Inc.",NYSE,nasdaq_trader,2026-09-18T10:45:30.194Z,2026-09-18T10:45:30.194Z
BFLY,"Butterfly Network, Inc.",NYSE,nasdaq_trader,2026-09-18T10:45:30.194Z,2026-09-18T10:45:30.194Z
BFRG,"Bullfrog AI Holdings, Inc.",NASDAQ,nasdaq_trader,2026-09-18T10:45:30.194Z,2026-09-18T10:45:30.194Z
BFRGW,"Bullfrog AI Holdings, Inc.",NASDAQ,nasdaq_trader,2026-09-18T10:45:30.194Z,2026-09-18T10:45:30.194Z
BFRI,Biofrontera Inc.,NASDAQ,nasdaq_trader,2026-09-18T10:45:30.194Z,2026-09-18T10:45:30.194Z
BFRIW,Biofrontera Inc.,NASDAQ,nasdaq_trader,2026-09-18T10:45:30.194Z,2026-09-18T10:45:30.194Z
BFS,"Saul Centers, Inc.",NYSE,nasdaq_trader,2026-09-18T10:45:30.194Z,2026-09-18T10:45:30.194Z
BFST,"Business First Bancshares, Inc.",NASDAQ,nasdaq_trader,2026-09-18T10:45:30.194Z,2026-09-18T10:45:30.194Z
BG,Bunge Global SA,NYSE,nasdaq_trader,2026-09-18T10:45:30.194Z,2026-09-22T07:18:59.146Z
BGB,Blackstone Strategic Credit 2027 Term Fund,NYSE,nasdaq_trader,2026-09-18T10:45:30.194Z,2026-09-18T10:45:30.194Z
BGC,"BGC Group, Inc.",NASDAQ,nasdaq_trader,2026-09-18T10:45:30.194Z,2026-09-18T10:45:30.194Z
BGDE,"Big Digital Energy, Inc.",NASDAQ,excel_import,2026-09-18T09:57:12.863Z,2026-09-18T09:57:12.863Z
BGH,Barings Global Short Duration High Yield Fund,NYSE,nasdaq_trader,2026-09-18T10:45:30.194Z,2026-09-22T07:18:59.148Z
BGIN,Bgin Blockchain Limited,NASDAQ,excel_import,2026-09-18T09:57:12.863Z,2026-09-18T09:57:12.863Z
BGL,Blue Gold Limited,NASDAQ,nasdaq_trader,2026-09-18T10:45:30.194Z,2026-09-18T10:45:30.194Z
BGLC,BioNexus Gene Lab Corp,NASDAQ,nasdaq_trader,2026-09-18T10:45:30.194Z,2026-09-18T10:45:30.194Z
BGLWW,Blue Gold Limited,NASDAQ,nasdaq_trader,2026-09-18T10:45:30.194Z,2026-09-18T10:45:30.194Z
BGM,BGM Group Ltd.,NASDAQ,nasdaq_trader,2026-09-18T10:45:30.194Z,2026-09-18T10:45:30.194Z
BGMS,"Bio Green Med Solution, Inc.",NASDAQ,excel_import,2026-09-18T09:57:12.863Z,2026-09-18T09:57:12.863Z
BGOPF,Bango PLC,OTC,excel_import,2026-09-18T09:57:12.863Z,2026-09-18T09:57:12.863Z
BGR,BlackRock Energy and Resources Trust,NYSE,nasdaq_trader,2026-09-18T10:45:30.194Z,2026-09-18T10:45:30.194Z
BGS,"B&G Foods, Inc.",NYSE,nasdaq_trader,2026-09-18T10:45:30.194Z,2026-09-18T10:45:30.194Z
BGSF,"BGSF, Inc.",NYSE,nasdaq_trader,2026-09-18T10:45:30.194Z,2026-09-18T10:45:30.194Z
BGSI,Boyd Group Services Inc. Common Shares,NYSE,nasdaq_trader,2026-09-18T10:45:30.194Z,2026-09-18T10:45:30.194Z
BGT,BlackRock Floating Rate Income Trust,NYSE,nasdaq_trader,2026-09-18T10:45:30.194Z,2026-09-18T10:45:30.194Z
BGX,Blackstone Long Short Credit Income Fund Common Shares,NYSE,nasdaq_trader,2026-09-18T10:45:30.194Z,2026-09-18T10:45:30.194Z
BGY,Blackrock Enhanced International Dividend Trust,NYSE,nasdaq_trader,2026-09-18T10:45:30.194Z,2026-09-18T10:45:30.194Z
BH,Biglari Holdings Inc.,NYSE,nasdaq_trader,2026-09-18T10:45:30.194Z,2026-09-18T10:45:30.194Z
BH.A,Biglari Holdings Inc.,NYSE,nasdaq_trader,2026-09-18T10:45:30.194Z,2026-09-18T10:45:30.194Z
BHAV,BHAV Acquisition Corp,NASDAQ,nasdaq_trader,2026-09-18T10:45:30.194Z,2026-09-18T10:45:30.194Z
BHAVR,BHAV Acquisition Corp,NASDAQ,nasdaq_trader,2026-09-18T10:45:30.194Z,2026-09-18T10:45:30.194Z
BHAVU,BHAV Acquisition Corp,NASDAQ,nasdaq_trader,2026-09-18T10:45:30.194Z,2026-09-18T10:45:30.194Z
BHB,"Bar Harbor Bankshares, Inc.",AMEX,nasdaq_trader,2026-09-18T10:45:30.194Z,2026-09-18T10:45:30.194Z
BHC,Bausch Health Companies Inc.,NYSE,nasdaq_trader,2026-09-18T10:45:30.194Z,2026-09-18T10:45:30.194Z
BHE,"Benchmark Electronics, Inc.",NYSE,nasdaq_trader,2026-09-18T10:45:30.194Z,2026-09-18T10:45:30.194Z
BHF,"Brighthouse Financial, Inc.",NASDAQ,nasdaq_trader,2026-09-18T10:45:30.194Z,2026-09-18T10:45:30.194Z
BHFAL,"Brighthouse Financial, Inc.",NASDAQ,nasdaq_trader,2026-09-18T10:45:30.194Z,2026-09-18T10:45:30.194Z
BHFAM,"Brighthouse Financial, Inc.",NASDAQ,nasdaq_trader,2026-09-18T10:45:30.194Z,2026-09-18T10:45:30.194Z
BHFAN,"Brighthouse Financial, Inc.",NASDAQ,nasdaq_trader,2026-09-18T10:45:30.194Z,2026-09-18T10:45:30.194Z
BHFAO,"Brighthouse Financial, Inc.",NASDAQ,nasdaq_trader,2026-09-18T10:45:30.194Z,2026-09-18T10:45:30.194Z
BHFAP,"Brighthouse Financial, Inc.",NASDAQ,nasdaq_trader,2026-09-18T10:45:30.194Z,2026-09-18T10:45:30.194Z
BHK,Blackrock Core Bond Trust,NYSE,nasdaq_trader,2026-09-18T10:45:30.194Z,2026-09-18T10:45:30.194Z
BHM,"Bluerock Homes Trust, Inc.",AMEX,nasdaq_trader,2026-09-18T10:45:30.194Z,2026-09-18T10:45:30.194Z
BHP,BHP Group Limited,NYSE,nasdaq_trader,2026-09-18T10:45:30.194Z,2026-09-18T10:45:30.194Z
BHR,Braemar Hotels & Resorts Inc.,NYSE,nasdaq_trader,2026-09-18T10:45:30.194Z,2026-09-18T10:45:30.194Z
BHRB,Burke & Herbert Financial Services Corp.,NASDAQ,nasdaq_trader,2026-09-18T10:45:30.194Z,2026-09-18T10:45:30.194Z
BHST,BioHarvest Sciences Inc.,NASDAQ,nasdaq_trader,2026-09-18T10:45:30.194Z,2026-09-18T10:45:30.194Z
BHV,BlackRock Virginia Municipal Bond Trust,NYSE,nasdaq_trader,2026-09-18T10:45:30.194Z,2026-09-18T10:45:30.194Z
BHVN,Biohaven Ltd. Common Shares,NYSE,nasdaq_trader,2026-09-18T10:45:30.194Z,2026-09-18T10:45:30.194Z
BIAF,"bioAffinity Technologies, Inc.",NASDAQ,nasdaq_trader,2026-09-18T10:45:30.194Z,2026-09-18T10:45:30.194Z
BIAFW,"bioAffinity Technologies, Inc.",NASDAQ,nasdaq_trader,2026-09-18T10:45:30.194Z,2026-09-18T10:45:30.194Z
BID,Tribeca Strategic Acquisition Corp.,NASDAQ,nasdaq_trader,2026-09-18T10:45:30.194Z,2026-09-18T10:45:30.194Z
BIDU,"Baidu, Inc.",NASDAQ,nasdaq_trader,2026-09-18T10:45:30.194Z,2026-09-18T10:45:30.194Z
BIDWR,Tribeca Strategic Acquisition Corp.,NASDAQ,nasdaq_trader,2026-09-18T10:45:30.194Z,2026-09-18T10:45:30.194Z
BIDWU,Tribeca Strategic Acquisition Corp.,NASDAQ,nasdaq_trader,2026-09-18T10:45:30.194Z,2026-09-18T10:45:30.194Z
BIIB,Biogen Inc.,NASDAQ,nasdaq_trader,2026-09-18T10:45:30.194Z,2026-09-18T10:45:30.194Z
BIII,Black Spade Acquisition III Co,NYSE,nasdaq_trader,2026-09-18T10:45:30.194Z,2026-09-18T10:45:30.194Z
BIII.U,Black Spade Acquisition III Co,NYSE,nasdaq_trader,2026-09-18T10:45:30.194Z,2026-09-18T10:45:30.194Z
BIII.W,Black Spade Acquisition III Co,NYSE,nasdaq_trader,2026-09-18T10:45:30.194Z,2026-09-18T10:45:30.194Z
BILI,Bilibili Inc.,NASDAQ,nasdaq_trader,2026-09-18T10:45:30.194Z,2026-09-18T10:45:30.194Z
BILL,"BILL Holdings, Inc.",NYSE,nasdaq_trader,2026-09-18T10:45:30.194Z,2026-09-18T10:45:30.194Z
BIO,"Bio-Rad Laboratories, Inc.",NYSE,nasdaq_trader,2026-09-18T10:45:30.194Z,2026-09-18T10:45:30.194Z
BIO.B,"Bio-Rad Laboratories, Inc.",NYSE,nasdaq_trader,2026-09-18T10:45:30.194Z,2026-09-18T10:45:30.194Z
BIOA,"BioAge Labs, Inc.",NASDAQ,nasdaq_trader,2026-09-18T10:45:30.194Z,2026-09-18T10:45:30.194Z
BIOT,Instinct Bio Technical Company Holdings Inc.,NASDAQ,nasdaq_trader,2026-09-18T10:45:30.194Z,2026-09-18T10:45:30.194Z
BIOTW,Instinct Bio Technical Company Holdings Inc.,NASDAQ,nasdaq_trader,2026-09-18T10:45:30.194Z,2026-09-18T10:45:30.194Z
BIOX,Bioceres Crop Solutions Corp.,NASDAQ,nasdaq_trader,2026-09-18T10:45:30.194Z,2026-09-18T10:45:30.194Z
BIP,Brookfield Infrastructure Partners L.P.,NYSE,nasdaq_trader,2026-09-18T10:45:30.194Z,2026-09-22T07:18:59.150Z
BIPC,Brookfield Infrastructure Corporation,NYSE,nasdaq_trader,2026-09-18T10:45:30.194Z,2026-09-22T07:18:59.151Z
BIPH,Brookfield Infrastructure Finance LLC 5% Sub. Notes due 2081,NYSE,nasdaq_trader,2026-09-18T10:45:30.194Z,2026-09-22T07:18:59.153Z
BIPI,BIP Bermuda Holdings I Limited ,NYSE,nasdaq_trader,2026-09-18T10:45:30.194Z,2026-09-22T07:18:59.154Z
BIPJ,Brookfield Infrastructure Finance ULC,NYSE,nasdaq_trader,2026-09-18T10:45:30.194Z,2026-09-22T07:18:59.156Z
BIRD,"Smartbird, Inc.",NASDAQ,nasdaq_trader,2026-09-18T10:45:30.194Z,2026-09-18T10:45:30.194Z
BIRK,Birkenstock Holding plc,NYSE,nasdaq_trader,2026-09-18T10:45:30.194Z,2026-09-18T10:45:30.194Z
BIT,BlackRock Multi-Sector Income Trust,NYSE,nasdaq_trader,2026-09-18T10:45:30.194Z,2026-09-18T10:45:30.194Z
BIVI,BioVie Inc.,NASDAQ,nasdaq_trader,2026-09-18T10:45:30.194Z,2026-09-18T10:45:30.194Z
BIVIW,BioVie Inc.,NASDAQ,nasdaq_trader,2026-09-18T10:45:30.194Z,2026-09-18T10:45:30.194Z
BIXI,Bitcoin Infrastructure Acquisition Corp Ltd.,NASDAQ,nasdaq_trader,2026-09-18T10:45:30.194Z,2026-09-18T10:45:30.194Z
BIXIU,Bitcoin Infrastructure Acquisition Corp Ltd.,NASDAQ,nasdaq_trader,2026-09-18T10:45:30.194Z,2026-09-18T10:45:30.194Z
BIXIW,Bitcoin Infrastructure Acquisition Corp Ltd.,NASDAQ,nasdaq_trader,2026-09-18T10:45:30.194Z,2026-09-18T10:45:30.194Z
BIYA,Baiya International Group Inc.,NASDAQ,nasdaq_trader,2026-09-18T10:45:30.194Z,2026-09-18T10:45:30.194Z
BJ,"BJ's Wholesale Club Holdings, Inc.",NYSE,nasdaq_trader,2026-09-18T10:45:30.194Z,2026-09-18T10:45:30.194Z
BJDX,"Bluejay Diagnostics, Inc.",NASDAQ,nasdaq_trader,2026-09-18T10:45:30.194Z,2026-09-18T10:45:30.194Z
BJRI,"BJ's Restaurants, Inc.",NASDAQ,nasdaq_trader,2026-09-18T10:45:30.194Z,2026-09-18T10:45:30.194Z
BKD,Brookdale Senior Living Inc.,NYSE,nasdaq_trader,2026-09-18T10:45:30.194Z,2026-09-18T10:45:30.194Z
BKE,"Buckle, Inc. (The)",NYSE,nasdaq_trader,2026-09-18T10:45:30.194Z,2026-09-18T10:45:30.194Z
BKH,Black Hills Corporation,NYSE,nasdaq_trader,2026-09-18T10:45:30.194Z,2026-09-18T10:45:30.194Z
BKHA,Black Hawk Acquisition Corporation,NASDAQ,nasdaq_trader,2026-09-18T10:45:30.194Z,2026-09-18T10:45:30.194Z
BKHAR,Black Hawk Acquisition Corporation,NASDAQ,nasdaq_trader,2026-09-18T10:45:30.194Z,2026-09-18T10:45:30.194Z
BKHAU,Black Hawk Acquisition Corporation,NASDAQ,nasdaq_trader,2026-09-18T10:45:30.194Z,2026-09-18T10:45:30.194Z
BKKT,"Bakkt, Inc.",NYSE,nasdaq_trader,2026-09-18T10:45:30.194Z,2026-09-18T10:45:30.194Z
BKKT.W,"Bakkt, Inc.",NYSE,nasdaq_trader,2026-09-18T10:45:30.194Z,2026-09-18T10:45:30.194Z
BKNG,Booking Holdings Inc.,NASDAQ,nasdaq_trader,2026-09-18T10:45:30.194Z,2026-09-18T10:45:30.194Z
BKR,Baker Hughes Company,NASDAQ,nasdaq_trader,2026-09-18T10:45:30.194Z,2026-09-18T10:45:30.194Z
BKSY,BlackSky Technology Inc.,NYSE,nasdaq_trader,2026-09-18T10:45:30.194Z,2026-09-18T10:45:30.194Z
BKT,BlackRock Income Trust Inc. (The),NYSE,nasdaq_trader,2026-09-18T10:45:30.194Z,2026-09-18T10:45:30.194Z
BKTI,BK Technologies Corporation,AMEX,nasdaq_trader,2026-09-18T10:45:30.194Z,2026-09-18T10:45:30.194Z
BKU,"BankUnited, Inc.",NYSE,nasdaq_trader,2026-09-18T10:45:30.194Z,2026-09-18T10:45:30.194Z
BKV,BKV Corporation,NYSE,nasdaq_trader,2026-09-18T10:45:30.194Z,2026-09-18T10:45:30.194Z
BKYI,"BIO-key International, Inc.",NASDAQ,nasdaq_trader,2026-09-18T10:45:30.194Z,2026-09-18T10:45:30.194Z
BL,"BlackLine, Inc.",NASDAQ,nasdaq_trader,2026-09-18T10:45:30.194Z,2026-09-18T10:45:30.194Z
BLBD,Blue Bird Corporation,NASDAQ,nasdaq_trader,2026-09-18T10:45:30.194Z,2026-09-18T10:45:30.194Z
BLCO,Bausch + Lomb Corporation Common Shares,NYSE,nasdaq_trader,2026-09-18T10:45:30.194Z,2026-09-18T10:45:30.194Z
BLDP,"Ballard Power Systems, Inc.",NASDAQ,nasdaq_trader,2026-09-18T10:45:30.194Z,2026-09-18T10:45:30.194Z
BLDR,"Builders FirstSource, Inc.",NYSE,nasdaq_trader,2026-09-18T10:45:30.194Z,2026-09-18T10:45:30.194Z
BLFS,"BioLife Solutions, Inc.",NASDAQ,nasdaq_trader,2026-09-18T10:45:30.194Z,2026-09-18T10:45:30.194Z
BLIN,"Bridgeline Digital, Inc.",NASDAQ,nasdaq_trader,2026-09-18T10:45:30.194Z,2026-09-18T10:45:30.194Z
BLIV,BeLive Holdings,NASDAQ,nasdaq_trader,2026-09-18T10:45:30.194Z,2026-09-18T10:45:30.194Z
BLK,"BlackRock, Inc.",NYSE,nasdaq_trader,2026-09-18T10:45:30.194Z,2026-09-18T10:45:30.194Z
BLKB,"Blackbaud, Inc.",NASDAQ,nasdaq_trader,2026-09-18T10:45:30.194Z,2026-09-18T10:45:30.194Z
BLLN,"BillionToOne, Inc.",NASDAQ,excel_import,2026-09-18T09:57:12.863Z,2026-09-18T09:57:12.863Z
BLMN,"Bloomin' Brands, Inc.",NASDAQ,nasdaq_trader,2026-09-18T10:45:30.194Z,2026-09-18T10:45:30.194Z
BLMWF,BluMetric Environmental Inc.,OTC,excel_import,2026-09-18T09:57:12.863Z,2026-09-18T09:57:12.863Z
BLND,"Blend Labs, Inc.",NYSE,nasdaq_trader,2026-09-18T10:45:30.194Z,2026-09-18T10:45:30.194Z
BLNE,"Beeline Holdings, Inc.",NASDAQ,nasdaq_trader,2026-09-18T10:45:30.194Z,2026-09-18T10:45:30.194Z
BLNK,Blink Charging Co.,NASDAQ,nasdaq_trader,2026-09-18T10:45:30.194Z,2026-09-18T10:45:30.194Z
BLRK,Bluerock Acquisition Corp.,NASDAQ,nasdaq_trader,2026-09-18T10:45:30.194Z,2026-09-18T10:45:30.194Z
BLRKU,Bluerock Acquisition Corp.,NASDAQ,nasdaq_trader,2026-09-18T10:45:30.194Z,2026-09-18T10:45:30.194Z
BLRKW,Bluerock Acquisition Corp.,NASDAQ,nasdaq_trader,2026-09-18T10:45:30.194Z,2026-09-18T10:45:30.194Z
BLRX,BioLineRx Ltd.,NASDAQ,nasdaq_trader,2026-09-18T10:45:30.194Z,2026-09-18T10:45:30.194Z
BLSH,Bullish,NYSE,nasdaq_trader,2026-09-18T10:45:30.194Z,2026-09-18T10:45:30.194Z
BLSM,"BlossomHill Therapeutics, Inc.",NASDAQ,nasdaq_trader,2026-09-18T10:45:30.194Z,2026-09-18T10:45:30.194Z
BLTE,"Belite Bio, Inc",NASDAQ,nasdaq_trader,2026-09-18T10:45:30.194Z,2026-09-18T10:45:30.194Z
BLUW,Blue Water Acquisition Corp. III,NASDAQ,nasdaq_trader,2026-09-18T10:45:30.194Z,2026-09-18T10:45:30.194Z
BLUWU,Blue Water Acquisition Corp. III,NASDAQ,nasdaq_trader,2026-09-18T10:45:30.194Z,2026-09-18T10:45:30.194Z
BLUWW,Blue Water Acquisition Corp. III,NASDAQ,nasdaq_trader,2026-09-18T10:45:30.194Z,2026-09-18T10:45:30.194Z
BLW,Blackrock Limited Duration Income Trust,NYSE,nasdaq_trader,2026-09-18T10:45:30.194Z,2026-09-18T10:45:30.194Z
BLX,"Bladex, Inc.",NYSE,nasdaq_trader,2026-09-18T10:45:30.194Z,2026-09-18T10:45:30.194Z
BLZE,"Backblaze, Inc.",NASDAQ,nasdaq_trader,2026-09-18T10:45:30.194Z,2026-09-18T10:45:30.194Z
BLZR,Trailblazer Acquisition Corp.,NASDAQ,nasdaq_trader,2026-09-18T10:45:30.194Z,2026-09-18T10:45:30.194Z
BLZRU,Trailblazer Acquisition Corp.,NASDAQ,nasdaq_trader,2026-09-18T10:45:30.194Z,2026-09-18T10:45:30.194Z
BLZRW,Trailblazer Acquisition Corp.,NASDAQ,nasdaq_trader,2026-09-18T10:45:30.194Z,2026-09-18T10:45:30.194Z
BMA,Banco Macro S.A.,NYSE,nasdaq_trader,2026-09-18T10:45:30.194Z,2026-09-22T07:18:59.157Z
BMBL,Bumble Inc.,NASDAQ,nasdaq_trader,2026-09-18T10:45:30.194Z,2026-09-18T10:45:30.194Z
BME,Blackrock Health Sciences Trust,NYSE,nasdaq_trader,2026-09-18T10:45:30.194Z,2026-09-18T10:45:30.194Z
BMEA,"Biomea Fusion, Inc.",NASDAQ,nasdaq_trader,2026-09-18T10:45:30.194Z,2026-09-18T10:45:30.194Z
BMEZ,BlackRock Health Sciences Term Trust,NYSE,nasdaq_trader,2026-09-18T10:45:30.194Z,2026-09-18T10:45:30.194Z
BMGL,Basel Medical Group Ltd,NASDAQ,nasdaq_trader,2026-09-18T10:45:30.194Z,2026-09-18T10:45:30.194Z
BMHL,Bluemount Holdings Limited,NASDAQ,nasdaq_trader,2026-09-18T10:45:30.194Z,2026-09-18T10:45:30.194Z
BMI,"Badger Meter, Inc.",NYSE,nasdaq_trader,2026-09-18T10:45:30.194Z,2026-09-18T10:45:30.194Z
BMM,Blue Moon Metals Inc.,NASDAQ,nasdaq_trader,2026-09-18T10:45:30.194Z,2026-09-18T10:45:30.194Z
BMN,BlackRock 2037 Municipal Target Term Trust,NYSE,nasdaq_trader,2026-09-18T10:45:30.194Z,2026-09-18T10:45:30.194Z
BMNP,BitMine Immersion Technologies Inc,NYSE,nasdaq_trader,2026-09-18T10:45:30.194Z,2026-09-22T07:18:59.159Z
BMNR,"BitMine Immersion Technologies, Inc.",NYSE,nasdaq_trader,2026-09-18T10:45:30.194Z,2026-09-18T10:45:30.194Z
BMO,Bank Of Montreal,NYSE,nasdaq_trader,2026-09-18T10:45:30.194Z,2026-09-18T10:45:30.194Z
BMR,Beamr Imaging Ltd.,NASDAQ,nasdaq_trader,2026-09-18T10:45:30.194Z,2026-09-18T10:45:30.194Z
BMRA,"Biomerica, Inc.",NASDAQ,nasdaq_trader,2026-09-18T10:45:30.194Z,2026-09-18T10:45:30.194Z
BMRC,Bank of Marin Bancorp,NASDAQ,nasdaq_trader,2026-09-18T10:45:30.194Z,2026-09-18T10:45:30.194Z
BMRN,BioMarin Pharmaceutical Inc.,NASDAQ,nasdaq_trader,2026-09-18T10:45:30.194Z,2026-09-18T10:45:30.194Z
BMY,Bristol-Myers Squibb Company,NYSE,nasdaq_trader,2026-09-18T10:45:30.194Z,2026-09-18T10:45:30.194Z
BN,Brookfield Corporation,NYSE,nasdaq_trader,2026-09-18T10:45:30.194Z,2026-09-22T07:18:59.161Z
BNAI,Brand Engagement Network Inc.,NASDAQ,nasdaq_trader,2026-09-18T10:45:30.194Z,2026-09-18T10:45:30.194Z
BNAIW,Brand Engagement Network Inc.,NASDAQ,nasdaq_trader,2026-09-18T10:45:30.194Z,2026-09-18T10:45:30.194Z
BNC,CEA Industries Inc.,NASDAQ,excel_import,2026-09-18T09:57:12.863Z,2026-09-18T09:57:12.863Z
BNCWW,CEA Industries Inc.,NASDAQ,nasdaq_trader,2026-09-18T10:45:30.194Z,2026-09-18T10:45:30.194Z
BNCWZ,CEA Industries Inc.,NASDAQ,nasdaq_trader,2026-09-18T10:45:30.194Z,2026-09-18T10:45:30.194Z
BNED,"Barnes & Noble Education, Inc",NYSE,nasdaq_trader,2026-09-18T10:45:30.194Z,2026-09-18T10:45:30.194Z
BNGO,"Bionano Genomics, Inc.",NASDAQ,nasdaq_trader,2026-09-18T10:45:30.194Z,2026-09-18T10:45:30.194Z
BNH,NASDAQ DM Ex US Industrials Ind,NYSE,nasdaq_trader,2026-09-18T10:45:30.194Z,2026-09-22T07:18:59.162Z
BNJ,Brookfield Finance Inc. 4.50% P,NYSE,nasdaq_trader,2026-09-18T10:45:30.194Z,2026-09-22T07:18:59.163Z
BNKK,"Bonk, Inc.",NASDAQ,excel_import,2026-09-18T09:57:12.863Z,2026-09-18T09:57:12.863Z
BNL,"Broadstone Net Lease, Inc.",NYSE,nasdaq_trader,2026-09-18T10:45:30.194Z,2026-09-18T10:45:30.194Z
BNR,Burning Rock Biotech Limited,NASDAQ,nasdaq_trader,2026-09-18T10:45:30.194Z,2026-09-18T10:45:30.194Z
BNS,The Bank of Nova Scotia,NYSE,nasdaq_trader,2026-09-18T10:45:30.194Z,2026-09-22T07:18:59.165Z
BNT,Brookfield Wealth Solutions Ltd.,NYSE,nasdaq_trader,2026-09-18T10:45:30.194Z,2026-09-22T07:18:59.166Z
BNTC,Benitec Biopharma Inc.,NASDAQ,nasdaq_trader,2026-09-18T10:45:30.194Z,2026-09-18T10:45:30.194Z
BNTX,BioNTech SE,NASDAQ,nasdaq_trader,2026-09-18T10:45:30.194Z,2026-09-18T10:45:30.194Z
BNXTF,BioNxt Solutions Inc.,OTC,excel_import,2026-09-18T09:57:12.863Z,2026-09-18T09:57:12.863Z
BNY,The Bank of New York Mellon Corporation,NYSE,nasdaq_trader,2026-09-18T10:45:30.194Z,2026-09-18T10:45:30.194Z
BOBS,"Bob's Discount Furniture, Inc.",NYSE,excel_import,2026-09-18T09:57:12.863Z,2026-09-18T09:57:12.863Z
BOC,Boston Omaha Corporation,NYSE,nasdaq_trader,2026-09-18T10:45:30.194Z,2026-09-18T10:45:30.194Z
BODI,"The Beachbody Company, Inc.",NASDAQ,nasdaq_trader,2026-09-18T10:45:30.194Z,2026-09-18T10:45:30.194Z
BOE,Blackrock Enhanced Global Dividend Trust,NYSE,nasdaq_trader,2026-09-18T10:45:30.194Z,2026-09-18T10:45:30.194Z
BOF,BranchOut Food Inc.,NASDAQ,nasdaq_trader,2026-09-18T10:45:30.194Z,2026-09-18T10:45:30.194Z
BOH,Bank of Hawaii Corporation,NYSE,nasdaq_trader,2026-09-18T10:45:30.194Z,2026-09-18T10:45:30.194Z
BOKF,BOK Financial Corporation,NASDAQ,nasdaq_trader,2026-09-18T10:45:30.194Z,2026-09-18T10:45:30.194Z
BOLD,"Boundless Bio, Inc.",NASDAQ,nasdaq_trader,2026-09-18T10:45:30.194Z,2026-09-18T10:45:30.194Z
BOLT,"Bolt Biotherapeutics, Inc.",NASDAQ,nasdaq_trader,2026-09-18T10:45:30.194Z,2026-09-18T10:45:30.194Z
BON,Bon Natural Life Limited,NASDAQ,nasdaq_trader,2026-09-18T10:45:30.194Z,2026-09-18T10:45:30.194Z
BOOM,DMC Global Inc.,NASDAQ,nasdaq_trader,2026-09-18T10:45:30.194Z,2026-09-18T10:45:30.194Z
BOOT,"Boot Barn Holdings, Inc.",NYSE,nasdaq_trader,2026-09-18T10:45:30.194Z,2026-09-18T10:45:30.194Z
BORMF,Borealis Mining Company Limited,OTC,excel_import,2026-09-18T09:57:12.863Z,2026-09-22T07:18:58.873Z
BORR,Borr Drilling Limited Common Shares,NYSE,nasdaq_trader,2026-09-18T10:45:30.194Z,2026-09-18T10:45:30.194Z
BOSC,B.O.S. Better Online Solutions,NASDAQ,nasdaq_trader,2026-09-18T10:45:30.194Z,2026-09-18T10:45:30.194Z
BOT,"RoboStrategy, Inc.",NASDAQ,nasdaq_trader,2026-09-18T10:45:30.194Z,2026-09-18T10:45:30.194Z
BOTJ,"Bank of the James Financial Group, Inc.",NASDAQ,nasdaq_trader,2026-09-18T10:45:30.194Z,2026-09-18T10:45:30.194Z
BOW,Bowhead Specialty Holdings Inc.,NYSE,nasdaq_trader,2026-09-18T10:45:30.194Z,2026-09-18T10:45:30.194Z
BOX,"Box, Inc.",NYSE,nasdaq_trader,2026-09-18T10:45:30.194Z,2026-09-18T10:45:30.194Z
BOXL,Boxlight Corporation,NASDAQ,nasdaq_trader,2026-09-18T10:45:30.194Z,2026-09-18T10:45:30.194Z
BP,BP p.l.c.,NYSE,nasdaq_trader,2026-09-18T10:45:30.194Z,2026-09-18T10:45:30.194Z
BPAC,Blueport Acquisition Ltd,NASDAQ,nasdaq_trader,2026-09-18T10:45:30.194Z,2026-09-18T10:45:30.194Z
BPACR,Blueport Acquisition Ltd,NASDAQ,nasdaq_trader,2026-09-18T10:45:30.194Z,2026-09-18T10:45:30.194Z
BPACU,Blueport Acquisition Ltd,NASDAQ,nasdaq_trader,2026-09-18T10:45:30.194Z,2026-09-18T10:45:30.194Z
BPOP,"Popular, Inc.",NASDAQ,nasdaq_trader,2026-09-18T10:45:30.194Z,2026-09-18T10:45:30.194Z
BPOPM,Popular Capital Trust II PFD GTD 6.125%,NASDAQ,nasdaq_trader,2026-09-18T10:45:30.194Z,2026-09-22T07:18:58.940Z
BPRE,Bluerock Private Real Estate Fund,NYSE,nasdaq_trader,2026-09-18T10:45:30.194Z,2026-09-18T10:45:30.194Z
BPRN,"Princeton Bancorp, Inc.",NASDAQ,nasdaq_trader,2026-09-18T10:45:30.194Z,2026-09-18T10:45:30.194Z
BPYPM,Brookfield Property Preferred L.P.,NASDAQ,nasdaq_trader,2026-09-18T10:45:30.194Z,2026-09-22T07:18:58.942Z
BPYPN,Brookfield Property Partners L.P.,NASDAQ,nasdaq_trader,2026-09-18T10:45:30.194Z,2026-09-18T10:45:30.194Z
BPYPO,Brookfield Property Partners L.P.,NASDAQ,nasdaq_trader,2026-09-18T10:45:30.194Z,2026-09-18T10:45:30.194Z
BPYPP,Brookfield Property Partners L.P.,NASDAQ,nasdaq_trader,2026-09-18T10:45:30.194Z,2026-09-18T10:45:30.194Z
BQ,Boqii Holding Limited,AMEX,nasdaq_trader,2026-09-18T10:45:30.194Z,2026-09-18T10:45:30.194Z
BR,"Broadridge Financial Solutions, Inc.",NYSE,nasdaq_trader,2026-09-18T10:45:30.194Z,2026-09-18T10:45:30.194Z
BRAG,Bragg Gaming Group Inc.,NASDAQ,nasdaq_trader,2026-09-18T10:45:30.194Z,2026-09-18T10:45:30.194Z
BRAI,Braiin Limited,NASDAQ,nasdaq_trader,2026-09-18T10:45:30.194Z,2026-09-18T10:45:30.194Z
BRBI,BRBI BR Partners S.A.,NASDAQ,nasdaq_trader,2026-09-18T10:45:30.194Z,2026-09-18T10:45:30.194Z
BRBR,"BellRing Brands, Inc.",NYSE,nasdaq_trader,2026-09-18T10:45:30.194Z,2026-09-18T10:45:30.194Z
BRBS,"Blue Ridge Bankshares, Inc.",AMEX,nasdaq_trader,2026-09-18T10:45:30.194Z,2026-09-18T10:45:30.194Z
BRC,Brady Corporation,NYSE,nasdaq_trader,2026-09-18T10:45:30.194Z,2026-09-18T10:45:30.194Z
BRCB,"Black Rock Coffee Bar, Inc.",NASDAQ,nasdaq_trader,2026-09-18T10:45:30.194Z,2026-09-18T10:45:30.194Z
BRCC,BRC Inc.,NYSE,nasdaq_trader,2026-09-18T10:45:30.194Z,2026-09-18T10:45:30.194Z
BREZ,Breeze Acquisition Corp. II,NASDAQ,nasdaq_trader,2026-09-18T10:45:30.194Z,2026-09-18T10:45:30.194Z
BREZR,Breeze Acquisition Corp. II,NASDAQ,nasdaq_trader,2026-09-18T10:45:30.194Z,2026-09-18T10:45:30.194Z
BRFH,Barfresh Food Group Inc.,NASDAQ,nasdaq_trader,2026-09-18T10:45:30.194Z,2026-09-18T10:45:30.194Z
BRIA,BrilliA Inc,AMEX,nasdaq_trader,2026-09-18T10:45:30.194Z,2026-09-18T10:45:30.194Z
BRIBF,Brii Biosciences Limited,OTC,excel_import,2026-09-18T09:57:12.863Z,2026-09-18T09:57:12.863Z
BRID,Bridgford Foods Corporation,NASDAQ,nasdaq_trader,2026-09-18T10:45:30.194Z,2026-09-18T10:45:30.194Z
BRK.A,Berkshire Hathaway Inc.,NYSE,nasdaq_trader,2026-09-18T10:45:30.194Z,2026-09-18T10:45:30.194Z
BRK.B,Berkshire Hathaway Inc. New,NYSE,nasdaq_trader,2026-09-18T10:45:30.194Z,2026-09-18T10:45:30.194Z
BRKH,Burtech Acquisition Corp II,NASDAQ,nasdaq_trader,2026-09-18T10:45:30.194Z,2026-09-18T10:45:30.194Z
BRKHU,Burtech Acquisition Corp II,NASDAQ,nasdaq_trader,2026-09-18T10:45:30.194Z,2026-09-18T10:45:30.194Z
BRKHW,Burtech Acquisition Corp II,NASDAQ,nasdaq_trader,2026-09-18T10:45:30.194Z,2026-09-18T10:45:30.194Z
BRKR,Bruker Corporation,NASDAQ,nasdaq_trader,2026-09-18T10:45:30.194Z,2026-09-18T10:45:30.194Z
BRKRP,Bruker Corporation,NASDAQ,nasdaq_trader,2026-09-18T10:45:30.194Z,2026-09-18T10:45:30.194Z
BRLGF,Dominion Lending Centres Inc.,OTC,excel_import,2026-09-18T09:57:12.863Z,2026-09-18T09:57:12.863Z
BRLS,Borealis Foods Inc.,NASDAQ,nasdaq_trader,2026-09-18T10:45:30.194Z,2026-09-18T10:45:30.194Z
BRLSW,Borealis Foods Inc.,NASDAQ,nasdaq_trader,2026-09-18T10:45:30.194Z,2026-09-18T10:45:30.194Z
BRLT,"Brilliant Earth Group, Inc.",NASDAQ,nasdaq_trader,2026-09-18T10:45:30.194Z,2026-09-18T10:45:30.194Z
BRN,"Barnwell Industries, Inc.",AMEX,nasdaq_trader,2026-09-18T10:45:30.194Z,2026-09-18T10:45:30.194Z
BRNX,BrenX Ltd.,NASDAQ,nasdaq_trader,2026-09-18T10:45:30.194Z,2026-09-18T10:45:30.194Z
BRO,"Brown & Brown, Inc.",NYSE,nasdaq_trader,2026-09-18T10:45:30.194Z,2026-09-18T10:45:30.194Z
BROS,Dutch Bros Inc.,NYSE,nasdaq_trader,2026-09-18T10:45:30.194Z,2026-09-18T10:45:30.194Z
BRQL,Dynamic Aerospace Systems,OTC,excel_import,2026-09-18T09:57:12.863Z,2026-09-18T09:57:12.863Z
BRR,"ProCap Financial, Inc.",NASDAQ,nasdaq_trader,2026-09-18T10:45:30.194Z,2026-09-18T10:45:30.194Z
BRRWW,"ProCap Financial, Inc.",NASDAQ,nasdaq_trader,2026-09-18T10:45:30.194Z,2026-09-18T10:45:30.194Z
BRSL,Brightstar Lottery PLC,NYSE,nasdaq_trader,2026-09-18T10:45:30.194Z,2026-09-22T07:18:59.167Z
BRSP,"BrightSpire Capital, Inc.",NYSE,nasdaq_trader,2026-09-18T10:45:30.194Z,2026-09-18T10:45:30.194Z
BRT,BRT Apartments Corp.,NYSE,nasdaq_trader,2026-09-18T10:45:30.194Z,2026-09-22T07:18:59.169Z
BRTM,B&R Technology Merger Corp.,NASDAQ,nasdaq_trader,2026-09-18T10:45:30.194Z,2026-09-18T10:45:30.194Z
BRTMU,B&R Technology Merger Corp.,NASDAQ,nasdaq_trader,2026-09-18T10:45:30.194Z,2026-09-18T10:45:30.194Z
BRTMW,B&R Technology Merger Corp.,NASDAQ,nasdaq_trader,2026-09-18T10:45:30.194Z,2026-09-18T10:45:30.194Z
BRTX,"BioRestorative Therapies, Inc.",NASDAQ,nasdaq_trader,2026-09-18T10:45:30.194Z,2026-09-18T10:45:30.194Z
BRUN,Boost Run Inc.,NASDAQ,nasdaq_trader,2026-09-18T10:45:30.194Z,2026-09-18T10:45:30.194Z
BRVE,"Braveheart Bio, Inc.",NASDAQ,excel_import,2026-09-18T09:57:12.863Z,2026-09-18T09:57:12.863Z
BRW,Saba Capital Income & Opportunities Fund,NYSE,nasdaq_trader,2026-09-18T10:45:30.194Z,2026-09-22T07:18:59.171Z
BRX,Brixmor Property Group Inc.,NYSE,nasdaq_trader,2026-09-18T10:45:30.194Z,2026-09-18T10:45:30.194Z
BRZE,"Braze, Inc.",NASDAQ,nasdaq_trader,2026-09-18T10:45:30.194Z,2026-09-18T10:45:30.194Z
BSAA,BEST SPAC I Acquisition Corp.,NASDAQ,nasdaq_trader,2026-09-18T10:45:30.194Z,2026-09-18T10:45:30.194Z
BSAAR,BEST SPAC I Acquisition Corp.,NASDAQ,nasdaq_trader,2026-09-18T10:45:30.194Z,2026-09-18T10:45:30.194Z
BSAAU,BEST SPAC I Acquisition Corp.,NASDAQ,nasdaq_trader,2026-09-18T10:45:30.194Z,2026-09-18T10:45:30.194Z
BSAC,Banco Santander-Chile,NYSE,nasdaq_trader,2026-09-18T10:45:30.194Z,2026-09-22T07:18:59.172Z
BSBK,Bogota Financial Corp.,NASDAQ,nasdaq_trader,2026-09-18T10:45:30.194Z,2026-09-18T10:45:30.194Z
BSBR,Banco Santander (Brasil) S.A.,NYSE,nasdaq_trader,2026-09-18T10:45:30.194Z,2026-09-22T07:18:59.174Z
BSCL,"BILI Social International, Inc.",OTC,excel_import,2026-09-18T09:57:12.863Z,2026-09-18T09:57:12.863Z
BSEM,"BioStem Technologies, Inc.",NASDAQ,nasdaq_trader,2026-09-18T10:45:30.194Z,2026-09-18T10:45:30.194Z
BSET,"Bassett Furniture Industries, Incorporated",NASDAQ,nasdaq_trader,2026-09-18T10:45:30.194Z,2026-09-18T10:45:30.194Z
BSIN,Big Sky Industrial Inc.,NASDAQ,nasdaq_trader,2026-09-18T10:45:30.194Z,2026-09-18T10:45:30.194Z
BSL,Blackstone Senior Floating Rate 2027 Term Fund,NYSE,nasdaq_trader,2026-09-18T10:45:30.194Z,2026-09-18T10:45:30.194Z
BSM,"Black Stone Minerals, L.P. Common",NYSE,nasdaq_trader,2026-09-18T10:45:30.194Z,2026-09-18T10:45:30.194Z
BSP,Bending Spoons S.p.A.,NASDAQ,nasdaq_trader,2026-09-18T10:45:30.194Z,2026-09-18T10:45:30.194Z
BSRR,Sierra Bancorp,NASDAQ,nasdaq_trader,2026-09-18T10:45:30.194Z,2026-09-18T10:45:30.194Z
BST,BlackRock Science and Technology Trust,NYSE,nasdaq_trader,2026-09-18T10:45:30.194Z,2026-09-18T10:45:30.194Z
BSTZ,BlackRock Science and Technology Term Trust,NYSE,nasdaq_trader,2026-09-18T10:45:30.194Z,2026-09-18T10:45:30.194Z
BSVN,Bank7 Corp.,NASDAQ,nasdaq_trader,2026-09-18T10:45:30.194Z,2026-09-18T10:45:30.194Z
BSX,Boston Scientific Corporation,NYSE,nasdaq_trader,2026-09-18T10:45:30.194Z,2026-09-18T10:45:30.194Z
BSY,"Bentley Systems, Incorporated",NASDAQ,nasdaq_trader,2026-09-18T10:45:30.194Z,2026-09-18T10:45:30.194Z
BTBD,"BT Brands, Inc.",NASDAQ,nasdaq_trader,2026-09-18T10:45:30.194Z,2026-09-18T10:45:30.194Z
BTBDW,"BT Brands, Inc.",NASDAQ,nasdaq_trader,2026-09-18T10:45:30.194Z,2026-09-18T10:45:30.194Z
BTBT,"Bit Digital, Inc.",NASDAQ,nasdaq_trader,2026-09-18T10:45:30.194Z,2026-09-18T10:45:30.194Z
BTCFF,Bitcoin Treasury Corporation,OTC,excel_import,2026-09-18T09:57:12.863Z,2026-09-18T09:57:12.863Z
BTCS,BTCS Inc.,NASDAQ,nasdaq_trader,2026-09-18T10:45:30.194Z,2026-09-18T10:45:30.194Z
BTCT,BTC Digital Ltd.,NASDAQ,nasdaq_trader,2026-09-18T10:45:30.194Z,2026-09-18T10:45:30.194Z
BTDR,Bitdeer Technologies Group,NASDAQ,nasdaq_trader,2026-09-18T10:45:30.194Z,2026-09-18T10:45:30.194Z
BTE,Baytex Energy Corp Common Shares,NYSE,nasdaq_trader,2026-09-18T10:45:30.194Z,2026-09-18T10:45:30.194Z
BTG,B2Gold Corp.,AMEX,nasdaq_trader,2026-09-18T10:45:30.194Z,2026-09-22T07:18:59.175Z
BTGO,"BitGo Holdings, Inc.",NYSE,nasdaq_trader,2026-09-18T10:45:30.194Z,2026-09-18T10:45:30.194Z
BTI,British American Tobacco p.l.c.,NYSE,nasdaq_trader,2026-09-18T10:45:30.194Z,2026-09-22T07:18:59.177Z
BTLN,"Brightline Interactive, Inc.",NASDAQ,nasdaq_trader,2026-09-18T10:45:30.194Z,2026-09-18T10:45:30.194Z
BTMD,Biote Corp.,NASDAQ,nasdaq_trader,2026-09-18T10:45:30.194Z,2026-09-18T10:45:30.194Z
BTO,John Hancock Financial Opportunities Fund,NYSE,nasdaq_trader,2026-09-18T10:45:30.194Z,2026-09-18T10:45:30.194Z
BTOC,Armlogi Holding Corp.,NASDAQ,nasdaq_trader,2026-09-18T10:45:30.194Z,2026-09-18T10:45:30.194Z
BTQ,BTQ Technologies Corp.,NASDAQ,nasdaq_trader,2026-09-18T10:45:30.194Z,2026-09-18T10:45:30.194Z
BTSG,"BrightSpring Health Services, Inc.",NASDAQ,nasdaq_trader,2026-09-18T10:45:30.194Z,2026-09-18T10:45:30.194Z
BTSGU,"BrightSpring Health Services, Inc.",NASDAQ,nasdaq_trader,2026-09-18T10:45:30.194Z,2026-09-18T10:45:30.194Z
BTT,BlackRock Municipal 2030 Target Term Trust,NYSE,nasdaq_trader,2026-09-18T10:45:30.194Z,2026-09-18T10:45:30.194Z
BTTC,Black Titan Corp,NASDAQ,nasdaq_trader,2026-09-18T10:45:30.194Z,2026-09-18T10:45:30.194Z
BTU,Peabody Energy Corporation,NYSE,nasdaq_trader,2026-09-18T10:45:30.194Z,2026-09-18T10:45:30.194Z
BTX,BlackRock Innovation and Growth Term Trust,NYSE,nasdaq_trader,2026-09-18T10:45:30.194Z,2026-09-22T07:18:59.179Z
BTZ,BlackRock Credit Allocation Income Trust,NYSE,nasdaq_trader,2026-09-18T10:45:30.194Z,2026-09-18T10:45:30.194Z
BUD,Anheuser-Busch InBev SA/NV,NYSE,nasdaq_trader,2026-09-18T10:45:30.194Z,2026-09-22T07:18:59.180Z
BUDA,"Buda Juice, Inc.",AMEX,nasdaq_trader,2026-09-18T10:45:30.194Z,2026-09-18T10:45:30.194Z
BUI,"BlackRock Utilities, Infrastructure & Power Opportunities Trust",NYSE,nasdaq_trader,2026-09-18T10:45:30.194Z,2026-09-22T07:18:59.181Z
BULL,Webull Corporation,NASDAQ,excel_import,2026-09-18T09:57:12.863Z,2026-09-18T09:57:12.863Z
BULLW,Webull Corporation,NASDAQ,nasdaq_trader,2026-09-18T10:45:30.194Z,2026-09-18T10:45:30.194Z
BUR,Burford Capital Limited,NYSE,nasdaq_trader,2026-09-18T10:45:30.194Z,2026-09-18T10:45:30.194Z
BURL,"Burlington Stores, Inc.",NYSE,nasdaq_trader,2026-09-18T10:45:30.194Z,2026-09-18T10:45:30.194Z
BURU,"Nuburu, Inc.",AMEX,nasdaq_trader,2026-09-18T10:45:30.194Z,2026-09-18T10:45:30.194Z
BUSE,First Busey Corporation,NASDAQ,nasdaq_trader,2026-09-18T10:45:30.194Z,2026-09-18T10:45:30.194Z
BUSEP,First Busey Corporation,NASDAQ,nasdaq_trader,2026-09-18T10:45:30.194Z,2026-09-18T10:45:30.194Z
BUUU,BUUU Group Limited,NASDAQ,nasdaq_trader,2026-09-18T10:45:30.194Z,2026-09-18T10:45:30.194Z
BV,"BrightView Holdings, Inc.",NYSE,nasdaq_trader,2026-09-18T10:45:30.194Z,2026-09-18T10:45:30.194Z
BVC,BitVentures Limited,NASDAQ,nasdaq_trader,2026-09-18T10:45:30.194Z,2026-09-18T10:45:30.194Z
BVFL,"BV Financial, Inc.",NASDAQ,nasdaq_trader,2026-09-18T10:45:30.194Z,2026-09-18T10:45:30.194Z
BVN,Compañía de Minas Buenaventura S.A.A.,NYSE,nasdaq_trader,2026-09-18T10:45:30.194Z,2026-09-22T07:18:59.183Z
BVNKF,Bavarian Nordic A/S,OTC,excel_import,2026-09-18T09:57:12.863Z,2026-09-18T09:57:12.863Z
BVS,Bioventus Inc.,NASDAQ,nasdaq_trader,2026-09-18T10:45:30.194Z,2026-09-18T10:45:30.194Z
BW,"Babcock & Wilcox Enterprises, Inc.",NYSE,nasdaq_trader,2026-09-18T10:45:30.194Z,2026-09-18T10:45:30.194Z
BWA,BorgWarner Inc.,NYSE,nasdaq_trader,2026-09-18T10:45:30.194Z,2026-09-18T10:45:30.194Z
BWAY,BrainsWay Ltd.,NASDAQ,nasdaq_trader,2026-09-18T10:45:30.194Z,2026-09-18T10:45:30.194Z
BWB,"Bridgewater Bancshares, Inc.",NASDAQ,nasdaq_trader,2026-09-18T10:45:30.194Z,2026-09-18T10:45:30.194Z
BWBBP,"Bridgewater Bancshares, Inc.",NASDAQ,nasdaq_trader,2026-09-18T10:45:30.194Z,2026-09-18T10:45:30.194Z
BWEN,"Broadwind, Inc.",NASDAQ,nasdaq_trader,2026-09-18T10:45:30.194Z,2026-09-18T10:45:30.194Z
BWFG,"Bankwell Financial Group, Inc.",NASDAQ,nasdaq_trader,2026-09-18T10:45:30.194Z,2026-09-18T10:45:30.194Z
BWG,Legg Mason BW Global Income Opportunities Fund Inc.,NYSE,nasdaq_trader,2026-09-18T10:45:30.194Z,2026-09-22T07:18:59.185Z
BWIN,"The Baldwin Insurance Group, Inc.",NASDAQ,nasdaq_trader,2026-09-18T10:45:30.194Z,2026-09-18T10:45:30.194Z
BWIV,Blue Water Acquisition Corp. IV,NYSE,nasdaq_trader,2026-09-18T10:45:30.194Z,2026-09-18T10:45:30.194Z
BWIV.U,Blue Water Acquisition Corp. IV,NYSE,nasdaq_trader,2026-09-18T10:45:30.194Z,2026-09-18T10:45:30.194Z
BWIV.W,Blue Water Acquisition Corp. IV,NYSE,nasdaq_trader,2026-09-18T10:45:30.194Z,2026-09-18T10:45:30.194Z
BWLP,BW LPG Limited Common Shares,NYSE,nasdaq_trader,2026-09-18T10:45:30.194Z,2026-09-18T10:45:30.194Z
BWMN,Bowman Consulting Group Ltd.,NASDAQ,nasdaq_trader,2026-09-18T10:45:30.194Z,2026-09-18T10:45:30.194Z
BWMX,"Betterware de México, S.A.P.I. de C.V.",NYSE,nasdaq_trader,2026-09-18T10:45:30.194Z,2026-09-22T07:18:59.186Z
BWXT,"BWX Technologies, Inc.",NYSE,nasdaq_trader,2026-09-18T10:45:30.194Z,2026-09-18T10:45:30.194Z
BX,Blackstone Inc.,NYSE,nasdaq_trader,2026-09-18T10:45:30.194Z,2026-09-18T10:45:30.194Z
BXBL,"BOXABL, Inc.",NASDAQ,nasdaq_trader,2026-09-18T10:45:30.194Z,2026-09-18T10:45:30.194Z
BXC,Bluelinx Holdings Inc.,NYSE,nasdaq_trader,2026-09-18T10:45:30.194Z,2026-09-18T10:45:30.194Z
BXDC,Blackstone Digital Infrastructure Trust Inc.,NYSE,nasdaq_trader,2026-09-18T10:45:30.194Z,2026-09-18T10:45:30.194Z
BXMT,"Blackstone Mortgage Trust, Inc.",NYSE,nasdaq_trader,2026-09-18T10:45:30.194Z,2026-09-18T10:45:30.194Z
BXP,"BXP, Inc.",NYSE,nasdaq_trader,2026-09-18T10:45:30.194Z,2026-09-18T10:45:30.194Z
BXSL,Blackstone Secured Lending Fund,NYSE,nasdaq_trader,2026-09-18T10:45:30.194Z,2026-09-18T10:45:30.194Z
BY,"Byline Bancorp, Inc.",NYSE,nasdaq_trader,2026-09-18T10:45:30.194Z,2026-09-18T10:45:30.194Z
BYAH,"Park Ha Biological Technology Co., Ltd.",NASDAQ,nasdaq_trader,2026-09-18T10:45:30.194Z,2026-09-18T10:45:30.194Z
BYD,Boyd Gaming Corporation,NYSE,nasdaq_trader,2026-09-18T10:45:30.194Z,2026-09-18T10:45:30.194Z
BYFC,Broadway Financial Corporation,NASDAQ,nasdaq_trader,2026-09-18T10:45:30.194Z,2026-09-18T10:45:30.194Z
BYND,"Beyond Meat, Inc.",NASDAQ,nasdaq_trader,2026-09-18T10:45:30.194Z,2026-09-18T10:45:30.194Z
BYRN,"Byrna Technologies, Inc.",NASDAQ,nasdaq_trader,2026-09-18T10:45:30.194Z,2026-09-18T10:45:30.194Z
BYSI,"BeyondSpring, Inc.",NASDAQ,nasdaq_trader,2026-09-18T10:45:30.194Z,2026-09-18T10:45:30.194Z
BZ,KANZHUN LIMITED,NASDAQ,nasdaq_trader,2026-09-18T10:45:30.194Z,2026-09-18T10:45:30.194Z
BZAI,"Blaize Holdings, Inc.",NASDAQ,nasdaq_trader,2026-09-18T10:45:30.194Z,2026-09-18T10:45:30.194Z
BZAIW,"Blaize Holdings, Inc.",NASDAQ,nasdaq_trader,2026-09-18T10:45:30.194Z,2026-09-18T10:45:30.194Z
BZFD,"BuzzFeed, Inc.",NASDAQ,nasdaq_trader,2026-09-18T10:45:30.194Z,2026-09-18T10:45:30.194Z
BZFDW,"BuzzFeed, Inc.",NASDAQ,nasdaq_trader,2026-09-18T10:45:30.194Z,2026-09-18T10:45:30.194Z
BZH,"Beazer Homes USA, Inc.",NYSE,nasdaq_trader,2026-09-18T10:45:30.194Z,2026-09-18T10:45:30.194Z
BZUN,Baozun Inc.,NASDAQ,nasdaq_trader,2026-09-18T10:45:30.194Z,2026-09-18T10:45:30.194Z
C,"Citigroup, Inc.",NYSE,nasdaq_trader,2026-09-18T10:45:30.194Z,2026-09-18T10:45:30.194Z
CAAP,Corporación América Airports S.A.,NYSE,nasdaq_trader,2026-09-18T10:45:30.194Z,2026-09-22T07:18:59.188Z
CAAS,"China Automotive Systems, Inc.",NASDAQ,nasdaq_trader,2026-09-18T10:45:30.194Z,2026-09-18T10:45:30.194Z
CABA,"Cabaletta Bio, Inc.",NASDAQ,nasdaq_trader,2026-09-18T10:45:30.194Z,2026-09-18T10:45:30.194Z
CABO,"Cable One, Inc.",NYSE,nasdaq_trader,2026-09-18T10:45:30.194Z,2026-09-18T10:45:30.194Z
CABR,"Caring Brands, Inc.",NASDAQ,nasdaq_trader,2026-09-18T10:45:30.194Z,2026-09-18T10:45:30.194Z
CAC,Camden National Corporation,NASDAQ,nasdaq_trader,2026-09-18T10:45:30.194Z,2026-09-18T10:45:30.194Z
CACC,Credit Acceptance Corporation,NASDAQ,nasdaq_trader,2026-09-18T10:45:30.194Z,2026-09-18T10:45:30.194Z
CACI,"CACI International, Inc.",NYSE,nasdaq_trader,2026-09-18T10:45:30.194Z,2026-09-18T10:45:30.194Z
CADL,"Candel Therapeutics, Inc.",NASDAQ,nasdaq_trader,2026-09-18T10:45:30.194Z,2026-09-18T10:45:30.194Z
CAE,CAE Inc,NASDAQ,nasdaq_trader,2026-09-18T10:45:30.194Z,2026-09-18T10:45:30.194Z
CAES,"Cantor Equity Partners VII, Inc.",NASDAQ,nasdaq_trader,2026-09-18T10:45:30.194Z,2026-09-18T10:45:30.194Z
CAF,Morgan Stanley China A Share Fund Inc.,NYSE,nasdaq_trader,2026-09-18T10:45:30.194Z,2026-09-18T10:45:30.194Z
CAG,"ConAgra Brands, Inc.",NYSE,nasdaq_trader,2026-09-18T10:45:30.194Z,2026-09-18T10:45:30.194Z
CAH,"Cardinal Health, Inc.",NYSE,nasdaq_trader,2026-09-18T10:45:30.194Z,2026-09-18T10:45:30.194Z
CAI,"Caris Life Sciences, Inc.",NASDAQ,nasdaq_trader,2026-09-18T10:45:30.194Z,2026-09-18T10:45:30.194Z
CAII,Collective Acquisition Corp. II,NASDAQ,nasdaq_trader,2026-09-18T10:45:30.194Z,2026-09-18T10:45:30.194Z
CAIIU,Collective Acquisition Corp. II,NASDAQ,nasdaq_trader,2026-09-18T10:45:30.194Z,2026-09-18T10:45:30.194Z
CAIIW,Collective Acquisition Corp. II,NASDAQ,nasdaq_trader,2026-09-18T10:45:30.194Z,2026-09-18T10:45:30.194Z
CAKE,The Cheesecake Factory Incorporated,NASDAQ,nasdaq_trader,2026-09-18T10:45:30.194Z,2026-09-18T10:45:30.194Z
CAL,"Caleres, Inc.",NYSE,nasdaq_trader,2026-09-18T10:45:30.194Z,2026-09-18T10:45:30.194Z
CALC,"CalciMedica, Inc.",NASDAQ,nasdaq_trader,2026-09-18T10:45:30.194Z,2026-09-18T10:45:30.194Z
CALM,"Cal-Maine Foods, Inc.",NASDAQ,nasdaq_trader,2026-09-18T10:45:30.194Z,2026-09-18T10:45:30.194Z
CALX,"Calix, Inc",NYSE,nasdaq_trader,2026-09-18T10:45:30.194Z,2026-09-18T10:45:30.194Z
CALY,Callaway Golf Company,NYSE,excel_import,2026-09-18T09:57:12.863Z,2026-09-18T09:57:12.863Z
CAMP,CAMP4 Therapeutics Corporation,NASDAQ,nasdaq_trader,2026-09-18T10:45:30.194Z,2026-09-18T10:45:30.194Z
CAMT,Camtek Ltd.,NASDAQ,nasdaq_trader,2026-09-18T10:45:30.194Z,2026-09-18T10:45:30.194Z
CAN,Canaan Inc.,NASDAQ,nasdaq_trader,2026-09-18T10:45:30.194Z,2026-09-18T10:45:30.194Z
CANF,Can-Fite Biopharma Ltd,AMEX,nasdaq_trader,2026-09-18T10:45:30.194Z,2026-09-18T10:45:30.194Z
CANG,Cango Inc.,NYSE,nasdaq_trader,2026-09-18T10:45:30.194Z,2026-09-18T10:45:30.194Z
CAPL,CrossAmerica Partners LP Common,NYSE,nasdaq_trader,2026-09-18T10:45:30.194Z,2026-09-18T10:45:30.194Z
CAPN,Cayson Acquisition Corp,NASDAQ,nasdaq_trader,2026-09-18T10:45:30.194Z,2026-09-18T10:45:30.194Z
CAPNR,Cayson Acquisition Corp,NASDAQ,nasdaq_trader,2026-09-18T10:45:30.194Z,2026-09-18T10:45:30.194Z
CAPNU,Cayson Acquisition Corp,NASDAQ,nasdaq_trader,2026-09-18T10:45:30.194Z,2026-09-18T10:45:30.194Z
CAPR,"Capricor Therapeutics, Inc.",NASDAQ,nasdaq_trader,2026-09-18T10:45:30.194Z,2026-09-18T10:45:30.194Z
CAPS,Capstone Holding Corp.,NASDAQ,nasdaq_trader,2026-09-18T10:45:30.194Z,2026-09-18T10:45:30.194Z
CAQ,Cambridge Acquisition Corp.,NASDAQ,nasdaq_trader,2026-09-18T10:45:30.194Z,2026-09-18T10:45:30.194Z
CAQUU,Cambridge Acquisition Corp.,NASDAQ,nasdaq_trader,2026-09-18T10:45:30.194Z,2026-09-18T10:45:30.194Z
CAQUW,Cambridge Acquisition Corp.,NASDAQ,nasdaq_trader,2026-09-18T10:45:30.194Z,2026-09-18T10:45:30.194Z
CAR,"Avis Budget Group, Inc.",NASDAQ,nasdaq_trader,2026-09-18T10:45:30.194Z,2026-09-18T10:45:30.194Z
CARE,"Carter Bankshares, Inc.",NASDAQ,nasdaq_trader,2026-09-18T10:45:30.194Z,2026-09-18T10:45:30.194Z
CARG,"CarGurus, Inc.",NASDAQ,nasdaq_trader,2026-09-18T10:45:30.194Z,2026-09-18T10:45:30.194Z
CARL,"Carlsmed, Inc.",NASDAQ,nasdaq_trader,2026-09-18T10:45:30.194Z,2026-09-18T10:45:30.194Z
CARR,Carrier Global Corporation,NYSE,nasdaq_trader,2026-09-18T10:45:30.194Z,2026-09-18T10:45:30.194Z
CARS,Cars.com Inc.,NYSE,nasdaq_trader,2026-09-18T10:45:30.194Z,2026-09-18T10:45:30.194Z
CART,Maplebear Inc.,NASDAQ,nasdaq_trader,2026-09-18T10:45:30.194Z,2026-09-18T10:45:30.194Z
CASH,"Pathward Financial, Inc.",NASDAQ,excel_import,2026-09-18T09:57:12.863Z,2026-09-18T09:57:12.863Z
CASIF,"CASI Pharmaceuticals, Inc.",OTC,excel_import,2026-09-18T09:57:12.863Z,2026-09-18T09:57:12.863Z
CASS,"Cass Information Systems, Inc",NASDAQ,nasdaq_trader,2026-09-18T10:45:30.194Z,2026-09-18T10:45:30.194Z
CAST,"FreeCast, Inc.",NASDAQ,nasdaq_trader,2026-09-18T10:45:30.194Z,2026-09-18T10:45:30.194Z
CASY,"Caseys General Stores, Inc.",NASDAQ,nasdaq_trader,2026-09-18T10:45:30.194Z,2026-09-18T10:45:30.194Z
CAT,"Caterpillar, Inc.",NYSE,nasdaq_trader,2026-09-18T10:45:30.194Z,2026-09-18T10:45:30.194Z
CATL,Catalyst Acquisition Corp.,NASDAQ,nasdaq_trader,2026-09-18T10:45:30.194Z,2026-09-18T10:45:30.194Z
CATLR,Catalyst Acquisition Corp.,NASDAQ,nasdaq_trader,2026-09-18T10:45:30.194Z,2026-09-18T10:45:30.194Z
CATLU,Catalyst Acquisition Corp.,NASDAQ,nasdaq_trader,2026-09-18T10:45:30.194Z,2026-09-18T10:45:30.194Z
CATO,Cato Corporation (The),NYSE,nasdaq_trader,2026-09-18T10:45:30.194Z,2026-09-18T10:45:30.194Z
CATX,"Perspective Therapeutics, Inc.",AMEX,nasdaq_trader,2026-09-18T10:45:30.194Z,2026-09-18T10:45:30.194Z
CATY,Cathay General Bancorp,NASDAQ,nasdaq_trader,2026-09-18T10:45:30.194Z,2026-09-18T10:45:30.194Z
CAVA,"CAVA Group, Inc.",NYSE,nasdaq_trader,2026-09-18T10:45:30.194Z,2026-09-18T10:45:30.194Z
CB,Chubb Limited,NYSE,nasdaq_trader,2026-09-18T10:45:30.194Z,2026-09-18T10:45:30.194Z
CBAN,"Colony Bankcorp, Inc.",NYSE,nasdaq_trader,2026-09-18T10:45:30.194Z,2026-09-18T10:45:30.194Z
CBAT,CBAK Energy Technology Limited,NASDAQ,nasdaq_trader,2026-09-18T10:45:30.194Z,2026-09-18T10:45:30.194Z
CBC,"Central Bancompany, Inc.",NASDAQ,nasdaq_trader,2026-09-18T10:45:30.194Z,2026-09-18T10:45:30.194Z
CBFV,"CB Financial Services, Inc.",NASDAQ,nasdaq_trader,2026-09-18T10:45:30.194Z,2026-09-18T10:45:30.194Z
CBIO,"Crescent Biopharma, Inc.",NASDAQ,nasdaq_trader,2026-09-18T10:45:30.194Z,2026-09-18T10:45:30.194Z
CBK,"Commercial Bancgroup, Inc.",NASDAQ,nasdaq_trader,2026-09-18T10:45:30.194Z,2026-09-18T10:45:30.194Z
CBL,"CBL & Associates Properties, Inc.",NYSE,nasdaq_trader,2026-09-18T10:45:30.194Z,2026-09-18T10:45:30.194Z
CBLL,"CeriBell, Inc.",NASDAQ,nasdaq_trader,2026-09-18T10:45:30.194Z,2026-09-18T10:45:30.194Z
CBNA,"Chain Bridge Bancorp, Inc.",NYSE,nasdaq_trader,2026-09-18T10:45:30.194Z,2026-09-18T10:45:30.194Z
CBNK,"Capital Bancorp, Inc.",NASDAQ,nasdaq_trader,2026-09-18T10:45:30.194Z,2026-09-18T10:45:30.194Z
CBRE,CBRE Group Inc Common Stock Class A,NYSE,nasdaq_trader,2026-09-18T10:45:30.194Z,2026-09-18T10:45:30.194Z
CBRL,"Cracker Barrel Old Country Store, Inc.",NASDAQ,nasdaq_trader,2026-09-18T10:45:30.194Z,2026-09-18T10:45:30.194Z
CBRS,Cerebras Systems Inc.,NASDAQ,excel_import,2026-09-18T09:57:12.863Z,2026-09-18T09:57:12.863Z
CBSH,"Commerce Bancshares, Inc.",NASDAQ,nasdaq_trader,2026-09-18T10:45:30.194Z,2026-09-18T10:45:30.194Z
CBT,Cabot Corporation,NYSE,nasdaq_trader,2026-09-18T10:45:30.194Z,2026-09-18T10:45:30.194Z
CBU,"Community Financial System, Inc.",NYSE,nasdaq_trader,2026-09-18T10:45:30.194Z,2026-09-18T10:45:30.194Z
CBUS,"Cibus, Inc.",NASDAQ,nasdaq_trader,2026-09-18T10:45:30.194Z,2026-09-18T10:45:30.194Z
CBUTD,Clear Blue Technologies International Inc.,OTC,excel_import,2026-09-18T09:57:12.863Z,2026-09-18T09:57:12.863Z
CBYDF,Corby Spirit and Wine Limited,OTC,excel_import,2026-09-18T09:57:12.863Z,2026-09-18T09:57:12.863Z
CBZ,"CBIZ, Inc.",NYSE,nasdaq_trader,2026-09-18T10:45:30.194Z,2026-09-18T10:45:30.194Z
CC,Chemours Company (The),NYSE,nasdaq_trader,2026-09-18T10:45:30.194Z,2026-09-18T10:45:30.194Z
CCAP,"Crescent Capital BDC, Inc.",NASDAQ,nasdaq_trader,2026-09-18T10:45:30.194Z,2026-09-18T10:45:30.194Z
CCAQ,Collective Acquisition Corp.,NASDAQ,nasdaq_trader,2026-09-18T10:45:30.194Z,2026-09-18T10:45:30.194Z
CCAQU,Collective Acquisition Corp.,NASDAQ,nasdaq_trader,2026-09-18T10:45:30.194Z,2026-09-18T10:45:30.194Z
CCAQW,Collective Acquisition Corp.,NASDAQ,nasdaq_trader,2026-09-18T10:45:30.194Z,2026-09-18T10:45:30.194Z
CCB,Coastal Financial Corporation,NASDAQ,nasdaq_trader,2026-09-18T10:45:30.194Z,2026-09-18T10:45:30.194Z
CCBG,Capital City Bank Group,NASDAQ,nasdaq_trader,2026-09-18T10:45:30.194Z,2026-09-18T10:45:30.194Z
CCC,CCC Intelligent Solutions Holdings Inc.,NASDAQ,nasdaq_trader,2026-09-18T10:45:30.194Z,2026-09-18T10:45:30.194Z
CCCC,"C4 Therapeutics, Inc.",NASDAQ,nasdaq_trader,2026-09-18T10:45:30.194Z,2026-09-18T10:45:30.194Z
CCCT,Columbus Circle Capital Corp III,NASDAQ,nasdaq_trader,2026-09-18T10:45:30.194Z,2026-09-18T10:45:30.194Z
CCCTU,Columbus Circle Capital Corp III,NASDAQ,nasdaq_trader,2026-09-18T10:45:30.194Z,2026-09-18T10:45:30.194Z
CCCTW,Columbus Circle Capital Corp III,NASDAQ,nasdaq_trader,2026-09-18T10:45:30.194Z,2026-09-18T10:45:30.194Z
CCD,Calamos Dynamic Convertible and Income Fund,NASDAQ,nasdaq_trader,2026-09-18T10:45:30.194Z,2026-09-22T07:18:58.944Z
CCEC,Capital Clean Energy Carriers Corp.,NASDAQ,nasdaq_trader,2026-09-18T10:45:30.194Z,2026-09-18T10:45:30.194Z
CCEL,"Cryo-Cell International, Inc.",AMEX,nasdaq_trader,2026-09-18T10:45:30.194Z,2026-09-18T10:45:30.194Z
CCEP,Coca-Cola Europacific Partners plc,NASDAQ,nasdaq_trader,2026-09-18T10:45:30.194Z,2026-09-18T10:45:30.194Z
CCG,Cheche Group Inc.,NASDAQ,nasdaq_trader,2026-09-18T10:45:30.194Z,2026-09-18T10:45:30.194Z
CCGWW,Cheche Group Inc.,NASDAQ,nasdaq_trader,2026-09-18T10:45:30.194Z,2026-09-18T10:45:30.194Z
CCHH,CCH Holdings Ltd,NASDAQ,nasdaq_trader,2026-09-18T10:45:30.194Z,2026-09-18T10:45:30.194Z
CCI,Crown Castle Inc.,NYSE,nasdaq_trader,2026-09-18T10:45:30.194Z,2026-09-18T10:45:30.194Z
CCID,Carlyle Credit Income Fund,NYSE,nasdaq_trader,2026-09-18T10:45:30.194Z,2026-09-22T07:18:59.189Z
CCIF,Carlyle Credit Income Fund,NYSE,nasdaq_trader,2026-09-18T10:45:30.194Z,2026-09-18T10:45:30.194Z
CCII,Cohen Circle Acquisition Corp. II,NASDAQ,nasdaq_trader,2026-09-18T10:45:30.194Z,2026-09-18T10:45:30.194Z
CCIIU,Cohen Circle Acquisition Corp. II,NASDAQ,nasdaq_trader,2026-09-18T10:45:30.194Z,2026-09-18T10:45:30.194Z
CCIIW,Cohen Circle Acquisition Corp. II,NASDAQ,nasdaq_trader,2026-09-18T10:45:30.194Z,2026-09-18T10:45:30.194Z
CCJ,Cameco Corporation,NYSE,nasdaq_trader,2026-09-18T10:45:30.194Z,2026-09-18T10:45:30.194Z
CCK,"Crown Holdings, Inc.",NYSE,nasdaq_trader,2026-09-18T10:45:30.194Z,2026-09-18T10:45:30.194Z
CCL,Carnival Corporation Ltd. Common Shares,NYSE,nasdaq_trader,2026-09-18T10:45:30.194Z,2026-09-18T10:45:30.194Z
CCLD,"CareCloud, Inc.",NASDAQ,nasdaq_trader,2026-09-18T10:45:30.194Z,2026-09-18T10:45:30.194Z
CCM,Concord Medical Services Holdings Limited,NYSE,nasdaq_trader,2026-09-18T10:45:30.194Z,2026-09-18T10:45:30.194Z
CCNE,CNB Financial Corporation,NASDAQ,nasdaq_trader,2026-09-18T10:45:30.194Z,2026-09-18T10:45:30.194Z
CCNEP,CNB Financial Corporation,NASDAQ,nasdaq_trader,2026-09-18T10:45:30.194Z,2026-09-18T10:45:30.194Z
CCO,"Clear Channel Outdoor Holdings, Inc.",NYSE,nasdaq_trader,2026-09-18T10:45:30.194Z,2026-09-18T10:45:30.194Z
CCOI,"Cogent Communications Holdings, Inc.",NASDAQ,nasdaq_trader,2026-09-18T10:45:30.194Z,2026-09-18T10:45:30.194Z
CCPUF,SATO Technologies Corp.,OTC,excel_import,2026-09-18T09:57:12.863Z,2026-09-18T09:57:12.863Z
CCS,"Century Communities, Inc.",NYSE,nasdaq_trader,2026-09-18T10:45:30.194Z,2026-09-18T10:45:30.194Z
CCSI,"Consensus Cloud Solutions, Inc.",NASDAQ,nasdaq_trader,2026-09-18T10:45:30.194Z,2026-09-18T10:45:30.194Z
CCTG,CCSC Technology International Holdings Limited,NASDAQ,nasdaq_trader,2026-09-18T10:45:30.194Z,2026-09-18T10:45:30.194Z
CCU,Compañía Cervecerías Unidas S.A.,NYSE,nasdaq_trader,2026-09-18T10:45:30.194Z,2026-09-22T07:18:59.191Z
CCXI,Churchill Capital Corp XI,NASDAQ,nasdaq_trader,2026-09-18T10:45:30.194Z,2026-09-18T10:45:30.194Z
CCXIU,Churchill Capital Corp XI,NASDAQ,nasdaq_trader,2026-09-18T10:45:30.194Z,2026-09-18T10:45:30.194Z
CCXIW,Churchill Capital Corp XI,NASDAQ,nasdaq_trader,2026-09-18T10:45:30.194Z,2026-09-18T10:45:30.194Z
CCZ,Comcast Holdings Corp.,NYSE,nasdaq_trader,2026-09-18T10:45:30.194Z,2026-09-22T07:18:59.192Z
CD,Chaince Digital Holdings Inc.,NASDAQ,nasdaq_trader,2026-09-18T10:45:30.194Z,2026-09-18T10:45:30.194Z
CDAB,"Coeur d'Alene Bancorp, Inc.",OTC,excel_import,2026-09-18T09:57:12.863Z,2026-09-18T09:57:12.863Z
CDE,"Coeur Mining, Inc.",NYSE,nasdaq_trader,2026-09-18T10:45:30.194Z,2026-09-18T10:45:30.194Z
CDIO,Cardio Diagnostics Holdings Inc.,NASDAQ,nasdaq_trader,2026-09-18T10:45:30.194Z,2026-09-18T10:45:30.194Z
CDIOW,Cardio Diagnostics Holdings Inc.,NASDAQ,nasdaq_trader,2026-09-18T10:45:30.194Z,2026-09-18T10:45:30.194Z
CDLR,Cadeler A/S,NYSE,nasdaq_trader,2026-09-18T10:45:30.194Z,2026-09-22T07:18:59.194Z
CDLX,"Cardlytics, Inc.",NASDAQ,nasdaq_trader,2026-09-18T10:45:30.194Z,2026-09-18T10:45:30.194Z
CDNA,"CareDx, Inc.",NASDAQ,nasdaq_trader,2026-09-18T10:45:30.194Z,2026-09-18T10:45:30.194Z
CDNL,Cardinal Infrastructure Group Inc.,NASDAQ,nasdaq_trader,2026-09-18T10:45:30.194Z,2026-09-18T10:45:30.194Z
CDNS,"Cadence Design Systems, Inc.",NASDAQ,nasdaq_trader,2026-09-18T10:45:30.194Z,2026-09-18T10:45:30.194Z
CDP,COPT Defense Properties,NYSE,nasdaq_trader,2026-09-18T10:45:30.194Z,2026-09-18T10:45:30.194Z
CDRE,"Cadre Holdings, Inc.",NYSE,nasdaq_trader,2026-09-18T10:45:30.194Z,2026-09-18T10:45:30.194Z
CDRO,"Codere Online Luxembourg, S.A.",NASDAQ,nasdaq_trader,2026-09-18T10:45:30.194Z,2026-09-18T10:45:30.194Z
CDROW,"Codere Online Luxembourg, S.A.",NASDAQ,nasdaq_trader,2026-09-18T10:45:30.194Z,2026-09-18T10:45:30.194Z
CDT,CDT Equity Inc.,NASDAQ,nasdaq_trader,2026-09-18T10:45:30.194Z,2026-09-18T10:45:30.194Z
CDTG,CDT Environmental Technology Investment Holdings Limited,NASDAQ,nasdaq_trader,2026-09-18T10:45:30.194Z,2026-09-18T10:45:30.194Z
CDTTW,CDT Equity Inc.,NASDAQ,nasdaq_trader,2026-09-18T10:45:30.194Z,2026-09-18T10:45:30.194Z
CDW,CDW Corporation,NASDAQ,nasdaq_trader,2026-09-18T10:45:30.194Z,2026-09-18T10:45:30.194Z
CDXS,"Codexis, Inc.",NASDAQ,nasdaq_trader,2026-09-18T10:45:30.194Z,2026-09-18T10:45:30.194Z
CDZI,"Cadiz, Inc.",NASDAQ,nasdaq_trader,2026-09-18T10:45:30.194Z,2026-09-18T10:45:30.194Z
CDZIP,"Cadiz, Inc.",NASDAQ,nasdaq_trader,2026-09-18T10:45:30.194Z,2026-09-18T10:45:30.194Z
CE,Celanese Corporation,NYSE,nasdaq_trader,2026-09-18T10:45:30.194Z,2026-09-18T10:45:30.194Z
CECO,CECO Environmental Corp.,NASDAQ,nasdaq_trader,2026-09-18T10:45:30.194Z,2026-09-18T10:45:30.194Z
CEE,"The Central and Eastern Europe Fund, Inc. (The)",NYSE,nasdaq_trader,2026-09-18T10:45:30.194Z,2026-09-18T10:45:30.194Z
CEG,Constellation Energy Corporation,NASDAQ,nasdaq_trader,2026-09-18T10:45:30.194Z,2026-09-18T10:45:30.194Z
CELC,Celcuity Inc.,NASDAQ,nasdaq_trader,2026-09-18T10:45:30.194Z,2026-09-18T10:45:30.194Z
CELG.R,Bristol-Myers Squibb Company Celegne Contingent Value,NYSE,nasdaq_trader,2026-09-18T10:45:30.194Z,2026-09-18T10:45:30.194Z
CELH,"Celsius Holdings, Inc.",NASDAQ,nasdaq_trader,2026-09-18T10:45:30.194Z,2026-09-18T10:45:30.194Z
CELU,Celularity Inc.,NASDAQ,nasdaq_trader,2026-09-18T10:45:30.194Z,2026-09-18T10:45:30.194Z
CELZ,"Creative Medical Technology Holdings, Inc.",NASDAQ,nasdaq_trader,2026-09-18T10:45:30.194Z,2026-09-18T10:45:30.194Z
CENN,Cenntro Inc.,NASDAQ,nasdaq_trader,2026-09-18T10:45:30.194Z,2026-09-18T10:45:30.194Z
CENT,Central Garden & Pet Company,NASDAQ,nasdaq_trader,2026-09-18T10:45:30.194Z,2026-09-18T10:45:30.194Z
CENTA,Central Garden & Pet Company,NASDAQ,nasdaq_trader,2026-09-18T10:45:30.194Z,2026-09-18T10:45:30.194Z
CENX,Century Aluminum Company,NASDAQ,nasdaq_trader,2026-09-18T10:45:30.194Z,2026-09-18T10:45:30.194Z
CEPF,"Cantor Equity Partners IV, Inc.",NASDAQ,nasdaq_trader,2026-09-18T10:45:30.194Z,2026-09-18T10:45:30.194Z
CEPL,"Capstone Energy+, Inc.",NASDAQ,nasdaq_trader,2026-09-18T10:45:30.194Z,2026-09-22T07:18:58.945Z
CEPO,"Cantor Equity Partners I, Inc.",NASDAQ,nasdaq_trader,2026-09-18T10:45:30.194Z,2026-09-18T10:45:30.194Z
CEPS,"Cantor Equity Partners VI, Inc.",NASDAQ,nasdaq_trader,2026-09-18T10:45:30.194Z,2026-09-18T10:45:30.194Z
CEPU,Central Puerto S.A.,NYSE,nasdaq_trader,2026-09-18T10:45:30.194Z,2026-09-18T10:45:30.194Z
CEPV,"Cantor Equity Partners V, Inc.",NASDAQ,nasdaq_trader,2026-09-18T10:45:30.194Z,2026-09-18T10:45:30.194Z
CERS,Cerus Corporation,NASDAQ,nasdaq_trader,2026-09-18T10:45:30.194Z,2026-09-18T10:45:30.194Z
CERT,"Certara, Inc.",NASDAQ,nasdaq_trader,2026-09-18T10:45:30.194Z,2026-09-18T10:45:30.194Z
CET,Central Securities Corporation,AMEX,nasdaq_trader,2026-09-18T10:45:30.194Z,2026-09-18T10:45:30.194Z
CETX,Cemtrex Inc.,NASDAQ,nasdaq_trader,2026-09-18T10:45:30.194Z,2026-09-18T10:45:30.194Z
CETY,"Clean Energy Technologies, Inc.",NASDAQ,nasdaq_trader,2026-09-18T10:45:30.194Z,2026-09-18T10:45:30.194Z
CEV,Eaton Vance California Municipal Income Trust,AMEX,nasdaq_trader,2026-09-18T10:45:30.194Z,2026-09-18T10:45:30.194Z
CEVA,"CEVA, Inc.",NASDAQ,nasdaq_trader,2026-09-18T10:45:30.194Z,2026-09-18T10:45:30.194Z
CF,"CF Industries Holdings, Inc.",NYSE,nasdaq_trader,2026-09-18T10:45:30.194Z,2026-09-18T10:45:30.194Z
CFBK,CF Bankshares Inc.,NASDAQ,nasdaq_trader,2026-09-18T10:45:30.194Z,2026-09-18T10:45:30.194Z
CFFI,C&F Financial Corporation,NASDAQ,nasdaq_trader,2026-09-18T10:45:30.194Z,2026-09-18T10:45:30.194Z
CFFN,"Capitol Federal Financial, Inc.",NASDAQ,nasdaq_trader,2026-09-18T10:45:30.194Z,2026-09-18T10:45:30.194Z
CFG,"Citizens Financial Group, Inc.",NYSE,nasdaq_trader,2026-09-18T10:45:30.194Z,2026-09-18T10:45:30.194Z
CFND,C1 Fund Inc.,NYSE,excel_import,2026-09-18T09:57:12.863Z,2026-09-18T09:57:12.863Z
CFR,"Cullen/Frost Bankers, Inc.",NYSE,nasdaq_trader,2026-09-18T10:45:30.194Z,2026-09-18T10:45:30.194Z
CG,The Carlyle Group Inc.,NASDAQ,nasdaq_trader,2026-09-18T10:45:30.194Z,2026-09-18T10:45:30.194Z
CGABL,The Carlyle Group Inc. 4.625% Subordinated Notes due 2061,NASDAQ,nasdaq_trader,2026-09-18T10:45:30.194Z,2026-09-22T07:18:58.947Z
CGAU,Centerra Gold Inc. Common Shares,NYSE,nasdaq_trader,2026-09-18T10:45:30.194Z,2026-09-18T10:45:30.194Z
CGBD,"Carlyle Secured Lending, Inc.",NASDAQ,nasdaq_trader,2026-09-18T10:45:30.194Z,2026-09-18T10:45:30.194Z
CGC,Canopy Growth Corporation,NASDAQ,nasdaq_trader,2026-09-18T10:45:30.194Z,2026-09-18T10:45:30.194Z
CGCF,Cartesian Growth Corporation IV,NASDAQ,nasdaq_trader,2026-09-18T10:45:30.194Z,2026-09-18T10:45:30.194Z
CGCFU,Cartesian Growth Corporation IV,NASDAQ,nasdaq_trader,2026-09-18T10:45:30.194Z,2026-09-18T10:45:30.194Z
CGCFW,Cartesian Growth Corporation IV,NASDAQ,nasdaq_trader,2026-09-18T10:45:30.194Z,2026-09-18T10:45:30.194Z
CGEH,"Capstone Energy+, Inc.",OTC,excel_import,2026-09-18T09:57:12.863Z,2026-09-18T09:57:12.863Z
CGEM,"Cullinan Therapeutics, Inc.",NASDAQ,nasdaq_trader,2026-09-18T10:45:30.194Z,2026-09-18T10:45:30.194Z
CGEN,Compugen Ltd.,NASDAQ,nasdaq_trader,2026-09-18T10:45:30.194Z,2026-09-18T10:45:30.194Z
CGFEF,CF Energy Corp.,OTC,excel_import,2026-09-18T09:57:12.863Z,2026-09-18T09:57:12.863Z
CGIFF,Chemtrade Logistics Income Fund,OTC,excel_import,2026-09-18T09:57:12.863Z,2026-09-18T09:57:12.863Z
CGNT,Cognyte Software Ltd.,NASDAQ,nasdaq_trader,2026-09-18T10:45:30.194Z,2026-09-18T10:45:30.194Z
CGNX,Cognex Corporation,NASDAQ,nasdaq_trader,2026-09-18T10:45:30.194Z,2026-09-18T10:45:30.194Z
CGO,Calamos Global Total Return Fund,NASDAQ,nasdaq_trader,2026-09-18T10:45:30.194Z,2026-09-18T10:45:30.194Z
CGON,"CG Oncology, Inc.",NASDAQ,nasdaq_trader,2026-09-18T10:45:30.194Z,2026-09-18T10:45:30.194Z
CGTL,Creative Global Technology Holdings Limited,NASDAQ,nasdaq_trader,2026-09-18T10:45:30.194Z,2026-09-18T10:45:30.194Z
CGTX,"Cognition Therapeutics, Inc.",NASDAQ,nasdaq_trader,2026-09-18T10:45:30.194Z,2026-09-18T10:45:30.194Z
CHA,Chagee Holdings Limited,NASDAQ,excel_import,2026-09-18T09:57:12.863Z,2026-09-18T09:57:12.863Z
CHAD,DeFi Development Corp.,NASDAQ,nasdaq_trader,2026-09-18T10:45:30.194Z,2026-09-18T10:45:30.194Z
CHAI,"Core AI Holdings, Inc.",NASDAQ,nasdaq_trader,2026-09-18T10:45:30.194Z,2026-09-18T10:45:30.194Z
CHAR,Charlton Aria Acquisition Corporation,NASDAQ,nasdaq_trader,2026-09-18T10:45:30.194Z,2026-09-18T10:45:30.194Z
CHARR,Charlton Aria Acquisition Corporation,NASDAQ,nasdaq_trader,2026-09-18T10:45:30.194Z,2026-09-18T10:45:30.194Z
CHARU,Charlton Aria Acquisition Corporation,NASDAQ,nasdaq_trader,2026-09-18T10:45:30.194Z,2026-09-18T10:45:30.194Z
CHCI,"Comstock Holding Companies, Inc.",NASDAQ,nasdaq_trader,2026-09-18T10:45:30.194Z,2026-09-18T10:45:30.194Z
CHCO,City Holding Company,NASDAQ,nasdaq_trader,2026-09-18T10:45:30.194Z,2026-09-18T10:45:30.194Z
CHCRF,Cheelcare Inc.,OTC,excel_import,2026-09-18T09:57:12.863Z,2026-09-18T09:57:12.863Z
CHCT,Community Healthcare Trust Incorporated,NYSE,nasdaq_trader,2026-09-18T10:45:30.194Z,2026-09-18T10:45:30.194Z
CHD,"Church & Dwight Company, Inc.",NYSE,nasdaq_trader,2026-09-18T10:45:30.194Z,2026-09-18T10:45:30.194Z
CHDN,"Churchill Downs, Incorporated",NASDAQ,nasdaq_trader,2026-09-18T10:45:30.194Z,2026-09-18T10:45:30.194Z
CHE,Chemed Corp,NYSE,nasdaq_trader,2026-09-18T10:45:30.194Z,2026-09-18T10:45:30.194Z
CHEC,Chenghe Acquisition III Co.,NASDAQ,nasdaq_trader,2026-09-18T10:45:30.194Z,2026-09-18T10:45:30.194Z
CHECU,Chenghe Acquisition III Co.,NASDAQ,nasdaq_trader,2026-09-18T10:45:30.194Z,2026-09-18T10:45:30.194Z
CHECW,Chenghe Acquisition III Co.,NASDAQ,nasdaq_trader,2026-09-18T10:45:30.194Z,2026-09-18T10:45:30.194Z
CHEF,"The Chefs' Warehouse, Inc.",NASDAQ,nasdaq_trader,2026-09-18T10:45:30.194Z,2026-09-18T10:45:30.194Z
CHGA,Change Agents Corporation,NASDAQ,nasdaq_trader,2026-09-18T10:45:30.194Z,2026-09-18T10:45:30.194Z
CHGG,"Chegg, Inc.",NYSE,nasdaq_trader,2026-09-18T10:45:30.194Z,2026-09-18T10:45:30.194Z
CHH,"Choice Hotels International, Inc.",NYSE,nasdaq_trader,2026-09-18T10:45:30.194Z,2026-09-18T10:45:30.194Z
CHI,Calamos Convertible Opportunities and Income Fund,NASDAQ,nasdaq_trader,2026-09-18T10:45:30.194Z,2026-09-18T10:45:30.194Z
CHKP,Check Point Software Technologies Ltd.,NASDAQ,nasdaq_trader,2026-09-18T10:45:30.194Z,2026-09-18T10:45:30.194Z
CHLLY,China Literature Limited,OTC,excel_import,2026-09-18T09:57:12.863Z,2026-09-18T09:57:12.863Z
CHMG,Chemung Financial Corp,NASDAQ,nasdaq_trader,2026-09-18T10:45:30.194Z,2026-09-18T10:45:30.194Z
CHMI,Cherry Hill Mortgage Investment Corporation,NYSE,nasdaq_trader,2026-09-18T10:45:30.194Z,2026-09-18T10:45:30.194Z
CHNR,"China Natural Resources, Inc.",NASDAQ,nasdaq_trader,2026-09-18T10:45:30.194Z,2026-09-18T10:45:30.194Z
CHOW,ChowChow Cloud International Holdings Limited,AMEX,nasdaq_trader,2026-09-18T10:45:30.194Z,2026-09-18T10:45:30.194Z
CHPG,ChampionsGate Acquisition Corporation,NASDAQ,nasdaq_trader,2026-09-18T10:45:30.194Z,2026-09-18T10:45:30.194Z
CHPGR,ChampionsGate Acquisition Corporation,NASDAQ,nasdaq_trader,2026-09-18T10:45:30.194Z,2026-09-18T10:45:30.194Z
CHPGU,ChampionsGate Acquisition Corporation,NASDAQ,nasdaq_trader,2026-09-18T10:45:30.194Z,2026-09-18T10:45:30.194Z
CHPT,"ChargePoint Holdings, Inc.",NYSE,nasdaq_trader,2026-09-18T10:45:30.194Z,2026-09-18T10:45:30.194Z
CHR,"Cheer Holding, Inc.",NASDAQ,nasdaq_trader,2026-09-18T10:45:30.194Z,2026-09-18T10:45:30.194Z
CHRD,Chord Energy Corporation,NASDAQ,nasdaq_trader,2026-09-18T10:45:30.194Z,2026-09-18T10:45:30.194Z
CHRN,ChronoScale Holdings Corporation,NASDAQ,nasdaq_trader,2026-09-18T10:45:30.194Z,2026-09-18T10:45:30.194Z
CHRS,"Coherus Oncology, Inc.",NASDAQ,nasdaq_trader,2026-09-18T10:45:30.194Z,2026-09-18T10:45:30.194Z
CHRW,"C.H. Robinson Worldwide, Inc.",NASDAQ,nasdaq_trader,2026-09-18T10:45:30.194Z,2026-09-18T10:45:30.194Z
CHSCL,CHS Inc,NASDAQ,nasdaq_trader,2026-09-18T10:45:30.194Z,2026-09-18T10:45:30.194Z
CHSCM,CHS Inc,NASDAQ,nasdaq_trader,2026-09-18T10:45:30.194Z,2026-09-18T10:45:30.194Z
CHSCN,CHS Inc,NASDAQ,nasdaq_trader,2026-09-18T10:45:30.194Z,2026-09-18T10:45:30.194Z
CHSCO,CHS Inc,NASDAQ,nasdaq_trader,2026-09-18T10:45:30.194Z,2026-09-18T10:45:30.194Z
CHSCP,CHS Inc,NASDAQ,nasdaq_trader,2026-09-18T10:45:30.194Z,2026-09-18T10:45:30.194Z
CHSN,Chanson International Holding,NASDAQ,nasdaq_trader,2026-09-18T10:45:30.194Z,2026-09-18T10:45:30.194Z
CHT,"Chunghwa Telecom Co., Ltd.",NYSE,nasdaq_trader,2026-09-18T10:45:30.194Z,2026-09-18T10:45:30.194Z
CHTR,"Charter Communications, Inc.",NASDAQ,nasdaq_trader,2026-09-18T10:45:30.194Z,2026-09-18T10:45:30.194Z
CHTRP,"Charter Communications, Inc. Series A Cumulative Redeemable Preferred Stock",NASDAQ,nasdaq_trader,2026-09-18T10:45:30.194Z,2026-09-22T07:18:58.949Z
CHW,Calamos Global Dynamic Income Fund,NASDAQ,nasdaq_trader,2026-09-18T10:45:30.194Z,2026-09-18T10:45:30.194Z
CHWY,"Chewy, Inc.",NYSE,nasdaq_trader,2026-09-18T10:45:30.194Z,2026-09-18T10:45:30.194Z
CHY,Calamos Convertible and High Income Fund,NASDAQ,nasdaq_trader,2026-09-18T10:45:30.194Z,2026-09-18T10:45:30.194Z
CHYM,"Chime Financial, Inc.",NASDAQ,nasdaq_trader,2026-09-18T10:45:30.194Z,2026-09-18T10:45:30.194Z
CI,The Cigna Group,NYSE,nasdaq_trader,2026-09-18T10:45:30.194Z,2026-09-18T10:45:30.194Z
CIA,"Citizens, Inc.",NYSE,nasdaq_trader,2026-09-18T10:45:30.194Z,2026-09-22T07:18:59.195Z
CIB,Grupo Cibest S.A.,NYSE,nasdaq_trader,2026-09-18T10:45:30.194Z,2026-09-18T10:45:30.194Z
CIBY,"CIBL, Inc.",OTC,excel_import,2026-09-18T09:57:12.863Z,2026-09-18T09:57:12.863Z
CICB,CION Investment Corporation,NYSE,nasdaq_trader,2026-09-18T10:45:30.194Z,2026-09-18T10:45:30.194Z
CICC,CION Investment Corporation,NYSE,nasdaq_trader,2026-09-18T10:45:30.194Z,2026-09-18T10:45:30.194Z
CIEN,Ciena Corporation,NYSE,nasdaq_trader,2026-09-18T10:45:30.194Z,2026-09-18T10:45:30.194Z
CIFR,Cipher Digital Inc.,NASDAQ,nasdaq_trader,2026-09-18T10:45:30.194Z,2026-09-18T10:45:30.194Z
CIG,Companhia Energética de Minas Gerais - CEMIG,NYSE,nasdaq_trader,2026-09-18T10:45:30.194Z,2026-09-22T07:18:59.197Z
CIG.C,Comp En De Mn Cemig ADS,NYSE,nasdaq_trader,2026-09-18T10:45:30.194Z,2026-09-18T10:45:30.194Z
CIGI,Colliers International Group Inc.,NASDAQ,nasdaq_trader,2026-09-18T10:45:30.194Z,2026-09-18T10:45:30.194Z
CIGL,Concorde International Group Ltd,NASDAQ,nasdaq_trader,2026-09-18T10:45:30.194Z,2026-09-18T10:45:30.194Z
CII,"BlackRock Enhanced Large Cap Core Fund, Inc.",NYSE,nasdaq_trader,2026-09-18T10:45:30.194Z,2026-09-18T10:45:30.194Z
CIIT,"Tianci International, Inc.",NASDAQ,nasdaq_trader,2026-09-18T10:45:30.194Z,2026-09-18T10:45:30.194Z
CIK,"UBS Asset Management Income Fund, Inc.",AMEX,nasdaq_trader,2026-09-18T10:45:30.194Z,2026-09-18T10:45:30.194Z
CIM,Chimera Investment Corporation,NYSE,nasdaq_trader,2026-09-18T10:45:30.194Z,2026-09-18T10:45:30.194Z
CIMN,Chimera Investment Corporation,NYSE,nasdaq_trader,2026-09-18T10:45:30.194Z,2026-09-18T10:45:30.194Z
CIMO,Chimera Investment Corporation,NYSE,nasdaq_trader,2026-09-18T10:45:30.194Z,2026-09-18T10:45:30.194Z
CIMP,Chimera Investment Corporation,NYSE,nasdaq_trader,2026-09-18T10:45:30.194Z,2026-09-18T10:45:30.194Z
CINF,Cincinnati Financial Corporation,NASDAQ,nasdaq_trader,2026-09-18T10:45:30.194Z,2026-09-18T10:45:30.194Z
CING,Cingulate Inc.,NASDAQ,nasdaq_trader,2026-09-18T10:45:30.194Z,2026-09-18T10:45:30.194Z
CINGW,Cingulate Inc.,NASDAQ,nasdaq_trader,2026-09-18T10:45:30.194Z,2026-09-18T10:45:30.194Z
CINT,CI&T Inc Class A Common Shares,NYSE,nasdaq_trader,2026-09-18T10:45:30.194Z,2026-09-18T10:45:30.194Z
CION,CION Investment Corporation,NYSE,nasdaq_trader,2026-09-18T10:45:30.194Z,2026-09-18T10:45:30.194Z
CIRC,"Circle8 Group, Inc.",NASDAQ,nasdaq_trader,2026-09-18T10:45:30.194Z,2026-09-18T10:45:30.194Z
CISCF,Ciscom Corp.,OTC,excel_import,2026-09-18T09:57:12.863Z,2026-09-18T09:57:12.863Z
CISO,"CISO Global, Inc.",NASDAQ,nasdaq_trader,2026-09-18T10:45:30.194Z,2026-09-18T10:45:30.194Z
CISS,C3is Inc.,NASDAQ,nasdaq_trader,2026-09-18T10:45:30.194Z,2026-09-18T10:45:30.194Z
CITR,CitroTech Inc.,AMEX,nasdaq_trader,2026-09-18T10:45:30.194Z,2026-09-18T10:45:30.194Z
CIVB,"Civista Bancshares, Inc.",NASDAQ,nasdaq_trader,2026-09-18T10:45:30.194Z,2026-09-18T10:45:30.194Z
CIX,CompX International Inc.,AMEX,nasdaq_trader,2026-09-18T10:45:30.194Z,2026-09-18T10:45:30.194Z
CJMB,Callan JMB Inc.,NASDAQ,nasdaq_trader,2026-09-18T10:45:30.194Z,2026-09-18T10:45:30.194Z
CKX,"CKX Lands, Inc.",AMEX,nasdaq_trader,2026-09-18T10:45:30.194Z,2026-09-18T10:45:30.194Z
CL,Colgate-Palmolive Company,NYSE,nasdaq_trader,2026-09-18T10:45:30.194Z,2026-09-18T10:45:30.194Z
CLAR,Clarus Corporation,NASDAQ,nasdaq_trader,2026-09-18T10:45:30.194Z,2026-09-18T10:45:30.194Z
CLB,Core Laboratories Inc.,NYSE,nasdaq_trader,2026-09-18T10:45:30.194Z,2026-09-18T10:45:30.194Z
CLBK,"Columbia Financial, Inc.",NASDAQ,nasdaq_trader,2026-09-18T10:45:30.194Z,2026-09-18T10:45:30.194Z
CLBR,Colombier Acquisition Corp. III,NYSE,nasdaq_trader,2026-09-18T10:45:30.194Z,2026-09-18T10:45:30.194Z
CLBR.U,Colombier Acquisition Corp. III,NYSE,nasdaq_trader,2026-09-18T10:45:30.194Z,2026-09-18T10:45:30.194Z
CLBR.W,Colombier Acquisition Corp. III,NYSE,nasdaq_trader,2026-09-18T10:45:30.194Z,2026-09-18T10:45:30.194Z
CLBT,Cellebrite DI Ltd.,NASDAQ,nasdaq_trader,2026-09-18T10:45:30.194Z,2026-09-18T10:45:30.194Z
CLCMF,Sinch AB (publ),OTC,excel_import,2026-09-18T09:57:12.863Z,2026-09-22T07:18:58.897Z
CLDI,"Calidi Biotherapeutics, Inc.",AMEX,nasdaq_trader,2026-09-18T10:45:30.194Z,2026-09-18T10:45:30.194Z
CLDT,Chatham Lodging Trust,NYSE,nasdaq_trader,2026-09-18T10:45:30.194Z,2026-09-22T07:18:59.198Z
CLDX,"Celldex Therapeutics, Inc.",NASDAQ,nasdaq_trader,2026-09-18T10:45:30.194Z,2026-09-18T10:45:30.194Z
CLEUF,China Liberal Education Holdings Limited,OTC,excel_import,2026-09-18T09:57:12.863Z,2026-09-18T09:57:12.863Z
CLF,Cleveland-Cliffs Inc.,NYSE,nasdaq_trader,2026-09-18T10:45:30.194Z,2026-09-18T10:45:30.194Z
CLFD,"Clearfield, Inc.",NASDAQ,nasdaq_trader,2026-09-18T10:45:30.194Z,2026-09-18T10:45:30.194Z
CLGN,CollPlant Biotechnologies Ltd.,NASDAQ,nasdaq_trader,2026-09-18T10:45:30.194Z,2026-09-18T10:45:30.194Z
CLH,"Clean Harbors, Inc.",NYSE,nasdaq_trader,2026-09-18T10:45:30.194Z,2026-09-18T10:45:30.194Z
CLIK,Click Holdings Limited,NASDAQ,nasdaq_trader,2026-09-18T10:45:30.194Z,2026-09-18T10:45:30.194Z
CLIR,ClearSign Technologies Corporation,NASDAQ,nasdaq_trader,2026-09-18T10:45:30.194Z,2026-09-18T10:45:30.194Z
CLLS,Cellectis S.A.,NASDAQ,nasdaq_trader,2026-09-18T10:45:30.194Z,2026-09-18T10:45:30.194Z
CLM,"Cornerstone Strategic Investment Fund, Inc. Common Shares",AMEX,nasdaq_trader,2026-09-18T10:45:30.194Z,2026-09-18T10:45:30.194Z
CLMB,"Climb Global Solutions, Inc.",NASDAQ,nasdaq_trader,2026-09-18T10:45:30.194Z,2026-09-18T10:45:30.194Z
CLMT,"Calumet, Inc",NASDAQ,nasdaq_trader,2026-09-18T10:45:30.194Z,2026-09-18T10:45:30.194Z
CLNE,Clean Energy Fuels Corp.,NASDAQ,nasdaq_trader,2026-09-18T10:45:30.194Z,2026-09-18T10:45:30.194Z
CLNFF,Calian Group Ltd.,OTC,excel_import,2026-09-18T09:57:12.863Z,2026-09-18T09:57:12.863Z
CLNN,Clene Inc.,NASDAQ,nasdaq_trader,2026-09-18T10:45:30.194Z,2026-09-18T10:45:30.194Z
CLOV,"Clover Health Investments, Corp.",NASDAQ,nasdaq_trader,2026-09-18T10:45:30.194Z,2026-09-18T10:45:30.194Z
CLPMF,Clip Money Inc.,OTC,excel_import,2026-09-18T09:57:12.863Z,2026-09-18T09:57:12.863Z
CLPR,Clipper Realty Inc.,NYSE,nasdaq_trader,2026-09-18T10:45:30.194Z,2026-09-18T10:45:30.194Z
CLPS,CLPS Incorporation,NASDAQ,nasdaq_trader,2026-09-18T10:45:30.194Z,2026-09-18T10:45:30.194Z
CLPT,ClearPoint Neuro Inc.,NASDAQ,nasdaq_trader,2026-09-18T10:45:30.194Z,2026-09-18T10:45:30.194Z
CLRB,"Cellectar Biosciences, Inc.",NASDAQ,nasdaq_trader,2026-09-18T10:45:30.194Z,2026-09-18T10:45:30.194Z
CLRO,"ClearOne, Inc.",NASDAQ,nasdaq_trader,2026-09-18T10:45:30.194Z,2026-09-18T10:45:30.194Z
CLS,"Celestica, Inc.",NYSE,nasdaq_trader,2026-09-18T10:45:30.194Z,2026-09-18T10:45:30.194Z
CLSK,"CleanSpark, Inc.",NASDAQ,nasdaq_trader,2026-09-18T10:45:30.194Z,2026-09-18T10:45:30.194Z
CLSKW,"CleanSpark, Inc.",NASDAQ,nasdaq_trader,2026-09-18T10:45:30.194Z,2026-09-18T10:45:30.194Z
CLST,"Catalyst Bancorp, Inc.",NASDAQ,nasdaq_trader,2026-09-18T10:45:30.194Z,2026-09-18T10:45:30.194Z
CLVT,Clarivate Plc,NYSE,nasdaq_trader,2026-09-18T10:45:30.194Z,2026-09-18T10:45:30.194Z
CLW,Clearwater Paper Corporation,NYSE,nasdaq_trader,2026-09-18T10:45:30.194Z,2026-09-18T10:45:30.194Z
CLWT,Euro Tech Holdings Company Limited,NASDAQ,nasdaq_trader,2026-09-18T10:45:30.194Z,2026-09-18T10:45:30.194Z
CLX,Clorox Company (The),NYSE,nasdaq_trader,2026-09-18T10:45:30.194Z,2026-09-18T10:45:30.194Z
CLYM,"Climb Bio, Inc.",NASDAQ,nasdaq_trader,2026-09-18T10:45:30.194Z,2026-09-18T10:45:30.194Z
CM,Canadian Imperial Bank of Commerce,NYSE,nasdaq_trader,2026-09-18T10:45:30.194Z,2026-09-18T10:45:30.194Z
CMBT,CMB.TECH NV,NYSE,excel_import,2026-09-18T09:57:12.863Z,2026-09-18T09:57:12.863Z
CMC,Commercial Metals Company,NYSE,nasdaq_trader,2026-09-18T10:45:30.194Z,2026-09-18T10:45:30.194Z
CMCL,Caledonia Mining Corporation Plc Common Shares,AMEX,nasdaq_trader,2026-09-18T10:45:30.194Z,2026-09-18T10:45:30.194Z
CMCM,Cheetah Mobile Inc.,NYSE,nasdaq_trader,2026-09-18T10:45:30.194Z,2026-09-18T10:45:30.194Z
CMCO,Columbus McKinnon Corporation,NASDAQ,nasdaq_trader,2026-09-18T10:45:30.194Z,2026-09-18T10:45:30.194Z
CMCSA,Comcast Corporation,NASDAQ,nasdaq_trader,2026-09-18T10:45:30.194Z,2026-09-18T10:45:30.194Z
CMCT,Creative Media & Community Trust Corporation,NASDAQ,nasdaq_trader,2026-09-18T10:45:30.194Z,2026-09-22T07:18:58.950Z
CMDB,Costamare Bulkers Holdings Limited,NYSE,nasdaq_trader,2026-09-18T10:45:30.194Z,2026-09-18T10:45:30.194Z
CME,CME Group Inc.,NASDAQ,nasdaq_trader,2026-09-18T10:45:30.194Z,2026-09-18T10:45:30.194Z
CMG,"Chipotle Mexican Grill, Inc.",NYSE,nasdaq_trader,2026-09-18T10:45:30.194Z,2026-09-18T10:45:30.194Z
CMI,Cummins Inc.,NYSE,nasdaq_trader,2026-09-18T10:45:30.194Z,2026-09-18T10:45:30.194Z
CMMB,Chemomab Therapeutics Ltd.,NASDAQ,nasdaq_trader,2026-09-18T10:45:30.194Z,2026-09-18T10:45:30.194Z
CMND,Clearmind Medicine Inc.,NASDAQ,nasdaq_trader,2026-09-18T10:45:30.194Z,2026-09-18T10:45:30.194Z
CMP,"Compass Minerals International, Inc.",NYSE,nasdaq_trader,2026-09-18T10:45:30.194Z,2026-09-22T07:18:59.200Z
CMPR,Cimpress plc,NASDAQ,nasdaq_trader,2026-09-18T10:45:30.194Z,2026-09-18T10:45:30.194Z
CMPS,COMPASS Pathways Plc,NASDAQ,nasdaq_trader,2026-09-18T10:45:30.194Z,2026-09-18T10:45:30.194Z
CMPX,"Compass Therapeutics, Inc.",NASDAQ,nasdaq_trader,2026-09-18T10:45:30.194Z,2026-09-18T10:45:30.194Z
CMRC,"Commerce.com, Inc.",NASDAQ,nasdaq_trader,2026-09-18T10:45:30.194Z,2026-09-18T10:45:30.194Z
CMRE,Costamare Inc.,NYSE,nasdaq_trader,2026-09-18T10:45:30.194Z,2026-09-22T07:18:59.202Z
CMS,CMS Energy Corporation,NYSE,nasdaq_trader,2026-09-18T10:45:30.194Z,2026-09-18T10:45:30.194Z
CMSA,CMS Energy Corporation 5.6% JRSUB NT 78,NYSE,nasdaq_trader,2026-09-18T10:45:30.194Z,2026-09-22T07:18:59.204Z
CMSC,CMS Energy Corporation 5.875% J,NYSE,nasdaq_trader,2026-09-18T10:45:30.194Z,2026-09-22T07:18:59.205Z
CMSD,CMS Energy Corporation 5.875% J,NYSE,nasdaq_trader,2026-09-18T10:45:30.194Z,2026-09-22T07:18:59.208Z
CMSG,Consensus Mining & Seigniorage Corporation,OTC,excel_import,2026-09-18T09:57:12.863Z,2026-09-18T09:57:12.863Z
CMT,Core Molding Technologies Inc,AMEX,nasdaq_trader,2026-09-18T10:45:30.194Z,2026-09-18T10:45:30.194Z
CMTG,"Claros Mortgage Trust, Inc.",NYSE,nasdaq_trader,2026-09-18T10:45:30.194Z,2026-09-18T10:45:30.194Z
CMTL,Comtech Telecommunications Corp.,NASDAQ,nasdaq_trader,2026-09-18T10:45:30.194Z,2026-09-18T10:45:30.194Z
CMTV,Community Bancorp.,NASDAQ,nasdaq_trader,2026-09-18T10:45:30.194Z,2026-09-18T10:45:30.194Z
CNA,CNA Financial Corporation,NYSE,nasdaq_trader,2026-09-18T10:45:30.194Z,2026-09-18T10:45:30.194Z
CNADF,CanadaBis Capital Inc.,OTC,excel_import,2026-09-18T09:57:12.863Z,2026-09-18T09:57:12.863Z
CNC,Centene Corporation,NYSE,nasdaq_trader,2026-09-18T10:45:30.194Z,2026-09-18T10:45:30.194Z
CNCK,Coincheck Group N.V.,NASDAQ,nasdaq_trader,2026-09-18T10:45:30.194Z,2026-09-18T10:45:30.194Z
CNCKW,Coincheck Group N.V.,NASDAQ,nasdaq_trader,2026-09-18T10:45:30.194Z,2026-09-18T10:45:30.194Z
CNDT,Conduent Incorporated,NASDAQ,nasdaq_trader,2026-09-18T10:45:30.194Z,2026-09-18T10:45:30.194Z
CNET,ZW Data Action Technologies Inc.,NASDAQ,nasdaq_trader,2026-09-18T10:45:30.194Z,2026-09-18T10:45:30.194Z
CNEY,CN Energy Group Inc.,NASDAQ,nasdaq_trader,2026-09-18T10:45:30.194Z,2026-09-18T10:45:30.194Z
CNF,CNFinance Holdings Limited,NYSE,nasdaq_trader,2026-09-18T10:45:30.194Z,2026-09-18T10:45:30.194Z
CNH,CNH Industrial N.V. Common Shares,NYSE,nasdaq_trader,2026-09-18T10:45:30.194Z,2026-09-18T10:45:30.194Z
CNI,Canadian National Railway Company,NYSE,nasdaq_trader,2026-09-18T10:45:30.194Z,2026-09-18T10:45:30.194Z
CNK,"Cinemark Holdings, Inc.",NYSE,nasdaq_trader,2026-09-18T10:45:30.194Z,2026-09-22T07:18:59.209Z
CNL,Collective Mining Ltd.,NASDAQ,nasdaq_trader,2026-09-18T10:45:30.194Z,2026-09-18T10:45:30.194Z
CNM,"Core & Main, Inc.",NYSE,nasdaq_trader,2026-09-18T10:45:30.194Z,2026-09-18T10:45:30.194Z
CNMD,CONMED Corporation,NYSE,nasdaq_trader,2026-09-18T10:45:30.194Z,2026-09-18T10:45:30.194Z
CNNE,"Cannae Holdings, Inc.",NYSE,nasdaq_trader,2026-09-18T10:45:30.194Z,2026-09-18T10:45:30.194Z
CNO,"CNO Financial Group, Inc.",NYSE,nasdaq_trader,2026-09-18T10:45:30.194Z,2026-09-18T10:45:30.194Z
CNOB,"ConnectOne Bancorp, Inc.",NASDAQ,nasdaq_trader,2026-09-18T10:45:30.194Z,2026-09-18T10:45:30.194Z
CNOBP,"ConnectOne Bancorp, Inc.",NASDAQ,nasdaq_trader,2026-09-18T10:45:30.194Z,2026-09-18T10:45:30.194Z
CNP,"CenterPoint Energy, Inc (Holding Co)",NYSE,nasdaq_trader,2026-09-18T10:45:30.194Z,2026-09-18T10:45:30.194Z
CNQ,Canadian Natural Resources Limited,NYSE,nasdaq_trader,2026-09-18T10:45:30.194Z,2026-09-18T10:45:30.194Z
CNR,"Core Natural Resources, Inc.",NYSE,nasdaq_trader,2026-09-18T10:45:30.194Z,2026-09-18T10:45:30.194Z
CNS,Cohen & Steers Inc,NYSE,nasdaq_trader,2026-09-18T10:45:30.194Z,2026-09-18T10:45:30.194Z
CNSP,"CNS Pharmaceuticals, Inc.",NASDAQ,nasdaq_trader,2026-09-18T10:45:30.194Z,2026-09-18T10:45:30.194Z
CNSWY,"Constellation Software, Inc.",OTC,excel_import,2026-09-18T09:57:12.863Z,2026-09-18T09:57:12.863Z
CNSY,"Cerenome, Inc.",NASDAQ,excel_import,2026-09-18T09:57:12.863Z,2026-09-18T09:57:12.863Z
CNTB,Connect Biopharma Holdings Limited,NASDAQ,nasdaq_trader,2026-09-18T10:45:30.194Z,2026-09-18T10:45:30.194Z
CNTN,"Canton Strategic Holdings, Inc.",NASDAQ,nasdaq_trader,2026-09-18T10:45:30.194Z,2026-09-18T10:45:30.194Z
CNTX,Context Therapeutics Inc.,NASDAQ,nasdaq_trader,2026-09-18T10:45:30.194Z,2026-09-18T10:45:30.194Z
CNTY,"Century Casinos, Inc.",NASDAQ,nasdaq_trader,2026-09-18T10:45:30.194Z,2026-09-18T10:45:30.194Z
CNVS,Cineverse Corp.,NASDAQ,nasdaq_trader,2026-09-18T10:45:30.194Z,2026-09-18T10:45:30.194Z
CNX,CNX Resources Corporation,NYSE,nasdaq_trader,2026-09-18T10:45:30.194Z,2026-09-18T10:45:30.194Z
CNXC,Concentrix Corporation,NASDAQ,nasdaq_trader,2026-09-18T10:45:30.194Z,2026-09-18T10:45:30.194Z
CNXN,"PC Connection, Inc.",NASDAQ,nasdaq_trader,2026-09-18T10:45:30.194Z,2026-09-18T10:45:30.194Z
CNXU,Conexeu Sciences Inc.,NASDAQ,nasdaq_trader,2026-09-18T10:45:30.194Z,2026-09-18T10:45:30.194Z
COAG,"Hemab Therapeutics Holdings, Inc.",NASDAQ,nasdaq_trader,2026-09-18T10:45:30.194Z,2026-09-18T10:45:30.194Z
COCH,"Envoy Medical, Inc.",NASDAQ,nasdaq_trader,2026-09-18T10:45:30.194Z,2026-09-18T10:45:30.194Z
COCHW,"Envoy Medical, Inc.",NASDAQ,nasdaq_trader,2026-09-18T10:45:30.194Z,2026-09-18T10:45:30.194Z
COCO,"The Vita Coco Company, Inc.",NASDAQ,nasdaq_trader,2026-09-18T10:45:30.194Z,2026-09-18T10:45:30.194Z
COCP,"Cocrystal Pharma, Inc.",NASDAQ,nasdaq_trader,2026-09-18T10:45:30.194Z,2026-09-18T10:45:30.194Z
CODA,"Coda Octopus Group, Inc.",NASDAQ,nasdaq_trader,2026-09-18T10:45:30.194Z,2026-09-18T10:45:30.194Z
CODI,Compass Diversified,NYSE,nasdaq_trader,2026-09-18T10:45:30.194Z,2026-09-22T07:18:59.211Z
CODX,"Co-Diagnostics, Inc.",NASDAQ,nasdaq_trader,2026-09-18T10:45:30.194Z,2026-09-18T10:45:30.194Z
COE,51Talk Online Education Group,AMEX,nasdaq_trader,2026-09-18T10:45:30.194Z,2026-09-18T10:45:30.194Z
COF,Capital One Financial Corporation,NYSE,nasdaq_trader,2026-09-18T10:45:30.194Z,2026-09-18T10:45:30.194Z
COFS,"ChoiceOne Financial Services, Inc.",NASDAQ,nasdaq_trader,2026-09-18T10:45:30.194Z,2026-09-18T10:45:30.194Z
COGT,"Cogent Biosciences, Inc.",NASDAQ,nasdaq_trader,2026-09-18T10:45:30.194Z,2026-09-18T10:45:30.194Z
COHN,Cohen & Company Inc.,AMEX,nasdaq_trader,2026-09-18T10:45:30.194Z,2026-09-18T10:45:30.194Z
COHR,Coherent Corp.,NYSE,nasdaq_trader,2026-09-18T10:45:30.194Z,2026-09-18T10:45:30.194Z
COHU,"Cohu, Inc.",NASDAQ,nasdaq_trader,2026-09-18T10:45:30.194Z,2026-09-18T10:45:30.194Z
COIN,"Coinbase Global, Inc.",NASDAQ,nasdaq_trader,2026-09-18T10:45:30.194Z,2026-09-18T10:45:30.194Z
COKE,"Coca-Cola Consolidated, Inc.",NASDAQ,nasdaq_trader,2026-09-18T10:45:30.194Z,2026-09-18T10:45:30.194Z
COLA,Columbus Acquisition Corp,NASDAQ,nasdaq_trader,2026-09-18T10:45:30.194Z,2026-09-18T10:45:30.194Z
COLAR,Columbus Acquisition Corp,NASDAQ,nasdaq_trader,2026-09-18T10:45:30.194Z,2026-09-18T10:45:30.194Z
COLAU,Columbus Acquisition Corp,NASDAQ,nasdaq_trader,2026-09-18T10:45:30.194Z,2026-09-18T10:45:30.194Z
COLB,"Columbia Banking System, Inc.",NASDAQ,nasdaq_trader,2026-09-18T10:45:30.194Z,2026-09-18T10:45:30.194Z
COLD,"Americold Realty Trust, Inc.",NYSE,nasdaq_trader,2026-09-18T10:45:30.194Z,2026-09-18T10:45:30.194Z
COLL,"Collegium Pharmaceutical, Inc.",NASDAQ,nasdaq_trader,2026-09-18T10:45:30.194Z,2026-09-18T10:45:30.194Z
COLM,Columbia Sportswear Company,NASDAQ,nasdaq_trader,2026-09-18T10:45:30.194Z,2026-09-18T10:45:30.194Z
COMP,"Compass, Inc.",NYSE,nasdaq_trader,2026-09-18T10:45:30.194Z,2026-09-18T10:45:30.194Z
CON,"Concentra Group Holdings Parent, Inc.",NYSE,nasdaq_trader,2026-09-18T10:45:30.194Z,2026-09-18T10:45:30.194Z
COO,"The Cooper Companies, Inc.",NASDAQ,nasdaq_trader,2026-09-18T10:45:30.194Z,2026-09-18T10:45:30.194Z
COOK,"Traeger, Inc.",NYSE,nasdaq_trader,2026-09-18T10:45:30.194Z,2026-09-18T10:45:30.194Z
COOT,Australian Oilseeds Holdings Limited,NASDAQ,nasdaq_trader,2026-09-18T10:45:30.194Z,2026-09-18T10:45:30.194Z
COOTW,Australian Oilseeds Holdings Limited,NASDAQ,nasdaq_trader,2026-09-18T10:45:30.194Z,2026-09-18T10:45:30.194Z
COP,ConocoPhillips,NYSE,nasdaq_trader,2026-09-18T10:45:30.194Z,2026-09-18T10:45:30.194Z
COPL,Copley Acquisition Corp,NYSE,nasdaq_trader,2026-09-18T10:45:30.194Z,2026-09-18T10:45:30.194Z
COPL.U,Copley Acquisition Corp,NYSE,nasdaq_trader,2026-09-18T10:45:30.194Z,2026-09-18T10:45:30.194Z
COPL.W,Copley Acquisition Corp,NYSE,nasdaq_trader,2026-09-18T10:45:30.194Z,2026-09-18T10:45:30.194Z
COPR,Idaho Copper Corporation,AMEX,nasdaq_trader,2026-09-18T10:45:30.194Z,2026-09-18T10:45:30.194Z
COPR.W,Idaho Copper Corporation Common Stock Purchase,AMEX,nasdaq_trader,2026-09-18T10:45:30.194Z,2026-09-18T10:45:30.194Z
COR,"Cencora, Inc.",NYSE,nasdaq_trader,2026-09-18T10:45:30.194Z,2026-09-18T10:45:30.194Z
CORT,Corcept Therapeutics Incorporated,NASDAQ,nasdaq_trader,2026-09-18T10:45:30.194Z,2026-09-18T10:45:30.194Z
CORZ,"Core Scientific, Inc.",NASDAQ,nasdaq_trader,2026-09-18T10:45:30.194Z,2026-09-18T10:45:30.194Z
CORZW,"Core Scientific, Inc.",NASDAQ,nasdaq_trader,2026-09-18T10:45:30.194Z,2026-09-18T10:45:30.194Z
CORZZ,"Core Scientific, Inc.",NASDAQ,nasdaq_trader,2026-09-18T10:45:30.194Z,2026-09-18T10:45:30.194Z
COSM,Cosmos Health Inc.,NASDAQ,nasdaq_trader,2026-09-18T10:45:30.194Z,2026-09-18T10:45:30.194Z
COSO,"CoastalSouth Bancshares, Inc.",NYSE,nasdaq_trader,2026-09-18T10:45:30.194Z,2026-09-18T10:45:30.194Z
COST,Costco Wholesale Corporation,NASDAQ,nasdaq_trader,2026-09-18T10:45:30.194Z,2026-09-18T10:45:30.194Z
COTY,Coty Inc.,NYSE,nasdaq_trader,2026-09-18T10:45:30.194Z,2026-09-18T10:45:30.194Z
COUR,"Coursera, Inc.",NYSE,nasdaq_trader,2026-09-18T10:45:30.194Z,2026-09-18T10:45:30.194Z
COYA,"Coya Therapeutics, Inc.",NASDAQ,nasdaq_trader,2026-09-18T10:45:30.194Z,2026-09-18T10:45:30.194Z
CP,Canadian Pacific Kansas City Limited Common Shares,NYSE,nasdaq_trader,2026-09-18T10:45:30.194Z,2026-09-18T10:45:30.194Z
CPA,"Copa Holdings, S.A.",NYSE,nasdaq_trader,2026-09-18T10:45:30.194Z,2026-09-18T10:45:30.194Z
CPAC,Cementos Pacasmayo S.A.A.,NYSE,nasdaq_trader,2026-09-18T10:45:30.194Z,2026-09-18T10:45:30.194Z
CPAY,"Corpay, Inc.",NYSE,nasdaq_trader,2026-09-18T10:45:30.194Z,2026-09-18T10:45:30.194Z
CPB,The Campbell's Company,NASDAQ,nasdaq_trader,2026-09-18T10:45:30.194Z,2026-09-18T10:45:30.194Z
CPBI,"Central Plains Bancshares, Inc.",NASDAQ,nasdaq_trader,2026-09-18T10:45:30.194Z,2026-09-18T10:45:30.194Z
CPF,Central Pacific Financial Corp.,NYSE,nasdaq_trader,2026-09-18T10:45:30.194Z,2026-09-22T07:18:59.213Z
CPHC,Canterbury Park Holding Corporation,NASDAQ,nasdaq_trader,2026-09-18T10:45:30.194Z,2026-09-18T10:45:30.194Z
CPHI,"China Pharma Holdings, Inc.",AMEX,nasdaq_trader,2026-09-18T10:45:30.194Z,2026-09-18T10:45:30.194Z
CPIX,Cumberland Pharmaceuticals Inc.,NASDAQ,nasdaq_trader,2026-09-18T10:45:30.194Z,2026-09-18T10:45:30.194Z
CPK,Chesapeake Utilities Corporation,NYSE,nasdaq_trader,2026-09-18T10:45:30.194Z,2026-09-18T10:45:30.194Z
CPKRF,Canada Packers Inc.,OTC,excel_import,2026-09-18T09:57:12.863Z,2026-09-18T09:57:12.863Z
CPNG,"Coupang, Inc.",NYSE,nasdaq_trader,2026-09-18T10:45:30.194Z,2026-09-18T10:45:30.194Z
CPOP,"Pop Culture Group Co., Ltd",NASDAQ,nasdaq_trader,2026-09-18T10:45:30.194Z,2026-09-18T10:45:30.194Z
CPRI,Capri Holdings Limited,NYSE,nasdaq_trader,2026-09-18T10:45:30.194Z,2026-09-18T10:45:30.194Z
CPRT,"Copart, Inc.",NASDAQ,nasdaq_trader,2026-09-18T10:45:30.194Z,2026-09-18T10:45:30.194Z
CPS,Cooper-Standard Holdings Inc.,NYSE,nasdaq_trader,2026-09-18T10:45:30.194Z,2026-09-18T10:45:30.194Z
CPSH,CPS Technologies Corp.,NASDAQ,nasdaq_trader,2026-09-18T10:45:30.194Z,2026-09-18T10:45:30.194Z
CPSS,"Consumer Portfolio Services, Inc.",NASDAQ,nasdaq_trader,2026-09-18T10:45:30.194Z,2026-09-18T10:45:30.194Z
CPT,Camden Property Trust,NYSE,nasdaq_trader,2026-09-18T10:45:30.194Z,2026-09-18T10:45:30.194Z
CPZ,Calamos Long/Short Equity & Dynamic Income Term Trust,NASDAQ,nasdaq_trader,2026-09-18T10:45:30.194Z,2026-09-22T07:18:58.952Z
CQP,"Cheniere Energy Partners, L.P.",NYSE,nasdaq_trader,2026-09-18T10:45:30.194Z,2026-09-22T07:18:59.215Z
CR,Crane Company,NYSE,nasdaq_trader,2026-09-18T10:45:30.194Z,2026-09-18T10:45:30.194Z
CRAC,Crown Reserve Acquisition Corp. I,NASDAQ,nasdaq_trader,2026-09-18T10:45:30.194Z,2026-09-18T10:45:30.194Z
CRACR,Crown Reserve Acquisition Corp. I,NASDAQ,nasdaq_trader,2026-09-18T10:45:30.194Z,2026-09-18T10:45:30.194Z
CRACU,Crown Reserve Acquisition Corp. I,NASDAQ,nasdaq_trader,2026-09-18T10:45:30.194Z,2026-09-18T10:45:30.194Z
CRACW,Crown Reserve Acquisition Corp. I,NASDAQ,nasdaq_trader,2026-09-18T10:45:30.194Z,2026-09-18T10:45:30.194Z
CRAI,"CRA International,Inc.",NASDAQ,nasdaq_trader,2026-09-18T10:45:30.194Z,2026-09-18T10:45:30.194Z
CRAN,Crane Harbor Acquisition Corp. II,NASDAQ,nasdaq_trader,2026-09-18T10:45:30.194Z,2026-09-18T10:45:30.194Z
CRANR,Crane Harbor Acquisition Corp. II,NASDAQ,nasdaq_trader,2026-09-18T10:45:30.194Z,2026-09-18T10:45:30.194Z
CRANU,Crane Harbor Acquisition Corp. II,NASDAQ,nasdaq_trader,2026-09-18T10:45:30.194Z,2026-09-18T10:45:30.194Z
CRAQ,Cal Redwood Acquisition Corp.,NASDAQ,nasdaq_trader,2026-09-18T10:45:30.194Z,2026-09-18T10:45:30.194Z
CRAQR,Cal Redwood Acquisition Corp.,NASDAQ,nasdaq_trader,2026-09-18T10:45:30.194Z,2026-09-18T10:45:30.194Z
CRAQU,Cal Redwood Acquisition Corp.,NASDAQ,nasdaq_trader,2026-09-18T10:45:30.194Z,2026-09-18T10:45:30.194Z
CRBBF,Corby Spirit and Wine Limited,OTC,excel_import,2026-09-18T09:57:12.863Z,2026-09-18T09:57:12.863Z
CRBD,Corebridge Financial Inc. 6.375,NYSE,nasdaq_trader,2026-09-18T10:45:30.194Z,2026-09-22T07:18:59.217Z
CRBG,Corebridge Financial Inc.,NYSE,nasdaq_trader,2026-09-18T10:45:30.194Z,2026-09-18T10:45:30.194Z
CRBP,"Corbus Pharmaceuticals Holdings, Inc.",NASDAQ,nasdaq_trader,2026-09-18T10:45:30.194Z,2026-09-18T10:45:30.194Z
CRBU,"Caribou Biosciences, Inc.",NASDAQ,nasdaq_trader,2026-09-18T10:45:30.194Z,2026-09-18T10:45:30.194Z
CRC,California Resources Corporation,NYSE,nasdaq_trader,2026-09-18T10:45:30.194Z,2026-09-18T10:45:30.194Z
CRCL,"Circle Internet Group, Inc.",NYSE,nasdaq_trader,2026-09-18T10:45:30.194Z,2026-09-18T10:45:30.194Z
CRCT,"Cricut, Inc.",NASDAQ,nasdaq_trader,2026-09-18T10:45:30.194Z,2026-09-18T10:45:30.194Z
CRD.A,Crawford & Company,NYSE,nasdaq_trader,2026-09-18T10:45:30.194Z,2026-09-18T10:45:30.194Z
CRD.B,Crawford & Company,NYSE,nasdaq_trader,2026-09-18T10:45:30.194Z,2026-09-18T10:45:30.194Z
CRDF,"Cardiff Oncology, Inc.",NASDAQ,nasdaq_trader,2026-09-18T10:45:30.194Z,2026-09-18T10:45:30.194Z
CRDL,Cardiol Therapeutics Inc.,NASDAQ,nasdaq_trader,2026-09-18T10:45:30.194Z,2026-09-18T10:45:30.194Z
CRDO,Credo Technology Group Holding Ltd,NASDAQ,nasdaq_trader,2026-09-18T10:45:30.194Z,2026-09-18T10:45:30.194Z
CRE,Cre8 Enterprise Limited,NASDAQ,excel_import,2026-09-18T09:57:12.863Z,2026-09-18T09:57:12.863Z
CRESY,"Cresud Sociedad Anónima, Comercial, Inmobiliaria, Financiera y Agropecuaria",NASDAQ,nasdaq_trader,2026-09-18T10:45:30.194Z,2026-09-22T07:18:58.954Z
CREX,"Creative Realities, Inc.",NASDAQ,nasdaq_trader,2026-09-18T10:45:30.194Z,2026-09-18T10:45:30.194Z
CRF,"Cornerstone Total Return Fund, Inc. (The)",AMEX,nasdaq_trader,2026-09-18T10:45:30.194Z,2026-09-18T10:45:30.194Z
CRGO,Freightos Limited,NASDAQ,nasdaq_trader,2026-09-18T10:45:30.194Z,2026-09-18T10:45:30.194Z
CRGOW,Freightos Limited,NASDAQ,nasdaq_trader,2026-09-18T10:45:30.194Z,2026-09-18T10:45:30.194Z
CRGY,Crescent Energy Company,NYSE,nasdaq_trader,2026-09-18T10:45:30.194Z,2026-09-18T10:45:30.194Z
CRH,CRH PLC,NYSE,nasdaq_trader,2026-09-18T10:45:30.194Z,2026-09-18T10:45:30.194Z
CRI,"Carter's, Inc.",NYSE,nasdaq_trader,2026-09-18T10:45:30.194Z,2026-09-18T10:45:30.194Z
CRIS,"Curis, Inc.",NASDAQ,nasdaq_trader,2026-09-18T10:45:30.194Z,2026-09-18T10:45:30.194Z
CRK,"Comstock Resources, Inc.",NYSE,nasdaq_trader,2026-09-18T10:45:30.194Z,2026-09-18T10:45:30.194Z
CRL,"Charles River Laboratories International, Inc.",NYSE,nasdaq_trader,2026-09-18T10:45:30.194Z,2026-09-18T10:45:30.194Z
CRM,"Salesforce, Inc.",NYSE,nasdaq_trader,2026-09-18T10:45:30.194Z,2026-09-18T10:45:30.194Z
CRMD,CorMedix Inc.,NASDAQ,nasdaq_trader,2026-09-18T10:45:30.194Z,2026-09-18T10:45:30.194Z
CRML,Critical Metals Corp.,NASDAQ,nasdaq_trader,2026-09-18T10:45:30.194Z,2026-09-18T10:45:30.194Z
CRMLW,Critical Metals Corp.,NASDAQ,nasdaq_trader,2026-09-18T10:45:30.194Z,2026-09-18T10:45:30.194Z
CRMT,"America's Car-Mart, Inc.",NASDAQ,nasdaq_trader,2026-09-18T10:45:30.194Z,2026-09-18T10:45:30.194Z
CRNC,Cerence Inc.,NASDAQ,nasdaq_trader,2026-09-18T10:45:30.194Z,2026-09-18T10:45:30.194Z
CRNT,Ceragon Networks Ltd.,NASDAQ,nasdaq_trader,2026-09-18T10:45:30.194Z,2026-09-18T10:45:30.194Z
CRON,Cronos Group Inc.,NASDAQ,nasdaq_trader,2026-09-18T10:45:30.194Z,2026-09-18T10:45:30.194Z
CROX,"Crocs, Inc.",NASDAQ,nasdaq_trader,2026-09-18T10:45:30.194Z,2026-09-18T10:45:30.194Z
CRRTF,Crescita Therapeutics Inc.,OTC,excel_import,2026-09-18T09:57:12.863Z,2026-09-18T09:57:12.863Z
CRS,Carpenter Technology Corporation,NYSE,nasdaq_trader,2026-09-18T10:45:30.194Z,2026-09-18T10:45:30.194Z
CRSP,CRISPR Therapeutics AG,NASDAQ,nasdaq_trader,2026-09-18T10:45:30.194Z,2026-09-18T10:45:30.194Z
CRSR,"Corsair Gaming, Inc.",NASDAQ,nasdaq_trader,2026-09-18T10:45:30.194Z,2026-09-18T10:45:30.194Z
CRT,Cross Timbers Royalty Trust,NYSE,nasdaq_trader,2026-09-18T10:45:30.194Z,2026-09-18T10:45:30.194Z
CRTO,Criteo S.A.,NASDAQ,nasdaq_trader,2026-09-18T10:45:30.194Z,2026-09-18T10:45:30.194Z
CRUS,"Cirrus Logic, Inc.",NASDAQ,nasdaq_trader,2026-09-18T10:45:30.194Z,2026-09-18T10:45:30.194Z
CRVL,CorVel Corp.,NASDAQ,nasdaq_trader,2026-09-18T10:45:30.194Z,2026-09-18T10:45:30.194Z
CRVO,CervoMed Inc.,NASDAQ,nasdaq_trader,2026-09-18T10:45:30.194Z,2026-09-18T10:45:30.194Z
CRVS,"Corvus Pharmaceuticals, Inc.",NASDAQ,nasdaq_trader,2026-09-18T10:45:30.194Z,2026-09-18T10:45:30.194Z
CRWD,"CrowdStrike Holdings, Inc.",NASDAQ,nasdaq_trader,2026-09-18T10:45:30.194Z,2026-09-18T10:45:30.194Z
CRWS,"Crown Crafts, Inc.",NASDAQ,nasdaq_trader,2026-09-18T10:45:30.194Z,2026-09-18T10:45:30.194Z
CRWV,"CoreWeave, Inc.",NASDAQ,nasdaq_trader,2026-09-18T10:45:30.194Z,2026-09-18T10:45:30.194Z
CSAI,"Cloudastructure, Inc.",NASDAQ,nasdaq_trader,2026-09-18T10:45:30.194Z,2026-09-18T10:45:30.194Z
CSAN,Cosan S.A.,NYSE,nasdaq_trader,2026-09-18T10:45:30.194Z,2026-09-22T07:18:59.219Z
CSBR,"Champions Oncology, Inc.",NASDAQ,nasdaq_trader,2026-09-18T10:45:30.194Z,2026-09-18T10:45:30.194Z
CSCO,"Cisco Systems, Inc.",NASDAQ,manual,2026-09-18T10:07:59.558Z,2026-09-18T10:07:59.558Z
CSGP,"CoStar Group, Inc.",NASDAQ,nasdaq_trader,2026-09-18T10:45:30.194Z,2026-09-18T10:45:30.194Z
CSHR,CoinShares PLC,NASDAQ,nasdaq_trader,2026-09-18T10:45:30.194Z,2026-09-18T10:45:30.194Z
CSHRW,CoinShares PLC,NASDAQ,nasdaq_trader,2026-09-18T10:45:30.194Z,2026-09-18T10:45:30.194Z
CSIQ,Canadian Solar Inc.,NASDAQ,nasdaq_trader,2026-09-18T10:45:30.194Z,2026-09-18T10:45:30.194Z
CSL,Carlisle Companies Incorporated,NYSE,nasdaq_trader,2026-09-18T10:45:30.194Z,2026-09-18T10:45:30.194Z
CSPI,CSP Inc.,NASDAQ,nasdaq_trader,2026-09-18T10:45:30.194Z,2026-09-18T10:45:30.194Z
CSQ,Calamos Strategic Total Return Fund,NASDAQ,nasdaq_trader,2026-09-18T10:45:30.194Z,2026-09-18T10:45:30.194Z
CSQR,"Csquare, Inc.",NYSE,nasdaq_trader,2026-09-18T10:45:30.194Z,2026-09-18T10:45:30.194Z
CSR,Centerspace,NYSE,nasdaq_trader,2026-09-18T10:45:30.194Z,2026-09-22T07:18:59.221Z
CSTE,Caesarstone Ltd.,NASDAQ,nasdaq_trader,2026-09-18T10:45:30.194Z,2026-09-18T10:45:30.194Z
CSTL,"Castle Biosciences, Inc.",NASDAQ,nasdaq_trader,2026-09-18T10:45:30.194Z,2026-09-18T10:45:30.194Z
CSTM,Constellium SE,NYSE,nasdaq_trader,2026-09-18T10:45:30.194Z,2026-09-22T07:18:59.225Z
CSV,"Carriage Services, Inc.",NYSE,nasdaq_trader,2026-09-18T10:45:30.194Z,2026-09-18T10:45:30.194Z
CSW,"CSW Industrials, Inc.",NYSE,nasdaq_trader,2026-09-18T10:45:30.194Z,2026-09-18T10:45:30.194Z
CSWC,Capital Southwest Corporation,NASDAQ,nasdaq_trader,2026-09-18T10:45:30.194Z,2026-09-18T10:45:30.194Z
CSX,CSX Corporation,NASDAQ,nasdaq_trader,2026-09-18T10:45:30.194Z,2026-09-18T10:45:30.194Z
CTAA,ClearThink 1 Acquisition Corp.,NASDAQ,nasdaq_trader,2026-09-18T10:45:30.194Z,2026-09-18T10:45:30.194Z
CTAAR,ClearThink 1 Acquisition Corp.,NASDAQ,nasdaq_trader,2026-09-18T10:45:30.194Z,2026-09-18T10:45:30.194Z
CTAAU,ClearThink 1 Acquisition Corp.,NASDAQ,nasdaq_trader,2026-09-18T10:45:30.194Z,2026-09-18T10:45:30.194Z
CTAS,Cintas Corporation,NASDAQ,nasdaq_trader,2026-09-18T10:45:30.194Z,2026-09-18T10:45:30.194Z
CTBI,"Community Trust Bancorp, Inc.",NASDAQ,nasdaq_trader,2026-09-18T10:45:30.194Z,2026-09-18T10:45:30.194Z
CTEV,Claritev Corporation,NYSE,nasdaq_trader,2026-09-18T10:45:30.194Z,2026-09-18T10:45:30.194Z
CTGG,Qwest Corporation,NYSE,nasdaq_trader,2026-09-18T10:45:30.194Z,2026-09-18T10:45:30.194Z
CTGO,Contango Silver & Gold Inc.,AMEX,nasdaq_trader,2026-09-18T10:45:30.194Z,2026-09-18T10:45:30.194Z
CTHH,Qwest Corporation,NYSE,nasdaq_trader,2026-09-18T10:45:30.194Z,2026-09-18T10:45:30.194Z
CTKB,"Cytek Biosciences, Inc.",NASDAQ,nasdaq_trader,2026-09-18T10:45:30.194Z,2026-09-18T10:45:30.194Z
CTM,"Castellum, Inc.",AMEX,nasdaq_trader,2026-09-18T10:45:30.194Z,2026-09-18T10:45:30.194Z
CTMX,"CytomX Therapeutics, Inc.",NASDAQ,nasdaq_trader,2026-09-18T10:45:30.194Z,2026-09-18T10:45:30.194Z
CTNM,"Contineum Therapeutics, Inc.",NASDAQ,nasdaq_trader,2026-09-18T10:45:30.194Z,2026-09-18T10:45:30.194Z
CTNT,Cheetah Net Supply Chain Service Inc.,NASDAQ,nasdaq_trader,2026-09-18T10:45:30.194Z,2026-09-18T10:45:30.194Z
CTO,"CTO Realty Growth, Inc.",NYSE,nasdaq_trader,2026-09-18T10:45:30.194Z,2026-09-18T10:45:30.194Z
CTOR,"Citius Oncology, Inc.",NASDAQ,nasdaq_trader,2026-09-18T10:45:30.194Z,2026-09-18T10:45:30.194Z
CTOS,"Custom Truck One Source, Inc.",NYSE,nasdaq_trader,2026-09-18T10:45:30.194Z,2026-09-18T10:45:30.194Z
CTRE,"CareTrust REIT, Inc.",NYSE,nasdaq_trader,2026-09-18T10:45:30.194Z,2026-09-18T10:45:30.194Z
CTRI,"Centuri Holdings, Inc.",NYSE,nasdaq_trader,2026-09-18T10:45:30.194Z,2026-09-18T10:45:30.194Z
CTRM,Castor Maritime Inc.,NASDAQ,nasdaq_trader,2026-09-18T10:45:30.194Z,2026-09-18T10:45:30.194Z
CTRN,"Citi Trends, Inc.",NASDAQ,nasdaq_trader,2026-09-18T10:45:30.194Z,2026-09-18T10:45:30.194Z
CTRRF,CT Real Estate Investment Trust,OTC,excel_import,2026-09-18T09:57:12.863Z,2026-09-18T09:57:12.863Z
CTS,CTS Corporation,NYSE,nasdaq_trader,2026-09-18T10:45:30.194Z,2026-09-18T10:45:30.194Z
CTSH,Cognizant Technology Solutions Corporation,NASDAQ,nasdaq_trader,2026-09-18T10:45:30.194Z,2026-09-18T10:45:30.194Z
CTSO,Cytosorbents Corporation,NASDAQ,nasdaq_trader,2026-09-18T10:45:30.194Z,2026-09-18T10:45:30.194Z
CTVA,"Corteva, Inc.",NYSE,nasdaq_trader,2026-09-18T10:45:30.194Z,2026-09-18T10:45:30.194Z
CTW,CTW,NASDAQ,nasdaq_trader,2026-09-18T10:45:30.194Z,2026-09-18T10:45:30.194Z
CTXR,"Citius Pharmaceuticals, Inc.",NASDAQ,nasdaq_trader,2026-09-18T10:45:30.194Z,2026-09-18T10:45:30.194Z
CUB,Lionheart Holdings,NASDAQ,nasdaq_trader,2026-09-18T10:45:30.194Z,2026-09-18T10:45:30.194Z
CUBB,"Customers Bancorp, Inc 5.375% S",NYSE,nasdaq_trader,2026-09-18T10:45:30.194Z,2026-09-22T07:18:59.227Z
CUBE,CubeSmart Common Shares,NYSE,nasdaq_trader,2026-09-18T10:45:30.194Z,2026-09-18T10:45:30.194Z
CUBI,"Customers Bancorp, Inc",NYSE,nasdaq_trader,2026-09-18T10:45:30.194Z,2026-09-18T10:45:30.194Z
CUBWU,Lionheart Holdings,NASDAQ,nasdaq_trader,2026-09-18T10:45:30.194Z,2026-09-18T10:45:30.194Z
CUBWW,Lionheart Holdings,NASDAQ,nasdaq_trader,2026-09-18T10:45:30.194Z,2026-09-18T10:45:30.194Z
CUE,"Cue Biopharma, Inc.",NASDAQ,nasdaq_trader,2026-09-18T10:45:30.194Z,2026-09-18T10:45:30.194Z
CULP,"Culp, Inc.",NASDAQ,nasdaq_trader,2026-09-18T10:45:30.194Z,2026-09-18T10:45:30.194Z
CUPR,Cuprina Holdings (Cayman) Limited,NASDAQ,nasdaq_trader,2026-09-18T10:45:30.194Z,2026-09-18T10:45:30.194Z
CURB,Curbline Properties Corp.,NYSE,nasdaq_trader,2026-09-18T10:45:30.194Z,2026-09-18T10:45:30.194Z
CURI,CuriosityStream Inc.,NASDAQ,nasdaq_trader,2026-09-18T10:45:30.194Z,2026-09-18T10:45:30.194Z
CURR,Currenc Group Inc.,NASDAQ,nasdaq_trader,2026-09-18T10:45:30.194Z,2026-09-18T10:45:30.194Z
CURV,Torrid Holdings Inc.,NYSE,nasdaq_trader,2026-09-18T10:45:30.194Z,2026-09-18T10:45:30.194Z
CURX,Curanex Pharmaceuticals Inc,NASDAQ,nasdaq_trader,2026-09-18T10:45:30.194Z,2026-09-18T10:45:30.194Z
CUVL,Clinuvel Pharmaceuticals Limited,NASDAQ,nasdaq_trader,2026-09-18T10:45:30.194Z,2026-09-18T10:45:30.194Z
CUZ,Cousins Properties Incorporated,NYSE,nasdaq_trader,2026-09-18T10:45:30.194Z,2026-09-18T10:45:30.194Z
CV,"CapsoVision, Inc.",NASDAQ,excel_import,2026-09-18T09:57:12.863Z,2026-09-18T09:57:12.863Z
CVBF,CVB Financial Corporation,NASDAQ,nasdaq_trader,2026-09-18T10:45:30.194Z,2026-09-18T10:45:30.194Z
CVCO,"Cavco Industries, Inc.",NASDAQ,nasdaq_trader,2026-09-18T10:45:30.194Z,2026-09-18T10:45:30.194Z
CVE,Cenovus Energy Inc,NYSE,nasdaq_trader,2026-09-18T10:45:30.194Z,2026-09-18T10:45:30.194Z
CVEO,Civeo Corporation,NYSE,nasdaq_trader,2026-09-18T10:45:30.194Z,2026-09-22T07:18:59.230Z
CVGI,"Commercial Vehicle Group, Inc.",NASDAQ,nasdaq_trader,2026-09-18T10:45:30.194Z,2026-09-18T10:45:30.194Z
CVI,CVR Energy Inc.,NYSE,nasdaq_trader,2026-09-18T10:45:30.194Z,2026-09-18T10:45:30.194Z
CVKD,"Cadrenal Therapeutics, Inc.",NASDAQ,nasdaq_trader,2026-09-18T10:45:30.194Z,2026-09-18T10:45:30.194Z
CVLG,"Covenant Logistics Group, Inc.",NYSE,nasdaq_trader,2026-09-18T10:45:30.194Z,2026-09-18T10:45:30.194Z
CVLT,"Commvault Systems, Inc.",NASDAQ,nasdaq_trader,2026-09-18T10:45:30.194Z,2026-09-18T10:45:30.194Z
CVM,Cel-Sci Corporation,AMEX,nasdaq_trader,2026-09-18T10:45:30.194Z,2026-09-18T10:45:30.194Z
CVNA,Carvana Co.,NYSE,nasdaq_trader,2026-09-18T10:45:30.194Z,2026-09-18T10:45:30.194Z
CVOSF,Coveo Solutions Inc.,OTC,excel_import,2026-09-18T09:57:12.863Z,2026-09-18T09:57:12.863Z
CVR,Chicago Rivet & Machine Co.,AMEX,nasdaq_trader,2026-09-18T10:45:30.194Z,2026-09-18T10:45:30.194Z
CVRX,"CVRx, Inc.",NASDAQ,nasdaq_trader,2026-09-18T10:45:30.194Z,2026-09-18T10:45:30.194Z
CVS,CVS Health Corporation,NYSE,nasdaq_trader,2026-09-18T10:45:30.194Z,2026-09-18T10:45:30.194Z
CVSA,Covista Inc.,NYSE,excel_import,2026-09-18T09:57:12.863Z,2026-09-18T09:57:12.863Z
CVU,"CPI Aerostructures, Inc.",AMEX,nasdaq_trader,2026-09-18T10:45:30.194Z,2026-09-18T10:45:30.194Z
CVV,CVD Equipment Corporation,NASDAQ,nasdaq_trader,2026-09-18T10:45:30.194Z,2026-09-18T10:45:30.194Z
CVX,Chevron Corporation,NYSE,nasdaq_trader,2026-09-18T10:45:30.194Z,2026-09-18T10:45:30.194Z
CW,Curtiss-Wright Corporation,NYSE,nasdaq_trader,2026-09-18T10:45:30.194Z,2026-09-22T07:18:59.232Z
CWBC,Community West Bancshares,NASDAQ,nasdaq_trader,2026-09-18T10:45:30.194Z,2026-09-18T10:45:30.194Z
CWCO,Consolidated Water Co. Ltd.,NASDAQ,nasdaq_trader,2026-09-18T10:45:30.194Z,2026-09-18T10:45:30.194Z
CWD,CaliberCos Inc.,NASDAQ,nasdaq_trader,2026-09-18T10:45:30.194Z,2026-09-18T10:45:30.194Z
CWEN,"Clearway Energy, Inc.",NYSE,nasdaq_trader,2026-09-18T10:45:30.194Z,2026-09-18T10:45:30.194Z
CWH,"Camping World Holdings, Inc.",NYSE,nasdaq_trader,2026-09-18T10:45:30.194Z,2026-09-18T10:45:30.194Z
CWK,Cushman & Wakefield Ltd. Common Shares,NYSE,nasdaq_trader,2026-09-18T10:45:30.194Z,2026-09-18T10:45:30.194Z
CWST,"Casella Waste Systems, Inc.",NASDAQ,nasdaq_trader,2026-09-18T10:45:30.194Z,2026-09-18T10:45:30.194Z
CWT,California Water Service Group,NYSE,nasdaq_trader,2026-09-18T10:45:30.194Z,2026-09-18T10:45:30.194Z
CWVLF,Crown Point Energy Inc.,OTC,excel_import,2026-09-18T09:57:12.863Z,2026-09-18T09:57:12.863Z
CX,"CEMEX, S.A.B. de C.V.",NYSE,nasdaq_trader,2026-09-18T10:45:30.194Z,2026-09-22T07:18:59.234Z
CXAI,CXApp Inc.,NASDAQ,nasdaq_trader,2026-09-18T10:45:30.194Z,2026-09-18T10:45:30.194Z
CXAIW,CXApp Inc.,NASDAQ,nasdaq_trader,2026-09-18T10:45:30.194Z,2026-09-18T10:45:30.194Z
CXDO,"Crexendo, Inc.",NASDAQ,nasdaq_trader,2026-09-18T10:45:30.194Z,2026-09-18T10:45:30.194Z
CXII,Churchill Capital Corp XII,NASDAQ,nasdaq_trader,2026-09-18T10:45:30.194Z,2026-09-18T10:45:30.194Z
CXIIU,Churchill Capital Corp XII,NASDAQ,nasdaq_trader,2026-09-18T10:45:30.194Z,2026-09-18T10:45:30.194Z
CXIIW,Churchill Capital Corp XII,NASDAQ,nasdaq_trader,2026-09-18T10:45:30.194Z,2026-09-18T10:45:30.194Z
CXM,"Sprinklr, Inc.",NYSE,nasdaq_trader,2026-09-18T10:45:30.194Z,2026-09-18T10:45:30.194Z
CXT,"Crane NXT, Co.",NYSE,nasdaq_trader,2026-09-18T10:45:30.194Z,2026-09-18T10:45:30.194Z
CXW,"CoreCivic, Inc.",NYSE,nasdaq_trader,2026-09-18T10:45:30.194Z,2026-09-18T10:45:30.194Z
CYAB,"Cyabra, Inc.",NASDAQ,excel_import,2026-09-18T09:57:12.863Z,2026-09-18T09:57:12.863Z
CYBCF,Cybeats Technologies Corp.,OTC,excel_import,2026-09-18T09:57:12.863Z,2026-09-18T09:57:12.863Z
CYCU,"Cycurion, Inc.",NASDAQ,nasdaq_trader,2026-09-18T10:45:30.194Z,2026-09-18T10:45:30.194Z
CYCUW,"Cycurion, Inc.",NASDAQ,nasdaq_trader,2026-09-18T10:45:30.194Z,2026-09-18T10:45:30.194Z
CYD,China Yuchai International Limited,NYSE,nasdaq_trader,2026-09-18T10:45:30.194Z,2026-09-18T10:45:30.194Z
CYH,"Community Health Systems, Inc.",NYSE,nasdaq_trader,2026-09-18T10:45:30.194Z,2026-09-18T10:45:30.194Z
CYN,Cyngn Inc.,NASDAQ,nasdaq_trader,2026-09-18T10:45:30.194Z,2026-09-18T10:45:30.194Z
CYPH,Cypherpunk Technologies Inc.,NASDAQ,nasdaq_trader,2026-09-18T10:45:30.194Z,2026-09-18T10:45:30.194Z
CYRX,"CryoPort, Inc.",NASDAQ,nasdaq_trader,2026-09-18T10:45:30.194Z,2026-09-18T10:45:30.194Z
CYTK,"Cytokinetics, Incorporated",NASDAQ,nasdaq_trader,2026-09-18T10:45:30.194Z,2026-09-18T10:45:30.194Z
CZFS,"Citizens Financial Services, Inc.",NASDAQ,nasdaq_trader,2026-09-18T10:45:30.194Z,2026-09-18T10:45:30.194Z
CZNC,Citizens & Northern Corp,NASDAQ,nasdaq_trader,2026-09-18T10:45:30.194Z,2026-09-18T10:45:30.194Z
CZR,"Caesars Entertainment, Inc.",NASDAQ,nasdaq_trader,2026-09-18T10:45:30.194Z,2026-09-18T10:45:30.194Z
CZWI,"Citizens Community Bancorp, Inc.",NASDAQ,nasdaq_trader,2026-09-18T10:45:30.194Z,2026-09-18T10:45:30.194Z
CZZLF,Cizzle Brands Corporation,OTC,excel_import,2026-09-18T09:57:12.863Z,2026-09-18T09:57:12.863Z
D,"Dominion Energy, Inc.",NYSE,nasdaq_trader,2026-09-18T10:45:30.194Z,2026-09-18T10:45:30.194Z
DAAQ,Digital Asset Acquisition Corp.,NASDAQ,nasdaq_trader,2026-09-18T10:45:30.194Z,2026-09-18T10:45:30.194Z
DAAQU,Digital Asset Acquisition Corp.,NASDAQ,nasdaq_trader,2026-09-18T10:45:30.194Z,2026-09-18T10:45:30.194Z
DAAQW,Digital Asset Acquisition Corp.,NASDAQ,nasdaq_trader,2026-09-18T10:45:30.194Z,2026-09-18T10:45:30.194Z
DAC,Danaos Corporation,NYSE,nasdaq_trader,2026-09-18T10:45:30.194Z,2026-09-18T10:45:30.194Z
DAIC,"CID HoldCo, Inc.",NASDAQ,excel_import,2026-09-18T09:57:12.863Z,2026-09-18T09:57:12.863Z
DAICW,"CID HoldCo, Inc.",NASDAQ,nasdaq_trader,2026-09-18T10:45:30.194Z,2026-09-18T10:45:30.194Z
DAIO,Data I/O Corporation,NASDAQ,nasdaq_trader,2026-09-18T10:45:30.194Z,2026-09-18T10:45:30.194Z
DAKT,"Daktronics, Inc.",NASDAQ,nasdaq_trader,2026-09-18T10:45:30.194Z,2026-09-18T10:45:30.194Z
DAL,"Delta Air Lines, Inc.",NYSE,nasdaq_trader,2026-09-18T10:45:30.194Z,2026-09-18T10:45:30.194Z
DAN,Dana Incorporated,NYSE,nasdaq_trader,2026-09-18T10:45:30.194Z,2026-09-18T10:45:30.194Z
DAO,"Youdao, Inc.",NYSE,nasdaq_trader,2026-09-18T10:45:30.194Z,2026-09-18T10:45:30.194Z
DAR,Darling Ingredients Inc.,NYSE,nasdaq_trader,2026-09-18T10:45:30.194Z,2026-09-18T10:45:30.194Z
DARE,"Daré Bioscience, Inc.",NASDAQ,nasdaq_trader,2026-09-18T10:45:30.194Z,2026-09-22T07:18:58.956Z
DASH,"DoorDash, Inc.",NASDAQ,nasdaq_trader,2026-09-18T10:45:30.194Z,2026-09-18T10:45:30.194Z
DAVA,Endava plc,NYSE,nasdaq_trader,2026-09-18T10:45:30.194Z,2026-09-18T10:45:30.194Z
DAVE,Dave Inc.,NASDAQ,nasdaq_trader,2026-09-18T10:45:30.194Z,2026-09-18T10:45:30.194Z
DAVEW,Dave Inc.,NASDAQ,nasdaq_trader,2026-09-18T10:45:30.194Z,2026-09-18T10:45:30.194Z
DB,Deutsche Bank Aktiengesellschaft,NYSE,nasdaq_trader,2026-09-18T10:45:30.194Z,2026-09-22T07:18:59.236Z
DBCA,D. Boral Acquisition I Corp.,NASDAQ,nasdaq_trader,2026-09-18T10:45:30.194Z,2026-09-18T10:45:30.194Z
DBCAU,D. Boral Acquisition I Corp.,NASDAQ,nasdaq_trader,2026-09-18T10:45:30.194Z,2026-09-18T10:45:30.194Z
DBCAW,D. Boral Acquisition I Corp.,NASDAQ,nasdaq_trader,2026-09-18T10:45:30.194Z,2026-09-18T10:45:30.194Z
DBD,Diebold Nixdorf Incorporated,NYSE,nasdaq_trader,2026-09-18T10:45:30.194Z,2026-09-18T10:45:30.194Z
DBGI,"Digital Brands Group, Inc.",NASDAQ,nasdaq_trader,2026-09-18T10:45:30.194Z,2026-09-18T10:45:30.194Z
DBI,Designer Brands Inc.,NYSE,nasdaq_trader,2026-09-18T10:45:30.194Z,2026-09-18T10:45:30.194Z
DBL,DoubleLine Opportunistic Credit Fund,NYSE,nasdaq_trader,2026-09-18T10:45:30.194Z,2026-09-18T10:45:30.194Z
DBRG,"DigitalBridge Group, Inc.",NYSE,nasdaq_trader,2026-09-18T10:45:30.194Z,2026-09-18T10:45:30.194Z
DBVT,DBV Technologies S.A.,NASDAQ,nasdaq_trader,2026-09-18T10:45:30.194Z,2026-09-18T10:45:30.194Z
DBX,"Dropbox, Inc.",NASDAQ,nasdaq_trader,2026-09-18T10:45:30.194Z,2026-09-18T10:45:30.194Z
DC,Dakota Gold Corp.,AMEX,nasdaq_trader,2026-09-18T10:45:30.194Z,2026-09-18T10:45:30.194Z
DCBG,"Dime Commercial Bancshares, Inc. 9.000% Junior Subordinated Notes",NYSE,nasdaq_trader,2026-09-18T10:45:30.194Z,2026-09-18T10:45:30.194Z
DCBO,Docebo Inc.,NASDAQ,nasdaq_trader,2026-09-18T10:45:30.194Z,2026-09-18T10:45:30.194Z
DCGO,DocGo Inc.,NASDAQ,nasdaq_trader,2026-09-18T10:45:30.194Z,2026-09-18T10:45:30.194Z
DCH,Dauch Corporation,NYSE,nasdaq_trader,2026-09-18T10:45:30.194Z,2026-09-18T10:45:30.194Z
DCI,"Donaldson Company, Inc.",NYSE,nasdaq_trader,2026-09-18T10:45:30.194Z,2026-09-18T10:45:30.194Z
DCO,Ducommun Incorporated,NYSE,nasdaq_trader,2026-09-18T10:45:30.194Z,2026-09-18T10:45:30.194Z
DCOM,"Dime Commercial Bancshares, Inc.",NYSE,nasdaq_trader,2026-09-18T10:45:30.194Z,2026-09-18T10:45:30.194Z
DCOY,Decoy Therapeutics Inc.,NASDAQ,nasdaq_trader,2026-09-18T10:45:30.194Z,2026-09-18T10:45:30.194Z
DCTH,"Delcath Systems, Inc.",NASDAQ,nasdaq_trader,2026-09-18T10:45:30.194Z,2026-09-18T10:45:30.194Z
DCX,Digital Currency X Technology Inc.,NASDAQ,nasdaq_trader,2026-09-18T10:45:30.194Z,2026-09-18T10:45:30.194Z
DD,"DuPont de Nemours, Inc.",NYSE,nasdaq_trader,2026-09-18T10:45:30.194Z,2026-09-18T10:45:30.194Z
DDC,DDC Enterprise Limited,AMEX,nasdaq_trader,2026-09-18T10:45:30.194Z,2026-09-18T10:45:30.194Z
DDD,3D Systems Corporation,NYSE,nasdaq_trader,2026-09-18T10:45:30.194Z,2026-09-18T10:45:30.194Z
DDHRF,Dream Impact Trust,OTC,excel_import,2026-09-18T09:57:12.863Z,2026-09-18T09:57:12.863Z
DDI,"DoubleDown Interactive Co., Ltd.",NASDAQ,nasdaq_trader,2026-09-18T10:45:30.194Z,2026-09-18T10:45:30.194Z
DDL,Dingdong (Cayman) Limited,NYSE,nasdaq_trader,2026-09-18T10:45:30.194Z,2026-09-18T10:45:30.194Z
DDOG,"Datadog, Inc.",NASDAQ,nasdaq_trader,2026-09-18T10:45:30.194Z,2026-09-18T10:45:30.194Z
DDS,"Dillard's, Inc.",NYSE,nasdaq_trader,2026-09-18T10:45:30.194Z,2026-09-18T10:45:30.194Z
DDT,Dillards Capital Trust I CAP SECS 7.5%,NYSE,nasdaq_trader,2026-09-18T10:45:30.194Z,2026-09-22T07:18:59.239Z
DE,Deere & Company,NYSE,nasdaq_trader,2026-09-18T10:45:30.194Z,2026-09-18T10:45:30.194Z
DEA,"Easterly Government Properties, Inc.",NYSE,nasdaq_trader,2026-09-18T10:45:30.194Z,2026-09-18T10:45:30.194Z
DEC,Diversified Energy Company,NYSE,nasdaq_trader,2026-09-18T10:45:30.194Z,2026-09-18T10:45:30.194Z
DECK,Deckers Outdoor Corporation,NYSE,nasdaq_trader,2026-09-18T10:45:30.194Z,2026-09-18T10:45:30.194Z
DEDVF,Decisive Dividend Corporation,OTC,excel_import,2026-09-18T09:57:12.863Z,2026-09-18T09:57:12.863Z
DEFT,"Defi Technologies, Inc.",NASDAQ,nasdaq_trader,2026-09-18T10:45:30.194Z,2026-09-18T10:45:30.194Z
DEI,"Douglas Emmett, Inc.",NYSE,nasdaq_trader,2026-09-18T10:45:30.194Z,2026-09-18T10:45:30.194Z
DELL,Dell Technologies Inc.,NYSE,nasdaq_trader,2026-09-18T10:45:30.194Z,2026-09-18T10:45:30.194Z
DEO,Diageo plc,NYSE,nasdaq_trader,2026-09-18T10:45:30.194Z,2026-09-18T10:45:30.194Z
DERM,Journey Medical Corporation,NASDAQ,excel_import,2026-09-18T09:57:12.863Z,2026-09-18T09:57:12.863Z
DETX,"Liberty Defense Holdings, Ltd.",NASDAQ,nasdaq_trader,2026-09-18T10:45:30.194Z,2026-09-18T10:45:30.194Z
DFDV,DeFi Development Corp.,NASDAQ,excel_import,2026-09-18T09:57:12.863Z,2026-09-18T09:57:12.863Z
DFDVW,DeFi Development Corp.,NASDAQ,nasdaq_trader,2026-09-18T10:45:30.194Z,2026-09-18T10:45:30.194Z
DFH,"Dream Finders Homes, Inc.",NYSE,nasdaq_trader,2026-09-18T10:45:30.194Z,2026-09-18T10:45:30.194Z
DFIN,"Donnelley Financial Solutions, Inc.",NYSE,nasdaq_trader,2026-09-18T10:45:30.194Z,2026-09-18T10:45:30.194Z
DFLI,Dragonfly Energy Holdings Corp,NASDAQ,nasdaq_trader,2026-09-18T10:45:30.194Z,2026-09-18T10:45:30.194Z
DFLIW,Dragonfly Energy Holdings Corp,NASDAQ,nasdaq_trader,2026-09-18T10:45:30.194Z,2026-09-18T10:45:30.194Z
DFNS,T3 Defense Inc.,NASDAQ,excel_import,2026-09-18T09:57:12.863Z,2026-09-18T09:57:12.863Z
DFNSW,T3 Defense Inc.,NASDAQ,nasdaq_trader,2026-09-18T10:45:30.194Z,2026-09-18T10:45:30.194Z
DFP,Flaherty & Crumrine Dynamic Preferred and Income Fund Inc.,NYSE,nasdaq_trader,2026-09-18T10:45:30.194Z,2026-09-18T10:45:30.194Z
DFSC,DEFSEC Technologies Inc.,NASDAQ,nasdaq_trader,2026-09-18T10:45:30.194Z,2026-09-18T10:45:30.194Z
DFSCW,DEFSEC Technologies Inc.,NASDAQ,nasdaq_trader,2026-09-18T10:45:30.194Z,2026-09-18T10:45:30.194Z
DFTX,"Definium Therapeutics, Inc.",NASDAQ,nasdaq_trader,2026-09-18T10:45:30.194Z,2026-09-18T10:45:30.194Z
DFYFF,Definity Financial Corporation,OTC,excel_import,2026-09-18T09:57:12.863Z,2026-09-22T07:18:58.879Z
DG,Dollar General Corporation,NYSE,nasdaq_trader,2026-09-18T10:45:30.194Z,2026-09-18T10:45:30.194Z
DGAC,Disciplined Growth Acquisition Corporation,NYSE,nasdaq_trader,2026-09-18T10:45:30.194Z,2026-09-18T10:45:30.194Z
DGAC.R,Disciplined Growth Acquisition Corporation,NYSE,nasdaq_trader,2026-09-18T10:45:30.194Z,2026-09-18T10:45:30.194Z
DGAC.U,Disciplined Growth Acquisition Corporation,NYSE,nasdaq_trader,2026-09-18T10:45:30.194Z,2026-09-18T10:45:30.194Z
DGICA,"Donegal Group, Inc.",NASDAQ,nasdaq_trader,2026-09-18T10:45:30.194Z,2026-09-18T10:45:30.194Z
DGICB,"Donegal Group, Inc.",NASDAQ,nasdaq_trader,2026-09-18T10:45:30.194Z,2026-09-18T10:45:30.194Z
DGII,Digi International Inc.,NASDAQ,nasdaq_trader,2026-09-18T10:45:30.194Z,2026-09-18T10:45:30.194Z
DGNX,Diginex Limited,NASDAQ,nasdaq_trader,2026-09-18T10:45:30.194Z,2026-09-18T10:45:30.194Z
DGX,Quest Diagnostics Incorporated,NYSE,nasdaq_trader,2026-09-18T10:45:30.194Z,2026-09-18T10:45:30.194Z
DGXX,Digi Power X Inc.,NASDAQ,excel_import,2026-09-18T09:57:12.863Z,2026-09-18T09:57:12.863Z
DH,Definitive Healthcare Corp.,NASDAQ,nasdaq_trader,2026-09-18T10:45:30.194Z,2026-09-18T10:45:30.194Z
DHC,Diversified Healthcare Trust,NASDAQ,nasdaq_trader,2026-09-18T10:45:30.194Z,2026-09-18T10:45:30.194Z
DHCNI,Diversified Healthcare Trust,NASDAQ,nasdaq_trader,2026-09-18T10:45:30.194Z,2026-09-18T10:45:30.194Z
DHCNL,Diversified Healthcare Trust,NASDAQ,nasdaq_trader,2026-09-18T10:45:30.194Z,2026-09-18T10:45:30.194Z
DHF,BNY Mellon High Yield Strategies Fund,NYSE,nasdaq_trader,2026-09-18T10:45:30.194Z,2026-09-18T10:45:30.194Z
DHI,"D.R. Horton, Inc.",NYSE,nasdaq_trader,2026-09-18T10:45:30.194Z,2026-09-18T10:45:30.194Z
DHR,Danaher Corporation,NYSE,nasdaq_trader,2026-09-18T10:45:30.194Z,2026-09-18T10:45:30.194Z
DHT,"DHT Holdings, Inc.",NYSE,nasdaq_trader,2026-09-18T10:45:30.194Z,2026-09-18T10:45:30.194Z
DHTRF,DRI Healthcare Trust,OTC,excel_import,2026-09-18T09:57:12.863Z,2026-09-22T07:18:58.881Z
DHX,"DHI Group, Inc.",NYSE,nasdaq_trader,2026-09-18T10:45:30.194Z,2026-09-18T10:45:30.194Z
DHY,UBS Asset Management High Yield Credit Fund,AMEX,nasdaq_trader,2026-09-18T10:45:30.194Z,2026-09-18T10:45:30.194Z
DIBS,"1stdibs.com, Inc.",NASDAQ,nasdaq_trader,2026-09-18T10:45:30.194Z,2026-09-18T10:45:30.194Z
DIN,"Dine Brands Global, Inc.",NYSE,nasdaq_trader,2026-09-18T10:45:30.194Z,2026-09-18T10:45:30.194Z
DINO,HF Sinclair Corporation,NYSE,nasdaq_trader,2026-09-18T10:45:30.194Z,2026-09-18T10:45:30.194Z
DIOD,Diodes Incorporated,NASDAQ,nasdaq_trader,2026-09-18T10:45:30.194Z,2026-09-18T10:45:30.194Z
DIS,Walt Disney Company (The),NYSE,nasdaq_trader,2026-09-18T10:45:30.194Z,2026-09-18T10:45:30.194Z
DIT,AMCON Distributing Company,AMEX,nasdaq_trader,2026-09-18T10:45:30.194Z,2026-09-18T10:45:30.194Z
DJCO,Daily Journal Corporation,NASDAQ,nasdaq_trader,2026-09-18T10:45:30.194Z,2026-09-22T07:18:58.958Z
DJT,Trump Media & Technology Group Corp.,NASDAQ,nasdaq_trader,2026-09-18T10:45:30.194Z,2026-09-18T10:45:30.194Z
DJTWW,Trump Media & Technology Group Corp.,NASDAQ,nasdaq_trader,2026-09-18T10:45:30.194Z,2026-09-18T10:45:30.194Z
DK,"Delek US Holdings, Inc.",NYSE,nasdaq_trader,2026-09-18T10:45:30.194Z,2026-09-18T10:45:30.194Z
DKI,DarkIris Inc.,NASDAQ,nasdaq_trader,2026-09-18T10:45:30.194Z,2026-09-18T10:45:30.194Z
DKL,"Delek Logistics Partners, LP",NYSE,nasdaq_trader,2026-09-18T10:45:30.194Z,2026-09-22T07:18:59.241Z
DKNG,DraftKings Inc.,NASDAQ,nasdaq_trader,2026-09-18T10:45:30.194Z,2026-09-18T10:45:30.194Z
DKS,Dick's Sporting Goods Inc,NYSE,nasdaq_trader,2026-09-18T10:45:30.194Z,2026-09-18T10:45:30.194Z
DLB,Dolby Laboratories,NYSE,nasdaq_trader,2026-09-18T10:45:30.194Z,2026-09-18T10:45:30.194Z
DLHC,DLH Holdings Corp.,NASDAQ,nasdaq_trader,2026-09-18T10:45:30.194Z,2026-09-18T10:45:30.194Z
DLMAY,"Dollarama, Inc.",OTC,excel_import,2026-09-18T09:57:12.863Z,2026-09-18T09:57:12.863Z
DLNG,Dynagas LNG Partners LP Common,NYSE,nasdaq_trader,2026-09-18T10:45:30.194Z,2026-09-18T10:45:30.194Z
DLO,DLocal Limited,NASDAQ,nasdaq_trader,2026-09-18T10:45:30.194Z,2026-09-18T10:45:30.194Z
DLPN,"Dolphin Entertainment, Inc.",NASDAQ,nasdaq_trader,2026-09-18T10:45:30.194Z,2026-09-18T10:45:30.194Z
DLR,"Digital Realty Trust, Inc.",NYSE,nasdaq_trader,2026-09-18T10:45:30.194Z,2026-09-18T10:45:30.194Z
DLTH,Duluth Holdings Inc.,NASDAQ,nasdaq_trader,2026-09-18T10:45:30.194Z,2026-09-18T10:45:30.194Z
DLTR,"Dollar Tree, Inc.",NASDAQ,nasdaq_trader,2026-09-18T10:45:30.194Z,2026-09-18T10:45:30.194Z
DLX,Deluxe Corporation,NYSE,nasdaq_trader,2026-09-18T10:45:30.194Z,2026-09-18T10:45:30.194Z
DLXY,Delixy Holdings Limited,NASDAQ,nasdaq_trader,2026-09-18T10:45:30.194Z,2026-09-18T10:45:30.194Z
DLY,DoubleLine Yield Opportunities Fund,NYSE,nasdaq_trader,2026-09-18T10:45:30.194Z,2026-09-18T10:45:30.194Z
DMA,Destra Multi-Alternative Fund,NYSE,nasdaq_trader,2026-09-18T10:45:30.194Z,2026-09-18T10:45:30.194Z
DMAA,Drugs Made In America Acquisition Corp.,NASDAQ,nasdaq_trader,2026-09-18T10:45:30.194Z,2026-09-18T10:45:30.194Z
DMAAR,Drugs Made In America Acquisition Corp.,NASDAQ,nasdaq_trader,2026-09-18T10:45:30.194Z,2026-09-18T10:45:30.194Z
DMAAU,Drugs Made In America Acquisition Corp.,NASDAQ,nasdaq_trader,2026-09-18T10:45:30.194Z,2026-09-18T10:45:30.194Z
DMAC,DiaMedica Therapeutics Inc.,NASDAQ,nasdaq_trader,2026-09-18T10:45:30.194Z,2026-09-18T10:45:30.194Z
DMB,"BNY Mellon Municipal Bond Infrastructure Fund, Inc.",NYSE,nasdaq_trader,2026-09-18T10:45:30.194Z,2026-09-18T10:45:30.194Z
DMC,Del Monte Corporation,NYSE,nasdaq_trader,2026-09-18T10:45:30.194Z,2026-09-18T10:45:30.194Z
DMII,Drugs Made In America Acquisition II Corp.,NASDAQ,nasdaq_trader,2026-09-18T10:45:30.194Z,2026-09-18T10:45:30.194Z
DMIIR,Drugs Made In America Acquisition II Corp.,NASDAQ,nasdaq_trader,2026-09-18T10:45:30.194Z,2026-09-18T10:45:30.194Z
DMIIU,Drugs Made In America Acquisition II Corp.,NASDAQ,nasdaq_trader,2026-09-18T10:45:30.194Z,2026-09-18T10:45:30.194Z
DMLP,"Dorchester Minerals, L.P.",NASDAQ,nasdaq_trader,2026-09-18T10:45:30.194Z,2026-09-18T10:45:30.194Z
DMO,Western Asset Mortgage Opportunity Fund Inc.,NYSE,nasdaq_trader,2026-09-18T10:45:30.194Z,2026-09-18T10:45:30.194Z
DMRA,"Damora Therapeutics, Inc.",NASDAQ,excel_import,2026-09-18T09:57:12.863Z,2026-09-18T09:57:12.863Z
DMRC,Digimarc Corporation,NASDAQ,nasdaq_trader,2026-09-18T10:45:30.194Z,2026-09-18T10:45:30.194Z
DMXCF,District Metals Corp.,OTC,excel_import,2026-09-18T09:57:12.863Z,2026-09-18T09:57:12.863Z
DNA,"Ginkgo Bioworks Holdings, Inc.",NYSE,nasdaq_trader,2026-09-18T10:45:30.194Z,2026-09-18T10:45:30.194Z
DNLI,Denali Therapeutics Inc.,NASDAQ,nasdaq_trader,2026-09-18T10:45:30.194Z,2026-09-18T10:45:30.194Z
DNMX,Dynamix Corporation III,NASDAQ,nasdaq_trader,2026-09-18T10:45:30.194Z,2026-09-18T10:45:30.194Z
DNMXU,Dynamix Corporation III,NASDAQ,nasdaq_trader,2026-09-18T10:45:30.194Z,2026-09-18T10:45:30.194Z
DNMXW,Dynamix Corporation III,NASDAQ,nasdaq_trader,2026-09-18T10:45:30.194Z,2026-09-18T10:45:30.194Z
DNN,Denison Mines Corp.,AMEX,nasdaq_trader,2026-09-18T10:45:30.194Z,2026-09-22T07:18:59.244Z
DNOW,DNOW Inc.,NYSE,nasdaq_trader,2026-09-18T10:45:30.194Z,2026-09-18T10:45:30.194Z
DNP,"DNP Select Income Fund, Inc.",NYSE,nasdaq_trader,2026-09-18T10:45:30.194Z,2026-09-18T10:45:30.194Z
DNTH,"Dianthus Therapeutics, Inc.",NASDAQ,nasdaq_trader,2026-09-18T10:45:30.194Z,2026-09-18T10:45:30.194Z
DNUT,"Krispy Kreme, Inc.",NASDAQ,nasdaq_trader,2026-09-18T10:45:30.194Z,2026-09-18T10:45:30.194Z
DOC,"Healthpeak Properties, Inc.",NYSE,nasdaq_trader,2026-09-18T10:45:30.194Z,2026-09-18T10:45:30.194Z
DOCN,"DigitalOcean Holdings, Inc.",NYSE,nasdaq_trader,2026-09-18T10:45:30.194Z,2026-09-18T10:45:30.194Z
DOCS,"Doximity, Inc.",NYSE,nasdaq_trader,2026-09-18T10:45:30.194Z,2026-09-18T10:45:30.194Z
DOCU,"DocuSign, Inc.",NASDAQ,nasdaq_trader,2026-09-18T10:45:30.194Z,2026-09-18T10:45:30.194Z
DOGZ,Dogness (International) Corporation,NASDAQ,nasdaq_trader,2026-09-18T10:45:30.194Z,2026-09-18T10:45:30.194Z
DOLE,Dole plc,NYSE,nasdaq_trader,2026-09-18T10:45:30.194Z,2026-09-18T10:45:30.194Z
DOMH,Dominari Holdings Inc.,NASDAQ,nasdaq_trader,2026-09-18T10:45:30.194Z,2026-09-18T10:45:30.194Z
DOMO,"Domo, Inc.",NASDAQ,nasdaq_trader,2026-09-18T10:45:30.194Z,2026-09-18T10:45:30.194Z
DOO,BRP Inc.,NASDAQ,nasdaq_trader,2026-09-18T10:45:30.194Z,2026-09-18T10:45:30.194Z
DORM,"Dorman Products, Inc.",NASDAQ,nasdaq_trader,2026-09-18T10:45:30.194Z,2026-09-18T10:45:30.194Z
DOUG,Douglas Elliman Inc.,NYSE,nasdaq_trader,2026-09-18T10:45:30.194Z,2026-09-18T10:45:30.194Z
DOV,Dover Corporation,NYSE,nasdaq_trader,2026-09-18T10:45:30.194Z,2026-09-18T10:45:30.194Z
DOW,Dow Inc.,NYSE,nasdaq_trader,2026-09-18T10:45:30.194Z,2026-09-18T10:45:30.194Z
DOX,Amdocs Limited,NASDAQ,nasdaq_trader,2026-09-18T10:45:30.194Z,2026-09-18T10:45:30.194Z
DOYU,DouYu International Holdings Limited,NASDAQ,nasdaq_trader,2026-09-18T10:45:30.194Z,2026-09-18T10:45:30.194Z
DPC,DPC Holdings PLC,NYSE,nasdaq_trader,2026-09-18T10:45:30.194Z,2026-09-18T10:45:30.194Z
DPG,Duff & Phelps Utility and Infrastructure Fund Inc.,NYSE,nasdaq_trader,2026-09-18T10:45:30.194Z,2026-09-18T10:45:30.194Z
DPRO,Draganfly Inc.,NASDAQ,nasdaq_trader,2026-09-18T10:45:30.194Z,2026-09-18T10:45:30.194Z
DPU,DB Commodity Long ETN,NASDAQ,nasdaq_trader,2026-09-18T10:45:30.194Z,2026-09-22T07:18:58.960Z
DPZ,Domino's Pizza Inc,NASDAQ,nasdaq_trader,2026-09-18T10:45:30.194Z,2026-09-18T10:45:30.194Z
DQ,DAQO New Energy Corp.,NYSE,nasdaq_trader,2026-09-18T10:45:30.194Z,2026-09-18T10:45:30.194Z
DRCT,"Direct Digital Holdings, Inc.",NASDAQ,nasdaq_trader,2026-09-18T10:45:30.194Z,2026-09-18T10:45:30.194Z
DRD,DRDGOLD Limited,NYSE,nasdaq_trader,2026-09-18T10:45:30.194Z,2026-09-18T10:45:30.194Z
DRDB,Roman DBDR Acquisition Corp. II,NASDAQ,nasdaq_trader,2026-09-18T10:45:30.194Z,2026-09-18T10:45:30.194Z
DRDBU,Roman DBDR Acquisition Corp. II,NASDAQ,nasdaq_trader,2026-09-18T10:45:30.194Z,2026-09-18T10:45:30.194Z
DRDBW,Roman DBDR Acquisition Corp. II,NASDAQ,nasdaq_trader,2026-09-18T10:45:30.194Z,2026-09-18T10:45:30.194Z
DRH,Diamondrock Hospitality Company,NASDAQ,nasdaq_trader,2026-09-18T10:45:30.194Z,2026-09-18T10:45:30.194Z
DRI,"Darden Restaurants, Inc.",NYSE,nasdaq_trader,2026-09-18T10:45:30.194Z,2026-09-18T10:45:30.194Z
DRIO,DarioHealth Corp.,NASDAQ,nasdaq_trader,2026-09-18T10:45:30.194Z,2026-09-18T10:45:30.194Z
DRK,DarkHorse Technologies Inc.,NASDAQ,nasdaq_trader,2026-09-18T10:45:30.194Z,2026-09-18T10:45:30.194Z
DRMA,"Dermata Therapeutics, Inc.",NASDAQ,nasdaq_trader,2026-09-18T10:45:30.194Z,2026-09-18T10:45:30.194Z
DRS,"Leonardo DRS, Inc.",NASDAQ,nasdaq_trader,2026-09-18T10:45:30.194Z,2026-09-18T10:45:30.194Z
DRTS,Alpha Tau Medical Ltd.,NASDAQ,nasdaq_trader,2026-09-18T10:45:30.194Z,2026-09-18T10:45:30.194Z
DRTSW,Alpha Tau Medical Ltd.,NASDAQ,nasdaq_trader,2026-09-18T10:45:30.194Z,2026-09-18T10:45:30.194Z
DRUG,Bright Minds Biosciences Inc.,NASDAQ,nasdaq_trader,2026-09-18T10:45:30.194Z,2026-09-22T07:18:58.962Z
DRVN,Driven Brands Holdings Inc.,NASDAQ,nasdaq_trader,2026-09-18T10:45:30.194Z,2026-09-18T10:45:30.194Z
DSAC,Daedalus Special Acquisition Corp.,NASDAQ,nasdaq_trader,2026-09-18T10:45:30.194Z,2026-09-18T10:45:30.194Z
DSACU,Daedalus Special Acquisition Corp.,NASDAQ,nasdaq_trader,2026-09-18T10:45:30.194Z,2026-09-18T10:45:30.194Z
DSACW,Daedalus Special Acquisition Corp.,NASDAQ,nasdaq_trader,2026-09-18T10:45:30.194Z,2026-09-18T10:45:30.194Z
DSC,DSC Holdings Ltd.,NASDAQ,nasdaq_trader,2026-09-18T10:45:30.194Z,2026-09-18T10:45:30.194Z
DSFIY,DSM Firmenich AG,OTC,excel_import,2026-09-18T09:57:12.863Z,2026-09-18T09:57:12.863Z
DSGN,"Design Therapeutics, Inc.",NASDAQ,nasdaq_trader,2026-09-18T10:45:30.194Z,2026-09-18T10:45:30.194Z
DSGR,"Distribution Solutions Group, Inc.",NASDAQ,nasdaq_trader,2026-09-18T10:45:30.194Z,2026-09-18T10:45:30.194Z
DSGX,The Descartes Systems Group Inc.,NASDAQ,nasdaq_trader,2026-09-18T10:45:30.194Z,2026-09-18T10:45:30.194Z
DSL,DoubleLine Income Solutions Fund,NYSE,nasdaq_trader,2026-09-18T10:45:30.194Z,2026-09-22T07:18:59.246Z
DSM,"BNY Mellon Strategic Municipal Bond Fund, Inc.",NYSE,nasdaq_trader,2026-09-18T10:45:30.194Z,2026-09-18T10:45:30.194Z
DSP,Viant Technology Inc.,NASDAQ,nasdaq_trader,2026-09-18T10:45:30.194Z,2026-09-18T10:45:30.194Z
DSS,"DSS, Inc.",AMEX,nasdaq_trader,2026-09-18T10:45:30.194Z,2026-09-18T10:45:30.194Z
DSU,"Blackrock Debt Strategies Fund, Inc.",NYSE,nasdaq_trader,2026-09-18T10:45:30.194Z,2026-09-18T10:45:30.194Z
DSWL,"Deswell Industries, Inc.",NASDAQ,nasdaq_trader,2026-09-18T10:45:30.194Z,2026-09-18T10:45:30.194Z
DSX,Diana Shipping inc.,NYSE,nasdaq_trader,2026-09-18T10:45:30.194Z,2026-09-18T10:45:30.194Z
DSX.W,Diana Shipping inc.,NYSE,nasdaq_trader,2026-09-18T10:45:30.194Z,2026-09-18T10:45:30.194Z
DSY,Big Tree Cloud Holdings Limited,NASDAQ,nasdaq_trader,2026-09-18T10:45:30.194Z,2026-09-18T10:45:30.194Z
DSYWW,Big Tree Cloud Holdings Limited,NASDAQ,nasdaq_trader,2026-09-18T10:45:30.194Z,2026-09-18T10:45:30.194Z
DT,"Dynatrace, Inc.",NYSE,nasdaq_trader,2026-09-18T10:45:30.194Z,2026-09-18T10:45:30.194Z
DTB,DTE Energy Company 2020 Series ,NYSE,nasdaq_trader,2026-09-18T10:45:30.194Z,2026-09-22T07:18:59.248Z
DTCKF,Davis Commodities Limited,OTC,excel_import,2026-09-18T09:57:12.863Z,2026-09-18T09:57:12.863Z
DTCX,"Datacentrex, Inc.",NASDAQ,nasdaq_trader,2026-09-18T10:45:30.194Z,2026-09-18T10:45:30.194Z
DTE,DTE Energy Company,NYSE,nasdaq_trader,2026-09-18T10:45:30.194Z,2026-09-18T10:45:30.194Z
DTF,DTF Tax-Free Income 2028 Term Fund Inc.,NYSE,nasdaq_trader,2026-09-18T10:45:30.194Z,2026-09-18T10:45:30.194Z
DTG,DTE Energy Company 2021 Series ,NYSE,nasdaq_trader,2026-09-18T10:45:30.194Z,2026-09-22T07:18:59.250Z
DTI,Drilling Tools International Corporation,NASDAQ,nasdaq_trader,2026-09-18T10:45:30.194Z,2026-09-18T10:45:30.194Z
DTIL,"Precision BioSciences, Inc.",NASDAQ,nasdaq_trader,2026-09-18T10:45:30.194Z,2026-09-18T10:45:30.194Z
DTK,DTE Energy Company 2025 Series ,NYSE,nasdaq_trader,2026-09-18T10:45:30.194Z,2026-09-22T07:18:59.251Z
DTM,"DT Midstream, Inc.",NYSE,nasdaq_trader,2026-09-18T10:45:30.194Z,2026-09-18T10:45:30.194Z
DTSQ,DT Cloud Star Acquisition Corporation,NASDAQ,nasdaq_trader,2026-09-18T10:45:30.194Z,2026-09-18T10:45:30.194Z
DTSQR,DT Cloud Star Acquisition Corporation,NASDAQ,nasdaq_trader,2026-09-18T10:45:30.194Z,2026-09-18T10:45:30.194Z
DTSQU,DT Cloud Star Acquisition Corporation,NASDAQ,nasdaq_trader,2026-09-18T10:45:30.194Z,2026-09-18T10:45:30.194Z
DTSS,Datasea Intelligent Technology Ltd.,NASDAQ,nasdaq_trader,2026-09-18T10:45:30.194Z,2026-09-18T10:45:30.194Z
DTST,Data Storage Corporation,NASDAQ,nasdaq_trader,2026-09-18T10:45:30.194Z,2026-09-18T10:45:30.194Z
DTW,DTE Energy Company JR SUB DB 2017 E,NYSE,nasdaq_trader,2026-09-18T10:45:30.194Z,2026-09-22T07:18:59.253Z
DUK,Duke Energy Corporation (Holding Company),NYSE,nasdaq_trader,2026-09-18T10:45:30.194Z,2026-09-18T10:45:30.194Z
DUKB,Duke Energy Corporation 5.625% ,NYSE,nasdaq_trader,2026-09-18T10:45:30.194Z,2026-09-22T07:18:59.254Z
DUKR,DUKE Robotics Corp.,NASDAQ,nasdaq_trader,2026-09-18T10:45:30.194Z,2026-09-18T10:45:30.194Z
DUKRW,DUKE Robotics Corp.,NASDAQ,nasdaq_trader,2026-09-18T10:45:30.194Z,2026-09-18T10:45:30.194Z
DUKU,Duke Energy Corporation,NYSE,nasdaq_trader,2026-09-18T10:45:30.194Z,2026-09-22T07:18:59.256Z
DUO,Fangdd Network Group Ltd.,NASDAQ,nasdaq_trader,2026-09-18T10:45:30.194Z,2026-09-18T10:45:30.194Z
DUOL,"Duolingo, Inc.",NASDAQ,nasdaq_trader,2026-09-18T10:45:30.194Z,2026-09-18T10:45:30.194Z
DUOT,"Duos Technologies Group, Inc.",NASDAQ,nasdaq_trader,2026-09-18T10:45:30.194Z,2026-09-18T10:45:30.194Z
DV,"DoubleVerify Holdings, Inc.",NYSE,nasdaq_trader,2026-09-18T10:45:30.194Z,2026-09-18T10:45:30.194Z
DVA,DaVita Inc.,NYSE,nasdaq_trader,2026-09-18T10:45:30.194Z,2026-09-18T10:45:30.194Z
DVHGF,Devonian Health Group Inc.,OTC,excel_import,2026-09-18T09:57:12.863Z,2026-09-18T09:57:12.863Z
DVLT,Datavault AI Inc.,NASDAQ,nasdaq_trader,2026-09-18T10:45:30.194Z,2026-09-18T10:45:30.194Z
DVN,Devon Energy Corporation,NYSE,nasdaq_trader,2026-09-18T10:45:30.194Z,2026-09-18T10:45:30.194Z
DWSN,Dawson Geophysical Company,NASDAQ,nasdaq_trader,2026-09-18T10:45:30.194Z,2026-09-18T10:45:30.194Z
DWTX,"Dogwood Therapeutics, Inc.",NASDAQ,nasdaq_trader,2026-09-18T10:45:30.194Z,2026-09-18T10:45:30.194Z
DX,"Dynex Capital, Inc.",NYSE,nasdaq_trader,2026-09-18T10:45:30.194Z,2026-09-18T10:45:30.194Z
DXC,DXC Technology Company,NYSE,nasdaq_trader,2026-09-18T10:45:30.194Z,2026-09-18T10:45:30.194Z
DXCM,"DexCom, Inc.",NASDAQ,nasdaq_trader,2026-09-18T10:45:30.194Z,2026-09-18T10:45:30.194Z
DXF,Eason Technology Limited,AMEX,nasdaq_trader,2026-09-18T10:45:30.194Z,2026-09-18T10:45:30.194Z
DXLG,"Destination XL Group, Inc.",NASDAQ,nasdaq_trader,2026-09-18T10:45:30.194Z,2026-09-18T10:45:30.194Z
DXPE,"DXP Enterprises, Inc.",NASDAQ,nasdaq_trader,2026-09-18T10:45:30.194Z,2026-09-18T10:45:30.194Z
DXR,Daxor Corporation,NASDAQ,nasdaq_trader,2026-09-18T10:45:30.194Z,2026-09-18T10:45:30.194Z
DXST,Decent Holding Inc.,NASDAQ,nasdaq_trader,2026-09-18T10:45:30.194Z,2026-09-18T10:45:30.194Z
DXYZ,Destiny Tech100 Inc.,NYSE,nasdaq_trader,2026-09-18T10:45:30.194Z,2026-09-18T10:45:30.194Z
DY,"Dycom Industries, Inc.",NYSE,nasdaq_trader,2026-09-18T10:45:30.194Z,2026-09-18T10:45:30.194Z
DYAI,"Dyadic International, Inc.",NASDAQ,nasdaq_trader,2026-09-18T10:45:30.194Z,2026-09-18T10:45:30.194Z
DYN,"Dyne Therapeutics, Inc.",NASDAQ,nasdaq_trader,2026-09-18T10:45:30.194Z,2026-09-18T10:45:30.194Z
DYNC,Dynamix Corporation,NASDAQ,nasdaq_trader,2026-09-18T10:45:30.194Z,2026-09-18T10:45:30.194Z
DYNCU,Dynamix Corporation,NASDAQ,nasdaq_trader,2026-09-18T10:45:30.194Z,2026-09-18T10:45:30.194Z
DYNCW,Dynamix Corporation,NASDAQ,nasdaq_trader,2026-09-18T10:45:30.194Z,2026-09-18T10:45:30.194Z
DYOR,Insight Digital Partners II,NASDAQ,nasdaq_trader,2026-09-18T10:45:30.194Z,2026-09-18T10:45:30.194Z
DYORU,Insight Digital Partners II,NASDAQ,nasdaq_trader,2026-09-18T10:45:30.194Z,2026-09-18T10:45:30.194Z
DYORW,Insight Digital Partners II,NASDAQ,nasdaq_trader,2026-09-18T10:45:30.194Z,2026-09-18T10:45:30.194Z
E,ENI S.p.A.,NYSE,nasdaq_trader,2026-09-18T10:45:30.194Z,2026-09-18T10:45:30.194Z
EAD,Wells Fargo Advantage Funds - Allspring Income Opportunities Fund,AMEX,nasdaq_trader,2026-09-18T10:45:30.194Z,2026-09-22T07:18:59.258Z
EAF,GrafTech International Ltd.,NYSE,nasdaq_trader,2026-09-18T10:45:30.194Z,2026-09-18T10:45:30.194Z
EAI,"Entergy Arkansas, Inc. 1M BD 4.875%66",NYSE,nasdaq_trader,2026-09-18T10:45:30.194Z,2026-09-22T07:18:59.261Z
EARN,Ellington Credit Company,NYSE,nasdaq_trader,2026-09-18T10:45:30.194Z,2026-09-18T10:45:30.194Z
EAT,"Brinker International, Inc.",NYSE,nasdaq_trader,2026-09-18T10:45:30.194Z,2026-09-18T10:45:30.194Z
EBAY,eBay Inc.,NASDAQ,nasdaq_trader,2026-09-18T10:45:30.194Z,2026-09-18T10:45:30.194Z
EBC,"Eastern Bankshares, Inc.",NASDAQ,nasdaq_trader,2026-09-18T10:45:30.194Z,2026-09-18T10:45:30.194Z
EBF,"Ennis, Inc.",NYSE,nasdaq_trader,2026-09-18T10:45:30.194Z,2026-09-18T10:45:30.194Z
EBMT,"Eagle Bancorp Montana, Inc.",NASDAQ,nasdaq_trader,2026-09-18T10:45:30.194Z,2026-09-18T10:45:30.194Z
EBON,Ebang International Holdings Inc.,NASDAQ,nasdaq_trader,2026-09-18T10:45:30.194Z,2026-09-18T10:45:30.194Z
EBS,Emergent BioSolutions Inc.,NYSE,nasdaq_trader,2026-09-18T10:45:30.194Z,2026-09-18T10:45:30.194Z
EC,Ecopetrol S.A.,NYSE,nasdaq_trader,2026-09-18T10:45:30.194Z,2026-09-18T10:45:30.194Z
ECAT,BlackRock ESG Capital Allocation Term Trust,NYSE,nasdaq_trader,2026-09-18T10:45:30.194Z,2026-09-18T10:45:30.194Z
ECBK,"ECB Bancorp, Inc.",NASDAQ,nasdaq_trader,2026-09-18T10:45:30.194Z,2026-09-18T10:45:30.194Z
ECC,Eagle Point Credit Company,NYSE,nasdaq_trader,2026-09-18T10:45:30.194Z,2026-09-18T10:45:30.194Z
ECCC,Eagle Point Credit Company,NYSE,nasdaq_trader,2026-09-18T10:45:30.194Z,2026-09-22T07:18:59.262Z
ECCU,Eagle Point Credit Company,NYSE,nasdaq_trader,2026-09-18T10:45:30.194Z,2026-09-18T10:45:30.194Z
ECCV,Eagle Point Credit Company,NYSE,nasdaq_trader,2026-09-18T10:45:30.194Z,2026-09-18T10:45:30.194Z
ECF,Ellsworth Growth and Income Fund Ltd.,AMEX,nasdaq_trader,2026-09-18T10:45:30.194Z,2026-09-18T10:45:30.194Z
ECG,"Everus Construction Group, Inc.",NYSE,nasdaq_trader,2026-09-18T10:45:30.194Z,2026-09-18T10:45:30.194Z
ECHO,EchoStar Corporation,NASDAQ,nasdaq_trader,2026-09-18T10:45:30.194Z,2026-09-18T10:45:30.194Z
ECL,Ecolab Inc.,NYSE,nasdaq_trader,2026-09-18T10:45:30.194Z,2026-09-18T10:45:30.194Z
ECO,Okeanis Eco Tankers Corp.,NYSE,nasdaq_trader,2026-09-18T10:45:30.194Z,2026-09-18T10:45:30.194Z
ECOR,"electroCore, Inc.",NASDAQ,nasdaq_trader,2026-09-18T10:45:30.194Z,2026-09-18T10:45:30.194Z
ECPG,Encore Capital Group Inc,NASDAQ,nasdaq_trader,2026-09-18T10:45:30.194Z,2026-09-18T10:45:30.194Z
ECVT,Ecovyst Inc.,NYSE,nasdaq_trader,2026-09-18T10:45:30.194Z,2026-09-18T10:45:30.194Z
ECX,ECARX Holdings Inc.,NASDAQ,nasdaq_trader,2026-09-18T10:45:30.194Z,2026-09-18T10:45:30.194Z
ECXWW,ECARX Holdings Inc.,NASDAQ,nasdaq_trader,2026-09-18T10:45:30.194Z,2026-09-18T10:45:30.194Z
ED,"Consolidated Edison, Inc.",NYSE,nasdaq_trader,2026-09-18T10:45:30.194Z,2026-09-18T10:45:30.194Z
EDBL,Edible Garden AG Incorporated,NASDAQ,nasdaq_trader,2026-09-18T10:45:30.194Z,2026-09-18T10:45:30.194Z
EDBLW,Edible Garden AG Incorporated,NASDAQ,nasdaq_trader,2026-09-18T10:45:30.194Z,2026-09-18T10:45:30.194Z
EDD,"Morgan Stanley Emerging Markets Domestic Debt Fund, Inc.",NYSE,nasdaq_trader,2026-09-18T10:45:30.194Z,2026-09-18T10:45:30.194Z
EDF,Virtus Stone Harbor Emerging Markets Income Fund,NYSE,nasdaq_trader,2026-09-18T10:45:30.194Z,2026-09-18T10:45:30.194Z
EDHL,Everbright Digital Holding Limited,NASDAQ,nasdaq_trader,2026-09-18T10:45:30.194Z,2026-09-22T07:18:58.963Z
EDIT,"Editas Medicine, Inc.",NASDAQ,nasdaq_trader,2026-09-18T10:45:30.194Z,2026-09-18T10:45:30.194Z
EDN,Empresa Distribuidora y Comercializadora Norte Sociedad Anónima,NYSE,nasdaq_trader,2026-09-18T10:45:30.194Z,2026-09-22T07:18:59.264Z
EDRY,EuroDry Ltd.,NASDAQ,nasdaq_trader,2026-09-18T10:45:30.194Z,2026-09-18T10:45:30.194Z
EDSA,"Edesa Biotech, Inc.",NASDAQ,nasdaq_trader,2026-09-18T10:45:30.194Z,2026-09-18T10:45:30.194Z
EDTK,Skillful Craftsman Education Technology Limited,NASDAQ,nasdaq_trader,2026-09-18T10:45:30.194Z,2026-09-18T10:45:30.194Z
EDU,New Oriental Education & Technology Group Inc.,NYSE,nasdaq_trader,2026-09-18T10:45:30.194Z,2026-09-22T07:18:59.266Z
EDUC,Educational Development Corporation,NASDAQ,nasdaq_trader,2026-09-18T10:45:30.194Z,2026-09-18T10:45:30.194Z
EDVA,"Endovia Health Sciences, Inc.",AMEX,nasdaq_trader,2026-09-18T10:45:30.194Z,2026-09-18T10:45:30.194Z
EE,"Excelerate Energy, Inc.",NYSE,nasdaq_trader,2026-09-18T10:45:30.194Z,2026-09-18T10:45:30.194Z
EEA,"The European Equity Fund, Inc.",NYSE,nasdaq_trader,2026-09-18T10:45:30.194Z,2026-09-18T10:45:30.194Z
EEFT,"Euronet Worldwide, Inc.",NASDAQ,nasdaq_trader,2026-09-18T10:45:30.194Z,2026-09-18T10:45:30.194Z
EEIQ,EpicQuest Education Group International Limited,NASDAQ,nasdaq_trader,2026-09-18T10:45:30.194Z,2026-09-18T10:45:30.194Z
EFC,Ellington Financial Inc.,NYSE,nasdaq_trader,2026-09-18T10:45:30.194Z,2026-09-18T10:45:30.194Z
EFOI,"Energy Focus, Inc.",NASDAQ,nasdaq_trader,2026-09-18T10:45:30.194Z,2026-09-18T10:45:30.194Z
EFOR,"Everforth, Inc.",NYSE,excel_import,2026-09-18T09:57:12.863Z,2026-09-18T09:57:12.863Z
EFR,Eaton Vance Senior Floating-Rate Trust,NYSE,nasdaq_trader,2026-09-18T10:45:30.194Z,2026-09-22T07:18:59.267Z
EFSC,Enterprise Financial Services Corporation,NASDAQ,nasdaq_trader,2026-09-18T10:45:30.194Z,2026-09-18T10:45:30.194Z
EFSCP,Enterprise Financial Services Corporation,NASDAQ,nasdaq_trader,2026-09-18T10:45:30.194Z,2026-09-18T10:45:30.194Z
EFSI,Eagle Financial Services Inc,NASDAQ,nasdaq_trader,2026-09-18T10:45:30.194Z,2026-09-18T10:45:30.194Z
EFT,Eaton Vance Floating Rate Income Trust,NYSE,nasdaq_trader,2026-09-18T10:45:30.194Z,2026-09-18T10:45:30.194Z
EFTY,"Etoiles Capital Group Co., Ltd.",NASDAQ,nasdaq_trader,2026-09-18T10:45:30.194Z,2026-09-18T10:45:30.194Z
EFX,"Equifax, Inc.",NYSE,nasdaq_trader,2026-09-18T10:45:30.194Z,2026-09-18T10:45:30.194Z
EFXT,Enerflex Ltd Common Shares,NYSE,nasdaq_trader,2026-09-18T10:45:30.194Z,2026-09-18T10:45:30.194Z
EG,"Everest Group, Ltd.",NYSE,nasdaq_trader,2026-09-18T10:45:30.194Z,2026-09-18T10:45:30.194Z
EGAN,eGain Corporation,NASDAQ,nasdaq_trader,2026-09-18T10:45:30.194Z,2026-09-18T10:45:30.194Z
EGBN,"Eagle Bancorp, Inc.",NASDAQ,nasdaq_trader,2026-09-18T10:45:30.194Z,2026-09-18T10:45:30.194Z
EGG,Enigmatig Limited,AMEX,nasdaq_trader,2026-09-18T10:45:30.194Z,2026-09-18T10:45:30.194Z
EGHA,EGH Acquisition Corp.,NASDAQ,nasdaq_trader,2026-09-18T10:45:30.194Z,2026-09-18T10:45:30.194Z
EGHAR,EGH Acquisition Corp.,NASDAQ,nasdaq_trader,2026-09-18T10:45:30.194Z,2026-09-18T10:45:30.194Z
EGHAU,EGH Acquisition Corp.,NASDAQ,nasdaq_trader,2026-09-18T10:45:30.194Z,2026-09-18T10:45:30.194Z
EGHT,8x8 Inc,NASDAQ,nasdaq_trader,2026-09-18T10:45:30.194Z,2026-09-18T10:45:30.194Z
EGLXF,Enthusiast Gaming Holdings Inc.,OTC,excel_import,2026-09-18T09:57:12.863Z,2026-09-18T09:57:12.863Z
EGO,Eldorado Gold Corporation,NYSE,nasdaq_trader,2026-09-18T10:45:30.194Z,2026-09-18T10:45:30.194Z
EGP,"EastGroup Properties, Inc.",NYSE,nasdaq_trader,2026-09-18T10:45:30.194Z,2026-09-18T10:45:30.194Z
EGY,"VAALCO Energy, Inc.",NYSE,nasdaq_trader,2026-09-18T10:45:30.194Z,2026-09-18T10:45:30.194Z
EH,EHang Holdings Limited,NASDAQ,nasdaq_trader,2026-09-18T10:45:30.194Z,2026-09-18T10:45:30.194Z
EHC,Encompass Health Corporation,NYSE,nasdaq_trader,2026-09-18T10:45:30.194Z,2026-09-18T10:45:30.194Z
EHGO,Eshallgo Inc.,NASDAQ,nasdaq_trader,2026-09-18T10:45:30.194Z,2026-09-18T10:45:30.194Z
EHI,Western Asset Global High Income Fund Inc,NYSE,nasdaq_trader,2026-09-18T10:45:30.194Z,2026-09-18T10:45:30.194Z
EHLD,Euroholdings Ltd.,NASDAQ,nasdaq_trader,2026-09-18T10:45:30.194Z,2026-09-18T10:45:30.194Z
EHTH,"eHealth, Inc.",NASDAQ,nasdaq_trader,2026-09-18T10:45:30.194Z,2026-09-18T10:45:30.194Z
EIC,Eagle Point Income Company,NYSE,nasdaq_trader,2026-09-18T10:45:30.194Z,2026-09-18T10:45:30.194Z
EICA,Eagle Point Income Company,NYSE,nasdaq_trader,2026-09-18T10:45:30.194Z,2026-09-22T07:18:59.268Z
EIG,Employers Holdings Inc,NYSE,nasdaq_trader,2026-09-18T10:45:30.194Z,2026-09-18T10:45:30.194Z
EIIA,Eagle Point Institutional Income Fund,NYSE,nasdaq_trader,2026-09-18T10:45:30.194Z,2026-09-22T07:18:59.270Z
EIKN,"Eikon Therapeutics, Inc.",NASDAQ,nasdaq_trader,2026-09-18T10:45:30.194Z,2026-09-18T10:45:30.194Z
EIM,Eaton Vance Municipal Bond Fund,AMEX,nasdaq_trader,2026-09-18T10:45:30.194Z,2026-09-18T10:45:30.194Z
EIX,Edison International,NYSE,nasdaq_trader,2026-09-18T10:45:30.194Z,2026-09-18T10:45:30.194Z
EJH,E-Home Household Service Holdings Limited,NASDAQ,nasdaq_trader,2026-09-18T10:45:30.194Z,2026-09-18T10:45:30.194Z
EL,The Estée Lauder Companies Inc.,NYSE,nasdaq_trader,2026-09-18T10:45:30.194Z,2026-09-22T07:18:59.272Z
ELA,Envela Corporation,AMEX,nasdaq_trader,2026-09-18T10:45:30.194Z,2026-09-18T10:45:30.194Z
ELAB,PMGC Holdings Inc.,NASDAQ,nasdaq_trader,2026-09-18T10:45:30.194Z,2026-09-18T10:45:30.194Z
ELAN,Elanco Animal Health Incorporated,NYSE,nasdaq_trader,2026-09-18T10:45:30.194Z,2026-09-18T10:45:30.194Z
ELBM,Electra Battery Materials Corporation,NASDAQ,nasdaq_trader,2026-09-18T10:45:30.194Z,2026-09-18T10:45:30.194Z
ELC,"Entergy Louisiana, LLC COLLATERAL TR MT",NYSE,nasdaq_trader,2026-09-18T10:45:30.194Z,2026-09-22T07:18:59.273Z
ELDN,"Eledon Pharmaceuticals, Inc.",NASDAQ,nasdaq_trader,2026-09-18T10:45:30.194Z,2026-09-18T10:45:30.194Z
ELE,Elemental Royalty Corporation,NASDAQ,nasdaq_trader,2026-09-18T10:45:30.194Z,2026-09-18T10:45:30.194Z
ELF,"e.l.f. Beauty, Inc.",NYSE,nasdaq_trader,2026-09-18T10:45:30.194Z,2026-09-18T10:45:30.194Z
ELLA,Ellington Credit Company,NYSE,nasdaq_trader,2026-09-18T10:45:30.194Z,2026-09-18T10:45:30.194Z
ELLO,Ellomay Capital Ltd.,AMEX,nasdaq_trader,2026-09-18T10:45:30.194Z,2026-09-22T07:18:59.275Z
ELMD,"Electromed, Inc.",AMEX,nasdaq_trader,2026-09-18T10:45:30.194Z,2026-09-18T10:45:30.194Z
ELME,Elme Communities,NYSE,nasdaq_trader,2026-09-18T10:45:30.194Z,2026-09-18T10:45:30.194Z
ELMT,The Elmet Group Co.,NASDAQ,nasdaq_trader,2026-09-18T10:45:30.194Z,2026-09-18T10:45:30.194Z
ELOG,Eastern International Ltd.,NASDAQ,nasdaq_trader,2026-09-18T10:45:30.194Z,2026-09-18T10:45:30.194Z
ELOX,"Eloxx Pharmaceuticals, Inc.",NASDAQ,nasdaq_trader,2026-09-18T10:45:30.194Z,2026-09-18T10:45:30.194Z
ELPC,Companhia Paranaense de Energia,NYSE,nasdaq_trader,2026-09-18T10:45:30.194Z,2026-09-22T07:18:59.278Z
ELPW,Elong Power Holding Limited,NASDAQ,nasdaq_trader,2026-09-18T10:45:30.194Z,2026-09-18T10:45:30.194Z
ELS,"Equity Lifestyle Properties, Inc.",NYSE,nasdaq_trader,2026-09-18T10:45:30.194Z,2026-09-18T10:45:30.194Z
ELTK,Eltek Ltd.,NASDAQ,nasdaq_trader,2026-09-18T10:45:30.194Z,2026-09-18T10:45:30.194Z
ELTX,"Elicio Therapeutics, Inc.",NASDAQ,nasdaq_trader,2026-09-18T10:45:30.194Z,2026-09-18T10:45:30.194Z
ELUT,"Elutia, Inc.",NASDAQ,nasdaq_trader,2026-09-18T10:45:30.194Z,2026-09-18T10:45:30.194Z
ELV,"Elevance Health, Inc.",NYSE,nasdaq_trader,2026-09-18T10:45:30.194Z,2026-09-18T10:45:30.194Z
ELVA,Electrovaya Inc.,NASDAQ,nasdaq_trader,2026-09-18T10:45:30.194Z,2026-09-18T10:45:30.194Z
ELVN,"Enliven Therapeutics, Inc.",NASDAQ,nasdaq_trader,2026-09-18T10:45:30.194Z,2026-09-18T10:45:30.194Z
ELVR,Elevra Lithium Limited,NASDAQ,nasdaq_trader,2026-09-18T10:45:30.194Z,2026-09-18T10:45:30.194Z
ELWT,"Elauwit Connection, Inc.",NASDAQ,excel_import,2026-09-18T09:57:12.863Z,2026-09-18T09:57:12.863Z
EMA,Emera Incorporated Common Shares,NYSE,nasdaq_trader,2026-09-18T10:45:30.194Z,2026-09-18T10:45:30.194Z
EMAT,Evolution Metals & Technologies Corp.,NASDAQ,nasdaq_trader,2026-09-18T10:45:30.194Z,2026-09-18T10:45:30.194Z
EMBC,Embecta Corp.,NASDAQ,nasdaq_trader,2026-09-18T10:45:30.194Z,2026-09-18T10:45:30.194Z
EMBJ,Embraer S.A.,NYSE,nasdaq_trader,2026-09-18T10:45:30.194Z,2026-09-18T10:45:30.194Z
EMCMF,EMERGE Commerce Ltd.,OTC,excel_import,2026-09-18T09:57:12.863Z,2026-09-18T09:57:12.863Z
EMD,Western Asset Emerging Markets Debt Fund Inc,NYSE,nasdaq_trader,2026-09-18T10:45:30.194Z,2026-09-18T10:45:30.194Z
EME,"EMCOR Group, Inc.",NYSE,nasdaq_trader,2026-09-18T10:45:30.194Z,2026-09-18T10:45:30.194Z
EMF,Templeton Emerging Markets Fund,NYSE,nasdaq_trader,2026-09-18T10:45:30.194Z,2026-09-18T10:45:30.194Z
EMIS,Emmis Acquisition Corp.,NASDAQ,nasdaq_trader,2026-09-18T10:45:30.194Z,2026-09-18T10:45:30.194Z
EMISR,Emmis Acquisition Corp.,NASDAQ,nasdaq_trader,2026-09-18T10:45:30.194Z,2026-09-18T10:45:30.194Z
EML,Eastern Company (The),NASDAQ,nasdaq_trader,2026-09-18T10:45:30.194Z,2026-09-18T10:45:30.194Z
EMN,Eastman Chemical Company,NYSE,nasdaq_trader,2026-09-18T10:45:30.194Z,2026-09-18T10:45:30.194Z
EMO,ClearBridge Energy Midstream Opportunity Fund Inc.,NYSE,nasdaq_trader,2026-09-18T10:45:30.194Z,2026-09-18T10:45:30.194Z
EMP,"Entergy Mississippi, Inc. 1M BD 66",NYSE,nasdaq_trader,2026-09-18T10:45:30.194Z,2026-09-22T07:18:59.280Z
EMPD,Empery Digital Inc.,NASDAQ,nasdaq_trader,2026-09-18T10:45:30.194Z,2026-09-18T10:45:30.194Z
EMR,Emerson Electric Company,NYSE,nasdaq_trader,2026-09-18T10:45:30.194Z,2026-09-18T10:45:30.194Z
ENB,Enbridge Inc,NYSE,nasdaq_trader,2026-09-18T10:45:30.194Z,2026-09-18T10:45:30.194Z
ENGN,enGene Therapeutics Inc.,NASDAQ,nasdaq_trader,2026-09-18T10:45:30.194Z,2026-09-18T10:45:30.194Z
ENGNW,enGene Therapeutics Inc.,NASDAQ,nasdaq_trader,2026-09-18T10:45:30.194Z,2026-09-18T10:45:30.194Z
ENGS,Energys Group Limited,NASDAQ,nasdaq_trader,2026-09-18T10:45:30.194Z,2026-09-18T10:45:30.194Z
ENHA,"Enhanced Group, Inc.",NYSE,excel_import,2026-09-18T09:57:12.863Z,2026-09-18T09:57:12.863Z
ENIC,Enel Chile S.A.,NYSE,nasdaq_trader,2026-09-18T10:45:30.194Z,2026-09-18T10:45:30.194Z
ENJ,"Entergy Utility Group, Inc. 1ST MTG 5% 52",NYSE,nasdaq_trader,2026-09-18T10:45:30.194Z,2026-09-22T07:18:59.282Z
ENLT,Enlight Renewable Energy Ltd.,NASDAQ,nasdaq_trader,2026-09-18T10:45:30.194Z,2026-09-18T10:45:30.194Z
ENLV,Enlivex Ltd.,NASDAQ,nasdaq_trader,2026-09-18T10:45:30.194Z,2026-09-18T10:45:30.194Z
ENO,"Entergy Utility Group, Inc. 1ST MTG BD 66",NYSE,nasdaq_trader,2026-09-18T10:45:30.194Z,2026-09-22T07:18:59.284Z
ENOV,Enovis Corporation,NYSE,nasdaq_trader,2026-09-18T10:45:30.194Z,2026-09-18T10:45:30.194Z
ENPH,"Enphase Energy, Inc.",NASDAQ,nasdaq_trader,2026-09-18T10:45:30.194Z,2026-09-18T10:45:30.194Z
ENR,"Energizer Holdings, Inc.",NYSE,nasdaq_trader,2026-09-18T10:45:30.194Z,2026-09-18T10:45:30.194Z
ENRD,Einride AB,NASDAQ,nasdaq_trader,2026-09-18T10:45:30.194Z,2026-09-18T10:45:30.194Z
ENRDW,Einride AB,NASDAQ,nasdaq_trader,2026-09-18T10:45:30.194Z,2026-09-18T10:45:30.194Z
ENS,EnerSys,NYSE,nasdaq_trader,2026-09-18T10:45:30.194Z,2026-09-18T10:45:30.194Z
ENSC,"Ensysce Biosciences, Inc.",NASDAQ,nasdaq_trader,2026-09-18T10:45:30.194Z,2026-09-18T10:45:30.194Z
ENSG,"The Ensign Group, Inc.",NASDAQ,nasdaq_trader,2026-09-18T10:45:30.194Z,2026-09-18T10:45:30.194Z
ENTA,"Enanta Pharmaceuticals, Inc.",NASDAQ,nasdaq_trader,2026-09-18T10:45:30.194Z,2026-09-18T10:45:30.194Z
ENTG,"Entegris, Inc.",NASDAQ,nasdaq_trader,2026-09-18T10:45:30.194Z,2026-09-18T10:45:30.194Z
ENTX,Entera Bio Ltd.,NASDAQ,nasdaq_trader,2026-09-18T10:45:30.194Z,2026-09-18T10:45:30.194Z
ENVA,"Enova International, Inc.",NYSE,nasdaq_trader,2026-09-18T10:45:30.194Z,2026-09-18T10:45:30.194Z
ENVB,"Enveric Biosciences, Inc.",NASDAQ,nasdaq_trader,2026-09-18T10:45:30.194Z,2026-09-18T10:45:30.194Z
ENVX,Enovix Corporation,NASDAQ,nasdaq_trader,2026-09-18T10:45:30.194Z,2026-09-18T10:45:30.194Z
EOCN,Eocene Ltd.,NASDAQ,nasdaq_trader,2026-09-18T10:45:30.194Z,2026-09-18T10:45:30.194Z
EOD,Wells Fargo Advantage Funds - Allspring Global Dividend Opportunity Fund,NYSE,nasdaq_trader,2026-09-18T10:45:30.194Z,2026-09-22T07:18:59.285Z
EOG,"EOG Resources, Inc.",NYSE,nasdaq_trader,2026-09-18T10:45:30.194Z,2026-09-18T10:45:30.194Z
EOI,Eaton Vance Enhanced Equity Income Fund,NYSE,nasdaq_trader,2026-09-18T10:45:30.194Z,2026-09-22T07:18:59.286Z
EOLS,"Evolus, Inc.",NASDAQ,nasdaq_trader,2026-09-18T10:45:30.194Z,2026-09-18T10:45:30.194Z
EONR,EON Resources Inc.,AMEX,nasdaq_trader,2026-09-18T10:45:30.194Z,2026-09-18T10:45:30.194Z
EONR.W,EON Resources Inc.,AMEX,nasdaq_trader,2026-09-18T10:45:30.194Z,2026-09-18T10:45:30.194Z
EOS,Eaton Vance Enhanced Equity Income Fund II,NYSE,nasdaq_trader,2026-09-18T10:45:30.194Z,2026-09-22T07:18:59.288Z
EOSE,"Eos Energy Enterprises, Inc.",NASDAQ,nasdaq_trader,2026-09-18T10:45:30.194Z,2026-09-18T10:45:30.194Z
EOSEW,"Eos Energy Enterprises, Inc.",NASDAQ,nasdaq_trader,2026-09-18T10:45:30.194Z,2026-09-18T10:45:30.194Z
EOT,Eaton Vance National Municipal Opportunities Trust,NYSE,nasdaq_trader,2026-09-18T10:45:30.194Z,2026-09-22T07:18:59.290Z
EP,Empire Petroleum Corporation,AMEX,nasdaq_trader,2026-09-18T10:45:30.194Z,2026-09-18T10:45:30.194Z
EPAC,Enerpac Tool Group Corp.,NYSE,nasdaq_trader,2026-09-18T10:45:30.194Z,2026-09-18T10:45:30.194Z
EPAM,"EPAM Systems, Inc.",NYSE,nasdaq_trader,2026-09-18T10:45:30.194Z,2026-09-18T10:45:30.194Z
EPC,Edgewell Personal Care Company,NYSE,nasdaq_trader,2026-09-18T10:45:30.194Z,2026-09-18T10:45:30.194Z
EPD,Enterprise Products Partners L.P.,NYSE,nasdaq_trader,2026-09-18T10:45:30.194Z,2026-09-18T10:45:30.194Z
EPFCF,Everyday People Financial Corp.,OTC,excel_import,2026-09-18T09:57:12.863Z,2026-09-18T09:57:12.863Z
EPM,"Evolution Petroleum Corporation, Inc.",AMEX,nasdaq_trader,2026-09-18T10:45:30.194Z,2026-09-18T10:45:30.194Z
EPOW,E-Power Inc.,NASDAQ,nasdaq_trader,2026-09-18T10:45:30.194Z,2026-09-18T10:45:30.194Z
EPR,EPR Properties,NYSE,nasdaq_trader,2026-09-18T10:45:30.194Z,2026-09-18T10:45:30.194Z
EPRT,"Essential Properties Realty Trust, Inc.",NYSE,nasdaq_trader,2026-09-18T10:45:30.194Z,2026-09-18T10:45:30.194Z
EPRX,Eupraxia Pharmaceuticals Inc.,NASDAQ,nasdaq_trader,2026-09-18T10:45:30.194Z,2026-09-18T10:45:30.194Z
EPSM,Epsium Enterprise Limited,NASDAQ,nasdaq_trader,2026-09-18T10:45:30.194Z,2026-09-18T10:45:30.194Z
EPSN,Epsilon Energy Ltd.,NASDAQ,nasdaq_trader,2026-09-18T10:45:30.194Z,2026-09-18T10:45:30.194Z
EQ,"Equillium, Inc.",NASDAQ,nasdaq_trader,2026-09-18T10:45:30.194Z,2026-09-18T10:45:30.194Z
EQBK,"Equity Bancshares, Inc.",NYSE,nasdaq_trader,2026-09-18T10:45:30.194Z,2026-09-18T10:45:30.194Z
EQH,"Equitable Holdings, Inc.",NYSE,nasdaq_trader,2026-09-18T10:45:30.194Z,2026-09-18T10:45:30.194Z
EQIX,"Equinix, Inc.",NASDAQ,nasdaq_trader,2026-09-18T10:45:30.194Z,2026-09-18T10:45:30.194Z
EQNR,Equinor ASA,NYSE,nasdaq_trader,2026-09-18T10:45:30.194Z,2026-09-18T10:45:30.194Z
EQPT,EquipmentShare.com Inc,NASDAQ,nasdaq_trader,2026-09-18T10:45:30.194Z,2026-09-18T10:45:30.194Z
EQS,"Equus Total Return, Inc.",NYSE,nasdaq_trader,2026-09-18T10:45:30.194Z,2026-09-18T10:45:30.194Z
EQT,EQT Corporation,NYSE,nasdaq_trader,2026-09-18T10:45:30.194Z,2026-09-18T10:45:30.194Z
EQX,Equinox Gold Corp. Common Shares,AMEX,nasdaq_trader,2026-09-18T10:45:30.194Z,2026-09-18T10:45:30.194Z
ERAS,"Erasca, Inc.",NASDAQ,nasdaq_trader,2026-09-18T10:45:30.194Z,2026-09-18T10:45:30.194Z
ERC,Allspring Multi-Sector Income Fund,AMEX,nasdaq_trader,2026-09-18T10:45:30.194Z,2026-09-18T10:45:30.194Z
ERH,Allspring Utilities and High Income Fund Common Shares,AMEX,nasdaq_trader,2026-09-18T10:45:30.194Z,2026-09-18T10:45:30.194Z
ERIC,Telefonaktiebolaget LM Ericsson (publ),NASDAQ,nasdaq_trader,2026-09-18T10:45:30.194Z,2026-09-22T07:18:58.965Z
ERIE,Erie Indemnity Company,NASDAQ,nasdaq_trader,2026-09-18T10:45:30.194Z,2026-09-18T10:45:30.194Z
ERII,"Energy Recovery, Inc.",NASDAQ,nasdaq_trader,2026-09-18T10:45:30.194Z,2026-09-18T10:45:30.194Z
ERNA,Ernexa Therapeutics Inc.,NASDAQ,nasdaq_trader,2026-09-18T10:45:30.194Z,2026-09-18T10:45:30.194Z
ERNAW,Ernexa Therapeutics Inc.,NASDAQ,nasdaq_trader,2026-09-18T10:45:30.194Z,2026-09-18T10:45:30.194Z
ERO,Ero Copper Corp. Common Shares,NYSE,nasdaq_trader,2026-09-18T10:45:30.194Z,2026-09-18T10:45:30.194Z
EROC,"ERock, Inc.",NYSE,excel_import,2026-09-18T09:57:12.863Z,2026-09-18T09:57:12.863Z
EROK,"EagleRock Land, LLC",NYSE,excel_import,2026-09-18T09:57:12.863Z,2026-09-18T09:57:12.863Z
ES,Eversource Energy,NYSE,nasdaq_trader,2026-09-18T10:45:30.194Z,2026-09-22T07:18:59.292Z
ESAB,ESAB Corporation,NYSE,nasdaq_trader,2026-09-18T10:45:30.194Z,2026-09-18T10:45:30.194Z
ESCA,"Escalade, Incorporated",NASDAQ,nasdaq_trader,2026-09-18T10:45:30.194Z,2026-09-18T10:45:30.194Z
ESE,ESCO Technologies Inc.,NYSE,nasdaq_trader,2026-09-18T10:45:30.194Z,2026-09-18T10:45:30.194Z
ESEA,Euroseas Ltd.,NASDAQ,nasdaq_trader,2026-09-18T10:45:30.194Z,2026-09-18T10:45:30.194Z
ESI,Element Solutions Inc.,NYSE,nasdaq_trader,2026-09-18T10:45:30.194Z,2026-09-18T10:45:30.194Z
ESLA,"Estrella Immunopharma, Inc.",NASDAQ,nasdaq_trader,2026-09-18T10:45:30.194Z,2026-09-18T10:45:30.194Z
ESLAW,"Estrella Immunopharma, Inc.",NASDAQ,nasdaq_trader,2026-09-18T10:45:30.194Z,2026-09-18T10:45:30.194Z
ESLT,Elbit Systems Ltd.,NASDAQ,nasdaq_trader,2026-09-18T10:45:30.194Z,2026-09-18T10:45:30.194Z
ESNT,Essent Group Ltd. Common Shares,NYSE,nasdaq_trader,2026-09-18T10:45:30.194Z,2026-09-18T10:45:30.194Z
ESOA,Energy Services of America Corporation,NASDAQ,nasdaq_trader,2026-09-18T10:45:30.194Z,2026-09-18T10:45:30.194Z
ESP,Espey Mfg. & Electronics Corp.,AMEX,nasdaq_trader,2026-09-18T10:45:30.194Z,2026-09-18T10:45:30.194Z
ESQ,"Esquire Financial Holdings, Inc.",NASDAQ,nasdaq_trader,2026-09-18T10:45:30.194Z,2026-09-18T10:45:30.194Z
ESRT,"Empire State Realty Trust, Inc.",NYSE,nasdaq_trader,2026-09-18T10:45:30.194Z,2026-09-18T10:45:30.194Z
ESS,"Essex Property Trust, Inc.",NYSE,nasdaq_trader,2026-09-18T10:45:30.194Z,2026-09-18T10:45:30.194Z
ESTA,Establishment Labs Holdings Inc.,NASDAQ,nasdaq_trader,2026-09-18T10:45:30.194Z,2026-09-18T10:45:30.194Z
ESTC,Elastic N.V.,NYSE,nasdaq_trader,2026-09-18T10:45:30.194Z,2026-09-18T10:45:30.194Z
ESVCF,Elevate Service Group Inc.,OTC,excel_import,2026-09-18T09:57:12.863Z,2026-09-18T09:57:12.863Z
ET,Energy Transfer LP Common,NYSE,nasdaq_trader,2026-09-18T10:45:30.194Z,2026-09-18T10:45:30.194Z
ETB,Eaton Vance Tax-Managed Buy-Write Income Fund,NYSE,nasdaq_trader,2026-09-18T10:45:30.194Z,2026-09-22T07:18:59.293Z
ETD,Ethan Allen Interiors Inc.,NYSE,nasdaq_trader,2026-09-18T10:45:30.194Z,2026-09-18T10:45:30.194Z
ETG,Eaton Vance Tax-Advantaged Global Dividend Income Fund,NYSE,nasdaq_trader,2026-09-18T10:45:30.194Z,2026-09-18T10:45:30.194Z
ETJ,Eaton Vance Risk-Managed Diversified Equity Income Fund,NYSE,nasdaq_trader,2026-09-18T10:45:30.194Z,2026-09-18T10:45:30.194Z
ETN,"Eaton Corporation, PLC",NYSE,nasdaq_trader,2026-09-18T10:45:30.194Z,2026-09-18T10:45:30.194Z
ETO,Eaton Vance Tax-Advantaged Global Dividend Opportunities Fund,NYSE,nasdaq_trader,2026-09-18T10:45:30.194Z,2026-09-22T07:18:59.295Z
ETON,"Eton Pharmaceuticals, Inc.",NASDAQ,nasdaq_trader,2026-09-18T10:45:30.194Z,2026-09-18T10:45:30.194Z
ETOR,eToro Group Ltd.,NASDAQ,nasdaq_trader,2026-09-18T10:45:30.194Z,2026-09-18T10:45:30.194Z
ETR,Entergy Corporation,NYSE,nasdaq_trader,2026-09-18T10:45:30.194Z,2026-09-18T10:45:30.194Z
ETS,Elite Express Holding Inc.,NASDAQ,excel_import,2026-09-18T09:57:12.863Z,2026-09-18T09:57:12.863Z
ETSS,Energy Transition Special Opportunities,NYSE,nasdaq_trader,2026-09-18T10:45:30.194Z,2026-09-18T10:45:30.194Z
ETSS.U,Energy Transition Special Opportunities,NYSE,nasdaq_trader,2026-09-18T10:45:30.194Z,2026-09-18T10:45:30.194Z
ETSS.W,Energy Transition Special Opportunities,NYSE,nasdaq_trader,2026-09-18T10:45:30.194Z,2026-09-18T10:45:30.194Z
ETSY,"Etsy, Inc.",NYSE,nasdaq_trader,2026-09-18T10:45:30.194Z,2026-09-18T10:45:30.194Z
ETV,Eaton Vance Tax-Managed Buy-Write Opportunities Fund,NYSE,nasdaq_trader,2026-09-18T10:45:30.194Z,2026-09-22T07:18:59.297Z
ETW,Eaton Vance Tax-Managed Global Buy-Write Opportunities Fund,NYSE,nasdaq_trader,2026-09-18T10:45:30.194Z,2026-09-22T07:18:59.299Z
ETX,Eaton Vance Municipal Income 2028 Term Trust,NYSE,nasdaq_trader,2026-09-18T10:45:30.194Z,2026-09-18T10:45:30.194Z
ETY,Eaton Vance Tax-Managed Diversified Equity Income Fund,NYSE,nasdaq_trader,2026-09-18T10:45:30.194Z,2026-09-18T10:45:30.194Z
EU,enCore Energy Corp.,NASDAQ,nasdaq_trader,2026-09-18T10:45:30.194Z,2026-09-18T10:45:30.194Z
EUDA,Euda Health Holdings Limited,NASDAQ,nasdaq_trader,2026-09-18T10:45:30.194Z,2026-09-18T10:45:30.194Z
EUDAW,Euda Health Holdings Limited,NASDAQ,nasdaq_trader,2026-09-18T10:45:30.194Z,2026-09-18T10:45:30.194Z
EURK,Eureka Acquisition Corp,NASDAQ,nasdaq_trader,2026-09-18T10:45:30.194Z,2026-09-18T10:45:30.194Z
EURKR,Eureka Acquisition Corp,NASDAQ,nasdaq_trader,2026-09-18T10:45:30.194Z,2026-09-18T10:45:30.194Z
EURKU,Eureka Acquisition Corp,NASDAQ,nasdaq_trader,2026-09-18T10:45:30.194Z,2026-09-18T10:45:30.194Z
EVAC,EQV Ventures Acquisition Corp. II,NYSE,nasdaq_trader,2026-09-18T10:45:30.194Z,2026-09-18T10:45:30.194Z
EVAC.U,EQV Ventures Acquisition Corp. II,NYSE,nasdaq_trader,2026-09-18T10:45:30.194Z,2026-09-18T10:45:30.194Z
EVAC.W,EQV Ventures Acquisition Corp. II,NYSE,nasdaq_trader,2026-09-18T10:45:30.194Z,2026-09-18T10:45:30.194Z
EVAX,Evaxion A/S,NASDAQ,nasdaq_trader,2026-09-18T10:45:30.194Z,2026-09-18T10:45:30.194Z
EVC,Entravision Communications Corporation,NYSE,nasdaq_trader,2026-09-18T10:45:30.194Z,2026-09-18T10:45:30.194Z
EVCM,EverCommerce Inc.,NASDAQ,nasdaq_trader,2026-09-18T10:45:30.194Z,2026-09-18T10:45:30.194Z
EVER,"EverQuote, Inc.",NASDAQ,nasdaq_trader,2026-09-18T10:45:30.194Z,2026-09-18T10:45:30.194Z
EVEX,"Eve Holding, Inc.",NYSE,nasdaq_trader,2026-09-18T10:45:30.194Z,2026-09-18T10:45:30.194Z
EVEX.W,"Eve Holding, Inc.",NYSE,nasdaq_trader,2026-09-18T10:45:30.194Z,2026-09-18T10:45:30.194Z
EVF,Eaton Vance Senior Income Trust,NYSE,nasdaq_trader,2026-09-18T10:45:30.194Z,2026-09-18T10:45:30.194Z
EVG,Eaton Vance Short Duration Diversified Income Fund,NYSE,nasdaq_trader,2026-09-18T10:45:30.194Z,2026-09-22T07:18:59.300Z
EVGN,Evogene Ltd.,NASDAQ,nasdaq_trader,2026-09-18T10:45:30.194Z,2026-09-18T10:45:30.194Z
EVGO,EVgo Inc.,NASDAQ,nasdaq_trader,2026-09-18T10:45:30.194Z,2026-09-18T10:45:30.194Z
EVH,"Evolent Health, Inc",NYSE,nasdaq_trader,2026-09-18T10:45:30.194Z,2026-09-18T10:45:30.194Z
EVI,"EVI Industries, Inc.",AMEX,nasdaq_trader,2026-09-18T10:45:30.194Z,2026-09-18T10:45:30.194Z
EVLV,"Evolv Technologies Holdings, Inc.",NASDAQ,nasdaq_trader,2026-09-18T10:45:30.194Z,2026-09-18T10:45:30.194Z
EVMN,"Evommune, Inc.",NYSE,excel_import,2026-09-18T09:57:12.863Z,2026-09-18T09:57:12.863Z
EVN,Eaton Vance Municipal Income Trust,NYSE,nasdaq_trader,2026-09-18T10:45:30.194Z,2026-09-18T10:45:30.194Z
EVO,Evotec SE,NASDAQ,nasdaq_trader,2026-09-18T10:45:30.194Z,2026-09-18T10:45:30.194Z
EVOX,Evolution Global Acquisition Corp,NASDAQ,nasdaq_trader,2026-09-18T10:45:30.194Z,2026-09-18T10:45:30.194Z
EVOXU,Evolution Global Acquisition Corp,NASDAQ,nasdaq_trader,2026-09-18T10:45:30.194Z,2026-09-18T10:45:30.194Z
EVOXW,Evolution Global Acquisition Corp,NASDAQ,nasdaq_trader,2026-09-18T10:45:30.194Z,2026-09-18T10:45:30.194Z
EVR,Evercore Inc.,NYSE,nasdaq_trader,2026-09-18T10:45:30.194Z,2026-09-18T10:45:30.194Z
EVRG,"Evergy, Inc.",NASDAQ,nasdaq_trader,2026-09-18T10:45:30.194Z,2026-09-18T10:45:30.194Z
EVT,Eaton Vance Tax Advantaged Dividend Income Fund,NYSE,nasdaq_trader,2026-09-18T10:45:30.194Z,2026-09-18T10:45:30.194Z
EVTC,"Evertec, Inc.",NYSE,nasdaq_trader,2026-09-18T10:45:30.194Z,2026-09-18T10:45:30.194Z
EVTL,Vertical Aerospace Ltd.,NYSE,nasdaq_trader,2026-09-18T10:45:30.194Z,2026-09-18T10:45:30.194Z
EVV,Eaton Vance Limited Duration Income Fund,AMEX,nasdaq_trader,2026-09-18T10:45:30.194Z,2026-09-18T10:45:30.194Z
EW,Edwards Lifesciences Corporation,NYSE,nasdaq_trader,2026-09-18T10:45:30.194Z,2026-09-18T10:45:30.194Z
EWAV,East West Ave Acquisition Corp.,NASDAQ,nasdaq_trader,2026-09-18T10:45:30.194Z,2026-09-18T10:45:30.194Z
EWAVR,East West Ave Acquisition Corp.,NASDAQ,nasdaq_trader,2026-09-18T10:45:30.194Z,2026-09-18T10:45:30.194Z
EWAVU,East West Ave Acquisition Corp.,NASDAQ,nasdaq_trader,2026-09-18T10:45:30.194Z,2026-09-18T10:45:30.194Z
EWBC,"East West Bancorp, Inc.",NASDAQ,nasdaq_trader,2026-09-18T10:45:30.194Z,2026-09-18T10:45:30.194Z
EWTX,"Edgewise Therapeutics, Inc.",NASDAQ,nasdaq_trader,2026-09-18T10:45:30.194Z,2026-09-18T10:45:30.194Z
EXC,Exelon Corporation,NASDAQ,nasdaq_trader,2026-09-18T10:45:30.194Z,2026-09-18T10:45:30.194Z
EXE,Expand Energy Corporation,NASDAQ,nasdaq_trader,2026-09-18T10:45:30.194Z,2026-09-18T10:45:30.194Z
EXEL,"Exelixis, Inc.",NASDAQ,nasdaq_trader,2026-09-18T10:45:30.194Z,2026-09-18T10:45:30.194Z
EXFY,"Expensify, Inc.",NASDAQ,nasdaq_trader,2026-09-18T10:45:30.194Z,2026-09-18T10:45:30.194Z
EXG,Eaton Vance Tax-Managed Global Diversified Equity Income Fund,NYSE,nasdaq_trader,2026-09-18T10:45:30.194Z,2026-09-18T10:45:30.194Z
EXK,Endeavour Silver Corp.,NYSE,nasdaq_trader,2026-09-18T10:45:30.194Z,2026-09-22T07:18:59.302Z
EXLS,"ExlService Holdings, Inc.",NASDAQ,nasdaq_trader,2026-09-18T10:45:30.194Z,2026-09-18T10:45:30.194Z
EXNRF,Excellon Resources Inc.,OTC,excel_import,2026-09-18T09:57:12.863Z,2026-09-18T09:57:12.863Z
EXOD,"Exodus Movement, Inc.",AMEX,nasdaq_trader,2026-09-18T10:45:30.194Z,2026-09-18T10:45:30.194Z
EXOZ,eXoZymes Inc.,NASDAQ,nasdaq_trader,2026-09-18T10:45:30.194Z,2026-09-18T10:45:30.194Z
EXP,Eagle Materials Inc,NYSE,nasdaq_trader,2026-09-18T10:45:30.194Z,2026-09-18T10:45:30.194Z
EXPD,"Expeditors International of Washington, Inc.",NYSE,nasdaq_trader,2026-09-18T10:45:30.194Z,2026-09-18T10:45:30.194Z
EXPE,"Expedia Group, Inc.",NASDAQ,nasdaq_trader,2026-09-18T10:45:30.194Z,2026-09-18T10:45:30.194Z
EXPO,"Exponent, Inc.",NASDAQ,nasdaq_trader,2026-09-18T10:45:30.194Z,2026-09-18T10:45:30.194Z
EXR,Extra Space Storage Inc,NYSE,nasdaq_trader,2026-09-18T10:45:30.194Z,2026-09-18T10:45:30.194Z
EXTR,"Extreme Networks, Inc.",NASDAQ,nasdaq_trader,2026-09-18T10:45:30.194Z,2026-09-18T10:45:30.194Z
EXYM,Exyn Technologies,NASDAQ,excel_import,2026-09-18T09:57:12.863Z,2026-09-18T09:57:12.863Z
EXYN,"Exyn Technologies, Inc.",NASDAQ,nasdaq_trader,2026-09-18T10:45:30.194Z,2026-09-18T10:45:30.194Z
EXYNW,"Exyn Technologies, Inc.",NASDAQ,nasdaq_trader,2026-09-18T10:45:30.194Z,2026-09-18T10:45:30.194Z
EYE,"National Vision Holdings, Inc.",NASDAQ,nasdaq_trader,2026-09-18T10:45:30.194Z,2026-09-18T10:45:30.194Z
EYPT,"EyePoint, Inc.",NASDAQ,nasdaq_trader,2026-09-18T10:45:30.194Z,2026-09-18T10:45:30.194Z
EZGO,EZGO Technologies Ltd.,NASDAQ,nasdaq_trader,2026-09-18T10:45:30.194Z,2026-09-18T10:45:30.194Z
EZPW,"EZCORP, Inc.",NASDAQ,nasdaq_trader,2026-09-18T10:45:30.194Z,2026-09-18T10:45:30.194Z
EZRA,"Reliance Global Group, Inc.",NASDAQ,nasdaq_trader,2026-09-18T10:45:30.194Z,2026-09-18T10:45:30.194Z
F,Ford Motor Company,NYSE,nasdaq_trader,2026-09-18T10:45:30.194Z,2026-09-18T10:45:30.194Z
FA,First Advantage Corporation,NASDAQ,nasdaq_trader,2026-09-18T10:45:30.194Z,2026-09-18T10:45:30.194Z
FABC,"Fabric.AI, Inc.",NASDAQ,nasdaq_trader,2026-09-18T10:45:30.194Z,2026-09-18T10:45:30.194Z
FABFF,Fab-Form Industries Ltd.,OTC,excel_import,2026-09-18T09:57:12.863Z,2026-09-18T09:57:12.863Z
FAC,Factorial Energy Inc.,NASDAQ,excel_import,2026-09-18T09:57:12.863Z,2026-09-18T09:57:12.863Z
FACT,FACT II Acquisition Corp.,NASDAQ,nasdaq_trader,2026-09-18T10:45:30.194Z,2026-09-18T10:45:30.194Z
FACTU,FACT II Acquisition Corp.,NASDAQ,nasdaq_trader,2026-09-18T10:45:30.194Z,2026-09-18T10:45:30.194Z
FACTW,FACT II Acquisition Corp.,NASDAQ,nasdaq_trader,2026-09-18T10:45:30.194Z,2026-09-18T10:45:30.194Z
FACWW,Factorial Energy Inc.,NASDAQ,nasdaq_trader,2026-09-18T10:45:30.194Z,2026-09-18T10:45:30.194Z
FAF,First American Financial Corporation,NYSE,nasdaq_trader,2026-09-18T10:45:30.194Z,2026-09-22T07:18:59.303Z
FAMI,"Farmmi, Inc.",NASDAQ,nasdaq_trader,2026-09-18T10:45:30.194Z,2026-09-18T10:45:30.194Z
FANG,"Diamondback Energy, Inc.",NASDAQ,nasdaq_trader,2026-09-18T10:45:30.194Z,2026-09-18T10:45:30.194Z
FAST,Fastenal Company,NASDAQ,nasdaq_trader,2026-09-18T10:45:30.194Z,2026-09-18T10:45:30.194Z
FATE,"Fate Therapeutics, Inc.",NASDAQ,nasdaq_trader,2026-09-18T10:45:30.194Z,2026-09-18T10:45:30.194Z
FATN,"FatPipe, Inc.",NASDAQ,nasdaq_trader,2026-09-18T10:45:30.194Z,2026-09-18T10:45:30.194Z
FAX,"abrdn Asia-Pacific Income Fund, Inc.",AMEX,nasdaq_trader,2026-09-18T10:45:30.194Z,2026-09-18T10:45:30.194Z
FBDT,First Breach Inc.,NASDAQ,nasdaq_trader,2026-09-18T10:45:30.194Z,2026-09-18T10:45:30.194Z
FBGL,FBS Global Limited,NASDAQ,nasdaq_trader,2026-09-18T10:45:30.194Z,2026-09-18T10:45:30.194Z
FBIN,"Fortune Brands Innovations, Inc.",NYSE,nasdaq_trader,2026-09-18T10:45:30.194Z,2026-09-18T10:45:30.194Z
FBIO,"Fortress Biotech, Inc.",NASDAQ,nasdaq_trader,2026-09-18T10:45:30.194Z,2026-09-18T10:45:30.194Z
FBIOP,"Fortress Biotech, Inc.",NASDAQ,nasdaq_trader,2026-09-18T10:45:30.194Z,2026-09-18T10:45:30.194Z
FBIZ,"First Business Financial Services, Inc.",NASDAQ,nasdaq_trader,2026-09-18T10:45:30.194Z,2026-09-18T10:45:30.194Z
FBK,FB Financial Corporation,NYSE,nasdaq_trader,2026-09-18T10:45:30.194Z,2026-09-18T10:45:30.194Z
FBKIF,First International Bank of Israel Ltd,OTC,excel_import,2026-09-18T09:57:12.863Z,2026-09-18T09:57:12.863Z
FBLA,"FB Bancorp, Inc.",NASDAQ,nasdaq_trader,2026-09-18T10:45:30.194Z,2026-09-18T10:45:30.194Z
FBLG,"FibroBiologics, Inc.",NASDAQ,nasdaq_trader,2026-09-18T10:45:30.194Z,2026-09-18T10:45:30.194Z
FBNC,First Bancorp,NASDAQ,nasdaq_trader,2026-09-18T10:45:30.194Z,2026-09-18T10:45:30.194Z
FBP,First BanCorp.,NYSE,nasdaq_trader,2026-09-18T10:45:30.194Z,2026-09-22T07:18:59.305Z
FBRT,"Franklin BSP Realty Trust, Inc.",NYSE,nasdaq_trader,2026-09-18T10:45:30.194Z,2026-09-18T10:45:30.194Z
FBYD,"Falcon's Beyond Global, Inc.",NASDAQ,nasdaq_trader,2026-09-18T10:45:30.194Z,2026-09-18T10:45:30.194Z
FBYDP,"Falcon's Beyond Global, Inc.",NASDAQ,nasdaq_trader,2026-09-18T10:45:30.194Z,2026-09-18T10:45:30.194Z
FBYDW,"Falcon's Beyond Global, Inc.",NASDAQ,nasdaq_trader,2026-09-18T10:45:30.194Z,2026-09-18T10:45:30.194Z
FC,Franklin Covey Company,NYSE,nasdaq_trader,2026-09-18T10:45:30.194Z,2026-09-18T10:45:30.194Z
FCAP,"First Capital, Inc.",NASDAQ,nasdaq_trader,2026-09-18T10:45:30.194Z,2026-09-18T10:45:30.194Z
FCBC,"First Community Bankshares, Inc.",NASDAQ,nasdaq_trader,2026-09-18T10:45:30.194Z,2026-09-18T10:45:30.194Z
FCBM,"First Carolina Financial Services, Inc.",NYSE,nasdaq_trader,2026-09-18T10:45:30.194Z,2026-09-18T10:45:30.194Z
FCCO,First Community Corporation,NASDAQ,nasdaq_trader,2026-09-18T10:45:30.194Z,2026-09-18T10:45:30.194Z
FCEL,"FuelCell Energy, Inc.",NASDAQ,nasdaq_trader,2026-09-18T10:45:30.194Z,2026-09-18T10:45:30.194Z
FCF,First Commonwealth Financial Corporation,NYSE,nasdaq_trader,2026-09-18T10:45:30.194Z,2026-09-18T10:45:30.194Z
FCFS,"FirstCash Holdings, Inc.",NASDAQ,nasdaq_trader,2026-09-18T10:45:30.194Z,2026-09-18T10:45:30.194Z
FCHL,Fitness Champs Holdings Limited,NASDAQ,excel_import,2026-09-18T09:57:12.863Z,2026-09-18T09:57:12.863Z
FCN,"FTI Consulting, Inc.",NYSE,nasdaq_trader,2026-09-18T10:45:30.194Z,2026-09-18T10:45:30.194Z
FCNCA,"First Citizens BancShares, Inc.",NASDAQ,nasdaq_trader,2026-09-18T10:45:30.194Z,2026-09-18T10:45:30.194Z
FCNCN,"First Citizens BancShares, Inc. Depositary Shares, each representing a 1/40th interest in a share of 6.625% Non-Cumulative Perpetual Preferred Stock, Series E",NASDAQ,nasdaq_trader,2026-09-18T10:45:30.194Z,2026-09-22T07:18:58.966Z
FCNCO,"First Citizens BancShares, Inc.",NASDAQ,nasdaq_trader,2026-09-18T10:45:30.194Z,2026-09-18T10:45:30.194Z
FCNCP,"First Citizens BancShares, Inc.",NASDAQ,nasdaq_trader,2026-09-18T10:45:30.194Z,2026-09-18T10:45:30.194Z
FCPT,"Four Corners Property Trust, Inc.",NYSE,nasdaq_trader,2026-09-18T10:45:30.194Z,2026-09-18T10:45:30.194Z
FCRS,FutureCrest Acquisition Corp.,NYSE,nasdaq_trader,2026-09-18T10:45:30.194Z,2026-09-18T10:45:30.194Z
FCRS.U,FutureCrest Acquisition Corp.,NYSE,nasdaq_trader,2026-09-18T10:45:30.194Z,2026-09-18T10:45:30.194Z
FCRS.W,FutureCrest Acquisition Corp.,NYSE,nasdaq_trader,2026-09-18T10:45:30.194Z,2026-09-18T10:45:30.194Z
FCUV,Focus Universal Inc.,NASDAQ,nasdaq_trader,2026-09-18T10:45:30.194Z,2026-09-18T10:45:30.194Z
FCX,"Freeport-McMoRan, Inc.",NYSE,nasdaq_trader,2026-09-18T10:45:30.194Z,2026-09-18T10:45:30.194Z
FDBC,"Fidelity D & D Bancorp, Inc.",NASDAQ,nasdaq_trader,2026-09-18T10:45:30.194Z,2026-09-18T10:45:30.194Z
FDCHF,Funding Circle Holdings plc,OTC,excel_import,2026-09-18T09:57:12.863Z,2026-09-18T09:57:12.863Z
FDMM,Freedom Metals Acquisition Corp.,NASDAQ,nasdaq_trader,2026-09-18T10:45:30.194Z,2026-09-18T10:45:30.194Z
FDMMU,Freedom Metals Acquisition Corp.,NASDAQ,nasdaq_trader,2026-09-18T10:45:30.194Z,2026-09-18T10:45:30.194Z
FDMMW,Freedom Metals Acquisition Corp.,NASDAQ,nasdaq_trader,2026-09-18T10:45:30.194Z,2026-09-18T10:45:30.194Z
FDMT,"4D Molecular Therapeutics, Inc.",NASDAQ,nasdaq_trader,2026-09-18T10:45:30.194Z,2026-09-18T10:45:30.194Z
FDS,FactSet Research Systems Inc.,NYSE,nasdaq_trader,2026-09-18T10:45:30.194Z,2026-09-18T10:45:30.194Z
FDSB,"Fifth District Bancorp, Inc.",NASDAQ,nasdaq_trader,2026-09-18T10:45:30.194Z,2026-09-18T10:45:30.194Z
FDUS,Fidus Investment Corporation,NASDAQ,nasdaq_trader,2026-09-18T10:45:30.194Z,2026-09-18T10:45:30.194Z
FDX,FedEx Corporation,NYSE,nasdaq_trader,2026-09-18T10:45:30.194Z,2026-09-18T10:45:30.194Z
FDXF,FedEx Freight Holding Company,NYSE,excel_import,2026-09-18T09:57:12.863Z,2026-09-18T09:57:12.863Z
FE,FirstEnergy Corp.,NYSE,nasdaq_trader,2026-09-18T10:45:30.194Z,2026-09-18T10:45:30.194Z
FEAM,"5E Advanced Materials, Inc.",NASDAQ,nasdaq_trader,2026-09-18T10:45:30.194Z,2026-09-18T10:45:30.194Z
FEBO,Fenbo Holdings Limited,NASDAQ,nasdaq_trader,2026-09-18T10:45:30.194Z,2026-09-18T10:45:30.194Z
FEDU,Four Seasons Education (Cayman) Inc.,NYSE,nasdaq_trader,2026-09-18T10:45:30.194Z,2026-09-18T10:45:30.194Z
FEIM,"Frequency Electronics, Inc.",NASDAQ,nasdaq_trader,2026-09-18T10:45:30.194Z,2026-09-18T10:45:30.194Z
FELE,"Franklin Electric Co., Inc.",NASDAQ,nasdaq_trader,2026-09-18T10:45:30.194Z,2026-09-18T10:45:30.194Z
FEMY,Femasys Inc.,NASDAQ,nasdaq_trader,2026-09-18T10:45:30.194Z,2026-09-18T10:45:30.194Z
FENC,Fennec Pharmaceuticals Inc.,NASDAQ,nasdaq_trader,2026-09-18T10:45:30.194Z,2026-09-18T10:45:30.194Z
FENG,Phoenix New Media Limited,NYSE,nasdaq_trader,2026-09-18T10:45:30.194Z,2026-09-18T10:45:30.194Z
FER,Ferrovial N.V.,NASDAQ,nasdaq_trader,2026-09-18T10:45:30.194Z,2026-09-18T10:45:30.194Z
FERA,Fifth Era Acquisition Corp I,NASDAQ,nasdaq_trader,2026-09-18T10:45:30.194Z,2026-09-18T10:45:30.194Z
FERAR,Fifth Era Acquisition Corp I,NASDAQ,nasdaq_trader,2026-09-18T10:45:30.194Z,2026-09-18T10:45:30.194Z
FERAU,Fifth Era Acquisition Corp I,NASDAQ,nasdaq_trader,2026-09-18T10:45:30.194Z,2026-09-18T10:45:30.194Z
FERG,Ferguson Enterprises Inc.,NYSE,nasdaq_trader,2026-09-18T10:45:30.194Z,2026-09-18T10:45:30.194Z
FET,"Forum Energy Technologies, Inc.",NYSE,nasdaq_trader,2026-09-18T10:45:30.194Z,2026-09-18T10:45:30.194Z
FF,FutureFuel Corp.  Common shares,NYSE,nasdaq_trader,2026-09-18T10:45:30.194Z,2026-09-18T10:45:30.194Z
FFA,First Trust Enhanced Equity Income Fund,NYSE,nasdaq_trader,2026-09-18T10:45:30.194Z,2026-09-18T10:45:30.194Z
FFAI,Faraday Future Intelligent Electric Inc.,NASDAQ,nasdaq_trader,2026-09-18T10:45:30.194Z,2026-09-18T10:45:30.194Z
FFBC,First Financial Bancorp.,NASDAQ,nasdaq_trader,2026-09-18T10:45:30.194Z,2026-09-18T10:45:30.194Z
FFC,Flaherty & Crumrine Preferred Securities Income Fund Inc.,NYSE,nasdaq_trader,2026-09-18T10:45:30.194Z,2026-09-22T07:18:59.306Z
FFIN,"First Financial Bankshares, Inc.",NASDAQ,nasdaq_trader,2026-09-18T10:45:30.194Z,2026-09-18T10:45:30.194Z
FFIV,"F5, Inc.",NASDAQ,nasdaq_trader,2026-09-18T10:45:30.194Z,2026-09-18T10:45:30.194Z
FG,"F&G Annuities & Life, Inc.",NYSE,nasdaq_trader,2026-09-18T10:45:30.194Z,2026-09-18T10:45:30.194Z
FGBI,"First Guaranty Bancshares, Inc.",NASDAQ,nasdaq_trader,2026-09-18T10:45:30.194Z,2026-09-18T10:45:30.194Z
FGBIP,"First Guaranty Bancshares, Inc.",NASDAQ,nasdaq_trader,2026-09-18T10:45:30.194Z,2026-09-18T10:45:30.194Z
FGI,FGI Industries Ltd.,NASDAQ,nasdaq_trader,2026-09-18T10:45:30.194Z,2026-09-18T10:45:30.194Z
FGII,FG Imperii Acquisition Corp.,NASDAQ,nasdaq_trader,2026-09-18T10:45:30.194Z,2026-09-18T10:45:30.194Z
FGIIU,FG Imperii Acquisition Corp.,NASDAQ,nasdaq_trader,2026-09-18T10:45:30.194Z,2026-09-18T10:45:30.194Z
FGIIW,FG Imperii Acquisition Corp.,NASDAQ,nasdaq_trader,2026-09-18T10:45:30.194Z,2026-09-18T10:45:30.194Z
FGIWW,FGI Industries Ltd.,NASDAQ,nasdaq_trader,2026-09-18T10:45:30.194Z,2026-09-18T10:45:30.194Z
FGL,Founder Group Limited,NASDAQ,nasdaq_trader,2026-09-18T10:45:30.194Z,2026-09-18T10:45:30.194Z
FGN,"F&G Annuities & Life, Inc. 7.95",NYSE,nasdaq_trader,2026-09-18T10:45:30.194Z,2026-09-22T07:18:59.309Z
FGNX,FG Nexus Inc.,NASDAQ,nasdaq_trader,2026-09-18T10:45:30.194Z,2026-09-18T10:45:30.194Z
FGNXP,FG Nexus Inc.,NASDAQ,nasdaq_trader,2026-09-18T10:45:30.194Z,2026-09-18T10:45:30.194Z
FGSN,"F&G Annuities & Life, Inc. 7.30",NYSE,nasdaq_trader,2026-09-18T10:45:30.194Z,2026-09-22T07:18:59.311Z
FHB,"First Hawaiian, Inc.",NASDAQ,nasdaq_trader,2026-09-18T10:45:30.194Z,2026-09-18T10:45:30.194Z
FHI,"Federated Hermes, Inc.",NYSE,nasdaq_trader,2026-09-18T10:45:30.194Z,2026-09-18T10:45:30.194Z
FHN,First Horizon Corporation,NYSE,nasdaq_trader,2026-09-18T10:45:30.194Z,2026-09-18T10:45:30.194Z
FHTX,Foghorn Therapeutics Inc.,NASDAQ,nasdaq_trader,2026-09-18T10:45:30.194Z,2026-09-18T10:45:30.194Z
FIBK,"First Interstate BancSystem, Inc.",NASDAQ,nasdaq_trader,2026-09-18T10:45:30.194Z,2026-09-18T10:45:30.194Z
FICO,Fair Isaac Corporation,NYSE,nasdaq_trader,2026-09-18T10:45:30.194Z,2026-09-18T10:45:30.194Z
FIEE,"FiEE, Inc",NASDAQ,nasdaq_trader,2026-09-18T10:45:30.194Z,2026-09-18T10:45:30.194Z
FIG,"Figma, Inc.",NYSE,nasdaq_trader,2026-09-18T10:45:30.194Z,2026-09-18T10:45:30.194Z
FIGR,"Figure Technology Solutions, Inc.",NASDAQ,excel_import,2026-09-18T09:57:12.863Z,2026-09-18T09:57:12.863Z
FIGS,"FIGS, Inc.",NYSE,nasdaq_trader,2026-09-18T10:45:30.194Z,2026-09-18T10:45:30.194Z
FIGX,FIGX Capital Acquisition Corp.,NASDAQ,nasdaq_trader,2026-09-18T10:45:30.194Z,2026-09-18T10:45:30.194Z
FIGXU,FIGX Capital Acquisition Corp.,NASDAQ,nasdaq_trader,2026-09-18T10:45:30.194Z,2026-09-18T10:45:30.194Z
FIGXW,FIGX Capital Acquisition Corp.,NASDAQ,nasdaq_trader,2026-09-18T10:45:30.194Z,2026-09-18T10:45:30.194Z
FINS,Angel Oak Financial Strategies Income Term Trust,NYSE,nasdaq_trader,2026-09-18T10:45:30.194Z,2026-09-18T10:45:30.194Z
FINV,FinVolution Group,NYSE,nasdaq_trader,2026-09-18T10:45:30.194Z,2026-09-18T10:45:30.194Z
FINW,FinWise Bancorp,NASDAQ,nasdaq_trader,2026-09-18T10:45:30.194Z,2026-09-18T10:45:30.194Z
FIP,FTAI Infrastructure Inc.,NASDAQ,nasdaq_trader,2026-09-18T10:45:30.194Z,2026-09-18T10:45:30.194Z
FIRY,Firy Inc.,NYSE,excel_import,2026-09-18T09:57:12.863Z,2026-09-18T09:57:12.863Z
FIS,"Fidelity National Information Services, Inc.",NYSE,nasdaq_trader,2026-09-18T10:45:30.194Z,2026-09-18T10:45:30.194Z
FISI,"Financial Institutions, Inc.",NASDAQ,nasdaq_trader,2026-09-18T10:45:30.194Z,2026-09-18T10:45:30.194Z
FISN,"Deep Fission, Inc.",NASDAQ,nasdaq_trader,2026-09-18T10:45:30.194Z,2026-09-18T10:45:30.194Z
FISV,"Fiserv, Inc.",NASDAQ,excel_import,2026-09-18T09:57:12.863Z,2026-09-18T09:57:12.863Z
FITB,Fifth Third Bancorp,NYSE,nasdaq_trader,2026-09-18T10:45:30.194Z,2026-09-18T10:45:30.194Z
FIVE,"Five Below, Inc.",NASDAQ,nasdaq_trader,2026-09-18T10:45:30.194Z,2026-09-18T10:45:30.194Z
FIVN,"Five9, Inc.",NASDAQ,nasdaq_trader,2026-09-18T10:45:30.194Z,2026-09-18T10:45:30.194Z
FIX,"Comfort Systems USA, Inc.",NYSE,nasdaq_trader,2026-09-18T10:45:30.194Z,2026-09-18T10:45:30.194Z
FIZZ,National Beverage Corp.,NASDAQ,nasdaq_trader,2026-09-18T10:45:30.194Z,2026-09-18T10:45:30.194Z
FJDIU,ARC Group Securities Acquisition I,NASDAQ,nasdaq_trader,2026-09-18T10:45:30.194Z,2026-09-18T10:45:30.194Z
FJET,"Starfighters Space, Inc.",AMEX,nasdaq_trader,2026-09-18T10:45:30.194Z,2026-09-18T10:45:30.194Z
FKWL,Franklin Wireless Corp.,NASDAQ,nasdaq_trader,2026-09-18T10:45:30.194Z,2026-09-18T10:45:30.194Z
FLC,Flaherty & Crumrine Total Return Fund Inc,NYSE,nasdaq_trader,2026-09-18T10:45:30.194Z,2026-09-18T10:45:30.194Z
FLD,"Fold Holdings, Inc.",NASDAQ,nasdaq_trader,2026-09-18T10:45:30.194Z,2026-09-18T10:45:30.194Z
FLDDW,"Fold Holdings, Inc.",NASDAQ,nasdaq_trader,2026-09-18T10:45:30.194Z,2026-09-18T10:45:30.194Z
FLEX,Flex Ltd.,NASDAQ,nasdaq_trader,2026-09-18T10:45:30.194Z,2026-09-18T10:45:30.194Z
FLG,"Flagstar Bank, National Association",NYSE,nasdaq_trader,2026-09-18T10:45:30.194Z,2026-09-22T07:18:59.313Z
FLGT,"Fulgent Genetics, Inc.",NASDAQ,nasdaq_trader,2026-09-18T10:45:30.194Z,2026-09-18T10:45:30.194Z
FLL,"Full House Resorts, Inc.",NASDAQ,nasdaq_trader,2026-09-18T10:45:30.194Z,2026-09-18T10:45:30.194Z
FLNA,"Filana Therapeutics, Inc.",NASDAQ,nasdaq_trader,2026-09-18T10:45:30.194Z,2026-09-18T10:45:30.194Z
FLNC,"Fluence Energy, Inc.",NASDAQ,nasdaq_trader,2026-09-18T10:45:30.194Z,2026-09-18T10:45:30.194Z
FLNG,FLEX LNG Ltd.,NYSE,nasdaq_trader,2026-09-18T10:45:30.194Z,2026-09-18T10:45:30.194Z
FLNT,"Fluent, Inc.",NASDAQ,nasdaq_trader,2026-09-18T10:45:30.194Z,2026-09-18T10:45:30.194Z
FLO,"Flowers Foods, Inc.",NYSE,nasdaq_trader,2026-09-18T10:45:30.194Z,2026-09-18T10:45:30.194Z
FLOC,Flowco Holdings Inc.,NYSE,nasdaq_trader,2026-09-18T10:45:30.194Z,2026-09-18T10:45:30.194Z
FLR,Fluor Corporation,NYSE,nasdaq_trader,2026-09-18T10:45:30.194Z,2026-09-18T10:45:30.194Z
FLS,Flowserve Corporation,NYSE,nasdaq_trader,2026-09-18T10:45:30.194Z,2026-09-18T10:45:30.194Z
FLTLF,Flow Traders Ltd.,OTC,excel_import,2026-09-18T09:57:12.863Z,2026-09-18T09:57:12.863Z
FLUT,Flutter Entertainment plc,NYSE,nasdaq_trader,2026-09-18T10:45:30.194Z,2026-09-18T10:45:30.194Z
FLUX,"Flux Power Holdings, Inc.",NASDAQ,nasdaq_trader,2026-09-18T10:45:30.194Z,2026-09-18T10:45:30.194Z
FLWS,"1-800-FLOWERS.COM, Inc.",NASDAQ,nasdaq_trader,2026-09-18T10:45:30.194Z,2026-09-18T10:45:30.194Z
FLX,BingEx Limited,NASDAQ,nasdaq_trader,2026-09-18T10:45:30.194Z,2026-09-18T10:45:30.194Z
FLXS,"Flexsteel Industries, Inc.",NASDAQ,nasdaq_trader,2026-09-18T10:45:30.194Z,2026-09-18T10:45:30.194Z
FLY,Firefly Aerospace Inc.,NASDAQ,excel_import,2026-09-18T09:57:12.863Z,2026-09-18T09:57:12.863Z
FLYE,"Fly-E Group, Inc.",NASDAQ,nasdaq_trader,2026-09-18T10:45:30.194Z,2026-09-18T10:45:30.194Z
FLYW,Flywire Corporation,NASDAQ,nasdaq_trader,2026-09-18T10:45:30.194Z,2026-09-18T10:45:30.194Z
FLYX,"flyExclusive, Inc.",AMEX,nasdaq_trader,2026-09-18T10:45:30.194Z,2026-09-18T10:45:30.194Z
FLYX.W,"flyExclusive, Inc.",AMEX,nasdaq_trader,2026-09-18T10:45:30.194Z,2026-09-18T10:45:30.194Z
FMAC,Future Money Acquisition Corporation,NASDAQ,nasdaq_trader,2026-09-18T10:45:30.194Z,2026-09-18T10:45:30.194Z
FMACR,Future Money Acquisition Corporation,NASDAQ,nasdaq_trader,2026-09-18T10:45:30.194Z,2026-09-18T10:45:30.194Z
FMACU,Future Money Acquisition Corporation,NASDAQ,nasdaq_trader,2026-09-18T10:45:30.194Z,2026-09-18T10:45:30.194Z
FMAO,"Farmers & Merchants Bancorp, Inc.",NASDAQ,nasdaq_trader,2026-09-18T10:45:30.194Z,2026-09-18T10:45:30.194Z
FMBH,"First Mid Bancshares, Inc.",NASDAQ,nasdaq_trader,2026-09-18T10:45:30.194Z,2026-09-18T10:45:30.194Z
FMC,FMC Corporation,NYSE,nasdaq_trader,2026-09-18T10:45:30.194Z,2026-09-18T10:45:30.194Z
FMFC,Kandal M Venture Limited,NASDAQ,nasdaq_trader,2026-09-18T10:45:30.194Z,2026-09-18T10:45:30.194Z
FMN,Federated Hermes Premier Municipal Income Fund,NYSE,nasdaq_trader,2026-09-18T10:45:30.194Z,2026-09-18T10:45:30.194Z
FMNB,Farmers National Banc Corp.,NASDAQ,nasdaq_trader,2026-09-18T10:45:30.194Z,2026-09-18T10:45:30.194Z
FMS,Fresenius Medical Care AG,NYSE,nasdaq_trader,2026-09-18T10:45:30.194Z,2026-09-18T10:45:30.194Z
FMST,Foremost Clean Energy Ltd.,NASDAQ,nasdaq_trader,2026-09-18T10:45:30.194Z,2026-09-18T10:45:30.194Z
FMSTW,Foremost Clean Energy Ltd.,NASDAQ,nasdaq_trader,2026-09-18T10:45:30.194Z,2026-09-18T10:45:30.194Z
FMTOF,Femto Technologies Inc.,OTC,excel_import,2026-09-18T09:57:12.863Z,2026-09-18T09:57:12.863Z
FMX,"Fomento Económico Mexicano, S.A.B. de C.V.",NYSE,nasdaq_trader,2026-09-18T10:45:30.194Z,2026-09-22T07:18:59.315Z
FMY,First Trust Mortgage Income Fund,NYSE,nasdaq_trader,2026-09-18T10:45:30.194Z,2026-09-18T10:45:30.194Z
FN,Fabrinet,NYSE,nasdaq_trader,2026-09-18T10:45:30.194Z,2026-09-18T10:45:30.194Z
FNB,F.N.B. Corporation,NYSE,nasdaq_trader,2026-09-18T10:45:30.194Z,2026-09-18T10:45:30.194Z
FND,"Floor & Decor Holdings, Inc.",NYSE,nasdaq_trader,2026-09-18T10:45:30.194Z,2026-09-18T10:45:30.194Z
FNF,"Fidelity National Financial, Inc.",NYSE,nasdaq_trader,2026-09-18T10:45:30.194Z,2026-09-18T10:45:30.194Z
FNGR,"FingerMotion, Inc.",NASDAQ,nasdaq_trader,2026-09-18T10:45:30.194Z,2026-09-18T10:45:30.194Z
FNKO,"Funko, Inc.",NASDAQ,nasdaq_trader,2026-09-18T10:45:30.194Z,2026-09-18T10:45:30.194Z
FNLC,"The First Bancorp, Inc.",NASDAQ,nasdaq_trader,2026-09-18T10:45:30.194Z,2026-09-22T07:18:58.968Z
FNRN,First Northern Community Bancorp,NASDAQ,nasdaq_trader,2026-09-18T10:45:30.194Z,2026-09-18T10:45:30.194Z
FNUC,Frontier Nuclear and Minerals Inc.,NASDAQ,nasdaq_trader,2026-09-18T10:45:30.194Z,2026-09-18T10:45:30.194Z
FNV,Franco-Nevada Corporation,NYSE,nasdaq_trader,2026-09-18T10:45:30.194Z,2026-09-18T10:45:30.194Z
FNWB,First Northwest Bancorp,NASDAQ,nasdaq_trader,2026-09-18T10:45:30.194Z,2026-09-18T10:45:30.194Z
FNWD,Finward Bancorp,NASDAQ,nasdaq_trader,2026-09-18T10:45:30.194Z,2026-09-18T10:45:30.194Z
FOA,Finance of America Companies Inc.,NYSE,nasdaq_trader,2026-09-18T10:45:30.194Z,2026-09-18T10:45:30.194Z
FOCL,EDAP TMS S.A.,NASDAQ,excel_import,2026-09-18T09:57:12.863Z,2026-09-22T07:18:58.905Z
FOF,"Cohen & Steers Closed-End Opportunity Fund, Inc.",NYSE,nasdaq_trader,2026-09-18T10:45:30.194Z,2026-09-18T10:45:30.194Z
FOFO,"Hang Feng Technology Innovation Co., Ltd.",NASDAQ,nasdaq_trader,2026-09-18T10:45:30.194Z,2026-09-18T10:45:30.194Z
FOIL,Londian Wason New Energy Tech Inc.,NYSE,nasdaq_trader,2026-09-18T10:45:30.194Z,2026-09-18T10:45:30.194Z
FOR,Forestar Group Inc,NYSE,nasdaq_trader,2026-09-18T10:45:30.194Z,2026-09-18T10:45:30.194Z
FORM,"FormFactor, Inc.",NASDAQ,nasdaq_trader,2026-09-18T10:45:30.194Z,2026-09-18T10:45:30.194Z
FORR,"Forrester Research, Inc.",NASDAQ,nasdaq_trader,2026-09-18T10:45:30.194Z,2026-09-18T10:45:30.194Z
FORTY,Formula Systems (1985) Ltd.,NASDAQ,nasdaq_trader,2026-09-18T10:45:30.194Z,2026-09-18T10:45:30.194Z
FOSL,"Fossil Group, Inc.",NASDAQ,nasdaq_trader,2026-09-18T10:45:30.194Z,2026-09-18T10:45:30.194Z
FOUR,"Shift4 Payments, Inc.",NYSE,nasdaq_trader,2026-09-18T10:45:30.194Z,2026-09-18T10:45:30.194Z
FOX,Fox Corporation,NASDAQ,nasdaq_trader,2026-09-18T10:45:30.194Z,2026-09-18T10:45:30.194Z
FOXA,Fox Corporation,NASDAQ,nasdaq_trader,2026-09-18T10:45:30.194Z,2026-09-18T10:45:30.194Z
FOXF,Fox Factory Holding Corp.,NASDAQ,nasdaq_trader,2026-09-18T10:45:30.194Z,2026-09-18T10:45:30.194Z
FOXX,Foxx Development Holdings Inc.,NASDAQ,nasdaq_trader,2026-09-18T10:45:30.194Z,2026-09-18T10:45:30.194Z
FOXXW,Foxx Development Holdings Inc.,NASDAQ,nasdaq_trader,2026-09-18T10:45:30.194Z,2026-09-18T10:45:30.194Z
FPF,First Trust Intermediate Duration Preferred & Income Fund,NYSE,nasdaq_trader,2026-09-18T10:45:30.194Z,2026-09-18T10:45:30.194Z
FPH,"Five Point Holdings, LLC Class A Common Shares",NYSE,nasdaq_trader,2026-09-18T10:45:30.194Z,2026-09-18T10:45:30.194Z
FPI,Farmland Partners Inc.,NYSE,nasdaq_trader,2026-09-18T10:45:30.194Z,2026-09-18T10:45:30.194Z
FPS,"Forgent Power Solutions, Inc.",NYSE,excel_import,2026-09-18T09:57:12.863Z,2026-09-18T09:57:12.863Z
FR,"First Industrial Realty Trust, Inc.",NYSE,nasdaq_trader,2026-09-18T10:45:30.194Z,2026-09-18T10:45:30.194Z
FRA,Blackrock Floating Rate Income Strategies Fund Inc,NYSE,nasdaq_trader,2026-09-18T10:45:30.194Z,2026-09-18T10:45:30.194Z
FRAF,Franklin Financial Services Corporation,NASDAQ,nasdaq_trader,2026-09-18T10:45:30.194Z,2026-09-18T10:45:30.194Z
FRBA,First Bank,NASDAQ,nasdaq_trader,2026-09-18T10:45:30.194Z,2026-09-18T10:45:30.194Z
FRBT,"Forbright, Inc.",NASDAQ,nasdaq_trader,2026-09-18T10:45:30.194Z,2026-09-22T07:18:58.970Z
FRD,Friedman Industries Inc.,NASDAQ,nasdaq_trader,2026-09-18T10:45:30.194Z,2026-09-18T10:45:30.194Z
FRFAF,The Fresh Factory B.C. Ltd.,OTC,excel_import,2026-09-18T09:57:12.863Z,2026-09-18T09:57:12.863Z
FRGT,"Freight Technologies, Inc.",NASDAQ,nasdaq_trader,2026-09-18T10:45:30.194Z,2026-09-18T10:45:30.194Z
FRHC,Freedom Holding Corp.,NASDAQ,nasdaq_trader,2026-09-18T10:45:30.194Z,2026-09-18T10:45:30.194Z
FRME,First Merchants Corporation,NASDAQ,nasdaq_trader,2026-09-18T10:45:30.194Z,2026-09-18T10:45:30.194Z
FRMEP,First Merchants Corporation,NASDAQ,nasdaq_trader,2026-09-18T10:45:30.194Z,2026-09-18T10:45:30.194Z
FRMI,Fermi Inc.,NASDAQ,excel_import,2026-09-18T09:57:12.863Z,2026-09-18T09:57:12.863Z
FRMM,"Forum Markets, Incorporated",NASDAQ,nasdaq_trader,2026-09-18T10:45:30.194Z,2026-09-18T10:45:30.194Z
FRNM,"Freenome, Inc.",NASDAQ,nasdaq_trader,2026-09-18T10:45:30.194Z,2026-09-18T10:45:30.194Z
FRO,Frontline Plc,NYSE,nasdaq_trader,2026-09-18T10:45:30.194Z,2026-09-18T10:45:30.194Z
FROG,JFrog Ltd.,NASDAQ,nasdaq_trader,2026-09-18T10:45:30.194Z,2026-09-18T10:45:30.194Z
FRPH,"FRP Holdings, Inc.",NASDAQ,nasdaq_trader,2026-09-18T10:45:30.194Z,2026-09-18T10:45:30.194Z
FRPT,"Freshpet, Inc.",NASDAQ,nasdaq_trader,2026-09-18T10:45:30.194Z,2026-09-18T10:45:30.194Z
FRSH,Freshworks Inc.,NASDAQ,nasdaq_trader,2026-09-18T10:45:30.194Z,2026-09-18T10:45:30.194Z
FRST,Primis Financial Corp.,NASDAQ,nasdaq_trader,2026-09-18T10:45:30.194Z,2026-09-18T10:45:30.194Z
FRSX,Foresight Autonomous Holdings Ltd.,NASDAQ,nasdaq_trader,2026-09-18T10:45:30.194Z,2026-09-18T10:45:30.194Z
FRT,Federal Realty Investment Trust,NYSE,nasdaq_trader,2026-09-18T10:45:30.194Z,2026-09-18T10:45:30.194Z
FRTT,Fort Technology Inc.,NASDAQ,nasdaq_trader,2026-09-18T10:45:30.194Z,2026-09-18T10:45:30.194Z
FRVO,Fervo Energy Company,NASDAQ,nasdaq_trader,2026-09-18T10:45:30.194Z,2026-09-18T10:45:30.194Z
FSBC,Five Star Bancorp,NASDAQ,nasdaq_trader,2026-09-18T10:45:30.194Z,2026-09-18T10:45:30.194Z
FSBW,"FS Bancorp, Inc.",NASDAQ,nasdaq_trader,2026-09-18T10:45:30.194Z,2026-09-18T10:45:30.194Z
FSCO,FS Credit Opportunities Corp.,NYSE,nasdaq_trader,2026-09-18T10:45:30.194Z,2026-09-18T10:45:30.194Z
FSEA,"First Seacoast Bancorp, Inc.",NASDAQ,nasdaq_trader,2026-09-18T10:45:30.194Z,2026-09-18T10:45:30.194Z
FSHP,Flag Ship Acquisition Corp.,NASDAQ,nasdaq_trader,2026-09-18T10:45:30.194Z,2026-09-18T10:45:30.194Z
FSHPR,Flag Ship Acquisition Corp.,NASDAQ,nasdaq_trader,2026-09-18T10:45:30.194Z,2026-09-18T10:45:30.194Z
FSHPU,Flag Ship Acquisition Corp.,NASDAQ,nasdaq_trader,2026-09-18T10:45:30.194Z,2026-09-18T10:45:30.194Z
FSI,"Flexible Solutions International, Inc.",AMEX,nasdaq_trader,2026-09-18T10:45:30.194Z,2026-09-22T07:18:59.316Z
FSK,FS KKR Capital Corp.,NYSE,nasdaq_trader,2026-09-18T10:45:30.194Z,2026-09-18T10:45:30.194Z
FSLR,"First Solar, Inc.",NASDAQ,nasdaq_trader,2026-09-18T10:45:30.194Z,2026-09-18T10:45:30.194Z
FSLY,"Fastly, Inc.",NASDAQ,nasdaq_trader,2026-09-18T10:45:30.194Z,2026-09-18T10:45:30.194Z
FSM,Fortuna Mining Corp. Common Shares,NYSE,nasdaq_trader,2026-09-18T10:45:30.194Z,2026-09-18T10:45:30.194Z
FSP,Franklin Street Properties Corp.,AMEX,nasdaq_trader,2026-09-18T10:45:30.194Z,2026-09-18T10:45:30.194Z
FSS,Federal Signal Corporation,NYSE,nasdaq_trader,2026-09-18T10:45:30.194Z,2026-09-18T10:45:30.194Z
FSSL,FS Specialty Lending Fund,NYSE,nasdaq_trader,2026-09-18T10:45:30.194Z,2026-09-18T10:45:30.194Z
FSTR,L.B. Foster Company,NASDAQ,nasdaq_trader,2026-09-18T10:45:30.194Z,2026-09-18T10:45:30.194Z
FSUN,FirstSun Capital Bancorp,NASDAQ,nasdaq_trader,2026-09-18T10:45:30.194Z,2026-09-18T10:45:30.194Z
FSV,FirstService Corporation,NASDAQ,nasdaq_trader,2026-09-18T10:45:30.194Z,2026-09-18T10:45:30.194Z
FT,Franklin Universal Trust,NYSE,nasdaq_trader,2026-09-18T10:45:30.194Z,2026-09-18T10:45:30.194Z
FTAI,FTAI Aviation Ltd.,NASDAQ,nasdaq_trader,2026-09-18T10:45:30.194Z,2026-09-18T10:45:30.194Z
FTAIM,FTAI Aviation Ltd.,NASDAQ,nasdaq_trader,2026-09-18T10:45:30.194Z,2026-09-18T10:45:30.194Z
FTCI,"FTC Solar, Inc.",NASDAQ,nasdaq_trader,2026-09-18T10:45:30.194Z,2026-09-18T10:45:30.194Z
FTDR,"Frontdoor, Inc.",NASDAQ,nasdaq_trader,2026-09-18T10:45:30.194Z,2026-09-18T10:45:30.194Z
FTEK,"Fuel Tech, Inc.",NASDAQ,nasdaq_trader,2026-09-18T10:45:30.194Z,2026-09-18T10:45:30.194Z
FTF,Franklin Limited Duration Income Trust,AMEX,nasdaq_trader,2026-09-18T10:45:30.194Z,2026-09-18T10:45:30.194Z
FTFT,Future FinTech Group Inc.,NASDAQ,nasdaq_trader,2026-09-18T10:45:30.194Z,2026-09-18T10:45:30.194Z
FTH,"Faeth Therapeutics, Inc.",NASDAQ,nasdaq_trader,2026-09-18T10:45:30.194Z,2026-09-18T10:45:30.194Z
FTHA,Forefront Tech Holdings Acquisition Corp,NASDAQ,nasdaq_trader,2026-09-18T10:45:30.194Z,2026-09-18T10:45:30.194Z
FTHAU,Forefront Tech Holdings Acquisition Corp,NASDAQ,nasdaq_trader,2026-09-18T10:45:30.194Z,2026-09-18T10:45:30.194Z
FTHAW,Forefront Tech Holdings Acquisition Corp,NASDAQ,nasdaq_trader,2026-09-18T10:45:30.194Z,2026-09-18T10:45:30.194Z
FTHM,Fathom Holdings Inc.,NASDAQ,nasdaq_trader,2026-09-18T10:45:30.194Z,2026-09-18T10:45:30.194Z
FTHY,First Trust High Yield Opportunities 2027 Term Fund,NYSE,nasdaq_trader,2026-09-18T10:45:30.194Z,2026-09-18T10:45:30.194Z
FTI,TechnipFMC plc,NYSE,nasdaq_trader,2026-09-18T10:45:30.194Z,2026-09-18T10:45:30.194Z
FTK,"Flotek Industries, Inc.",NYSE,nasdaq_trader,2026-09-18T10:45:30.194Z,2026-09-18T10:45:30.194Z
FTLF,"FitLife Brands, Inc.",NASDAQ,nasdaq_trader,2026-09-18T10:45:30.194Z,2026-09-18T10:45:30.194Z
FTNT,"Fortinet, Inc.",NASDAQ,nasdaq_trader,2026-09-18T10:45:30.194Z,2026-09-18T10:45:30.194Z
FTRA,FutureCorp Space Acquisition 1,NYSE,nasdaq_trader,2026-09-18T10:45:30.194Z,2026-09-18T10:45:30.194Z
FTRA.U,FutureCorp Space Acquisition 1,NYSE,nasdaq_trader,2026-09-18T10:45:30.194Z,2026-09-18T10:45:30.194Z
FTRA.W,FutureCorp Space Acquisition 1,NYSE,nasdaq_trader,2026-09-18T10:45:30.194Z,2026-09-18T10:45:30.194Z
FTRCF,The FUTR Corporation,OTC,excel_import,2026-09-18T09:57:12.863Z,2026-09-18T09:57:12.863Z
FTRE,Fortrea Holdings Inc.,NASDAQ,nasdaq_trader,2026-09-18T10:45:30.194Z,2026-09-18T10:45:30.194Z
FTS,Fortis Inc. Common Shares,NYSE,nasdaq_trader,2026-09-18T10:45:30.194Z,2026-09-18T10:45:30.194Z
FTV,Fortive Corporation,NYSE,nasdaq_trader,2026-09-18T10:45:30.194Z,2026-09-18T10:45:30.194Z
FTW,Presidio Production Company,NYSE,nasdaq_trader,2026-09-18T10:45:30.194Z,2026-09-18T10:45:30.194Z
FTW.W,Presidio Production Company,NYSE,nasdaq_trader,2026-09-18T10:45:30.194Z,2026-09-18T10:45:30.194Z
FUBO,FuboTV Inc.,NYSE,nasdaq_trader,2026-09-18T10:45:30.194Z,2026-09-18T10:45:30.194Z
FUFU,BitFuFu Inc.,NASDAQ,nasdaq_trader,2026-09-18T10:45:30.194Z,2026-09-18T10:45:30.194Z
FUFUW,BitFuFu Inc.,NASDAQ,nasdaq_trader,2026-09-18T10:45:30.194Z,2026-09-18T10:45:30.194Z
FUL,H. B. Fuller Company,NYSE,nasdaq_trader,2026-09-18T10:45:30.194Z,2026-09-18T10:45:30.194Z
FULC,"Fulcrum Therapeutics, Inc.",NASDAQ,nasdaq_trader,2026-09-18T10:45:30.194Z,2026-09-18T10:45:30.194Z
FULT,Fulton Financial Corporation,NASDAQ,nasdaq_trader,2026-09-18T10:45:30.194Z,2026-09-18T10:45:30.194Z
FULTP,Fulton Financial Corporation,NASDAQ,nasdaq_trader,2026-09-18T10:45:30.194Z,2026-09-18T10:45:30.194Z
FUN,Six Flags Entertainment Corporation,NYSE,nasdaq_trader,2026-09-18T10:45:30.194Z,2026-09-22T07:18:59.318Z
FUNC,First United Corporation,NASDAQ,nasdaq_trader,2026-09-18T10:45:30.194Z,2026-09-18T10:45:30.194Z
FUND,"Sprott Focus Trust, Inc.",NASDAQ,nasdaq_trader,2026-09-18T10:45:30.194Z,2026-09-18T10:45:30.194Z
FURY,Fury Gold Mines Limited Common Shares,AMEX,nasdaq_trader,2026-09-18T10:45:30.194Z,2026-09-18T10:45:30.194Z
FUSB,"First US Bancshares, Inc.",NASDAQ,nasdaq_trader,2026-09-18T10:45:30.194Z,2026-09-18T10:45:30.194Z
FUSE,Fusemachines Inc.,NASDAQ,nasdaq_trader,2026-09-18T10:45:30.194Z,2026-09-18T10:45:30.194Z
FUSEW,Fusemachines Inc.,NASDAQ,nasdaq_trader,2026-09-18T10:45:30.194Z,2026-09-18T10:45:30.194Z
FUTU,Futu Holdings Limited,NASDAQ,nasdaq_trader,2026-09-18T10:45:30.194Z,2026-09-18T10:45:30.194Z
FVAV,Fortress Value Acquisition Corp. V,NASDAQ,nasdaq_trader,2026-09-18T10:45:30.194Z,2026-09-18T10:45:30.194Z
FVCB,"FVCBankcorp, Inc.",NASDAQ,nasdaq_trader,2026-09-18T10:45:30.194Z,2026-09-18T10:45:30.194Z
FVN,Future Vision II Acquisition Corporation,NASDAQ,nasdaq_trader,2026-09-18T10:45:30.194Z,2026-09-18T10:45:30.194Z
FVNNR,Future Vision II Acquisition Corporation,NASDAQ,nasdaq_trader,2026-09-18T10:45:30.194Z,2026-09-18T10:45:30.194Z
FVNNU,Future Vision II Acquisition Corporation,NASDAQ,nasdaq_trader,2026-09-18T10:45:30.194Z,2026-09-18T10:45:30.194Z
FVR,"FrontView REIT, Inc.",NYSE,nasdaq_trader,2026-09-18T10:45:30.194Z,2026-09-18T10:45:30.194Z
FVRR,Fiverr International Ltd.,NYSE,nasdaq_trader,2026-09-18T10:45:30.194Z,2026-09-22T07:18:59.319Z
FWAC,Futurewave Acquisition Corporation,NASDAQ,nasdaq_trader,2026-09-18T10:45:30.194Z,2026-09-18T10:45:30.194Z
FWACR,Futurewave Acquisition Corporation,NASDAQ,nasdaq_trader,2026-09-18T10:45:30.194Z,2026-09-18T10:45:30.194Z
FWACU,Futurewave Acquisition Corporation,NASDAQ,nasdaq_trader,2026-09-18T10:45:30.194Z,2026-09-18T10:45:30.194Z
FWACW,Futurewave Acquisition Corporation,NASDAQ,nasdaq_trader,2026-09-18T10:45:30.194Z,2026-09-18T10:45:30.194Z
FWDI,"Forward Industries, Inc.",NASDAQ,nasdaq_trader,2026-09-18T10:45:30.194Z,2026-09-18T10:45:30.194Z
FWONA,Formula One Group,NASDAQ,nasdaq_trader,2026-09-18T10:45:30.194Z,2026-09-22T07:18:58.972Z
FWONK,Formula One Group,NASDAQ,nasdaq_trader,2026-09-18T10:45:30.194Z,2026-09-22T07:18:58.974Z
FWRD,Forward Air Corporation,NASDAQ,nasdaq_trader,2026-09-18T10:45:30.194Z,2026-09-18T10:45:30.194Z
FWRG,"First Watch Restaurant Group, Inc.",NASDAQ,nasdaq_trader,2026-09-18T10:45:30.194Z,2026-09-18T10:45:30.194Z
FXAC,FortuneX Acquisition Corporation,NASDAQ,nasdaq_trader,2026-09-18T10:45:30.194Z,2026-09-18T10:45:30.194Z
FXACU,FortuneX Acquisition Corporation,NASDAQ,nasdaq_trader,2026-09-18T10:45:30.194Z,2026-09-18T10:45:30.194Z
FXACW,FortuneX Acquisition Corporation,NASDAQ,nasdaq_trader,2026-09-18T10:45:30.194Z,2026-09-18T10:45:30.194Z
FXHO,UTime Limited,NASDAQ,nasdaq_trader,2026-09-18T10:45:30.194Z,2026-09-18T10:45:30.194Z
FXNC,First National Corporation,NASDAQ,nasdaq_trader,2026-09-18T10:45:30.194Z,2026-09-18T10:45:30.194Z
G,Genpact Limited,NYSE,nasdaq_trader,2026-09-18T10:45:30.194Z,2026-09-18T10:45:30.194Z
GAB,"Gabelli Equity Trust, Inc. (The)",NYSE,nasdaq_trader,2026-09-18T10:45:30.194Z,2026-09-18T10:45:30.194Z
GABC,"German American Bancorp, Inc.",NASDAQ,nasdaq_trader,2026-09-18T10:45:30.194Z,2026-09-18T10:45:30.194Z
GAIA,"Gaia, Inc.",NASDAQ,nasdaq_trader,2026-09-18T10:45:30.194Z,2026-09-18T10:45:30.194Z
GAIN,Gladstone Investment Corporation,NASDAQ,nasdaq_trader,2026-09-18T10:45:30.194Z,2026-09-18T10:45:30.194Z
GAING,Gladstone Investment Corporation 7.125% Notes due 2031,NASDAQ,nasdaq_trader,2026-09-18T10:45:30.194Z,2026-09-22T07:18:58.975Z
GAINI,Gladstone Investment Corporation,NASDAQ,nasdaq_trader,2026-09-18T10:45:30.194Z,2026-09-18T10:45:30.194Z
GAINZ,Gladstone Investment Corporation 4.875% Notes due 2028,NASDAQ,nasdaq_trader,2026-09-18T10:45:30.194Z,2026-09-22T07:18:58.977Z
GALT,Galectin Therapeutics Inc.,NASDAQ,nasdaq_trader,2026-09-18T10:45:30.194Z,2026-09-18T10:45:30.194Z
GAM,"General American Investors, Inc.",NYSE,nasdaq_trader,2026-09-18T10:45:30.194Z,2026-09-18T10:45:30.194Z
GAME,"GameSquare Holdings, Inc.",NASDAQ,excel_import,2026-09-18T09:57:12.863Z,2026-09-18T09:57:12.863Z
GANX,"Gain Therapeutics, Inc.",NASDAQ,nasdaq_trader,2026-09-18T10:45:30.194Z,2026-09-18T10:45:30.194Z
GAP,"Gap, Inc. (The)",NYSE,nasdaq_trader,2026-09-18T10:45:30.194Z,2026-09-18T10:45:30.194Z
GASS,"StealthGas, Inc.",NASDAQ,nasdaq_trader,2026-09-18T10:45:30.194Z,2026-09-18T10:45:30.194Z
GATX,GATX Corporation,NYSE,nasdaq_trader,2026-09-18T10:45:30.194Z,2026-09-18T10:45:30.194Z
GAU,Galiano Gold Inc.,AMEX,nasdaq_trader,2026-09-18T10:45:30.194Z,2026-09-18T10:45:30.194Z
GAUZ,Gauzy Ltd.,NASDAQ,nasdaq_trader,2026-09-18T10:45:30.194Z,2026-09-18T10:45:30.194Z
GBAB,Guggenheim Taxable Municipal Bond & Investment Grade Debt Trust,NYSE,nasdaq_trader,2026-09-18T10:45:30.194Z,2026-09-18T10:45:30.194Z
GBCI,"Glacier Bancorp, Inc.",NYSE,nasdaq_trader,2026-09-18T10:45:30.194Z,2026-09-18T10:45:30.194Z
GBDC,"Golub Capital BDC, Inc.",NASDAQ,nasdaq_trader,2026-09-18T10:45:30.194Z,2026-09-18T10:45:30.194Z
GBFH,GBank Financial Holdings Inc.,NASDAQ,nasdaq_trader,2026-09-18T10:45:30.194Z,2026-09-18T10:45:30.194Z
GBLI,"Global Indemnity Group, LLC",NASDAQ,nasdaq_trader,2026-09-18T10:45:30.194Z,2026-09-18T10:45:30.194Z
GBR,"New Concept Energy, Inc",AMEX,nasdaq_trader,2026-09-18T10:45:30.194Z,2026-09-18T10:45:30.194Z
GBRRF,Gabriel Resources Ltd.,OTC,excel_import,2026-09-18T09:57:12.863Z,2026-09-18T09:57:12.863Z
GBTG,"Global Business Travel Group, Inc.",NYSE,nasdaq_trader,2026-09-18T10:45:30.194Z,2026-09-18T10:45:30.194Z
GBX,"Greenbrier Companies, Inc. (The)",NYSE,nasdaq_trader,2026-09-18T10:45:30.194Z,2026-09-18T10:45:30.194Z
GCBC,"Greene County Bancorp, Inc.",NASDAQ,nasdaq_trader,2026-09-18T10:45:30.194Z,2026-09-18T10:45:30.194Z
GCDT,Green Circle Decarbonize Techno,AMEX,nasdaq_trader,2026-09-18T10:45:30.194Z,2026-09-22T07:18:59.321Z
GCGR,General Catalyst Global Resilience Merger Corp.,NASDAQ,nasdaq_trader,2026-09-18T10:45:30.194Z,2026-09-18T10:45:30.194Z
GCGRU,General Catalyst Global Resilience Merger Corp.,NASDAQ,nasdaq_trader,2026-09-18T10:45:30.194Z,2026-09-18T10:45:30.194Z
GCGRW,General Catalyst Global Resilience Merger Corp.,NASDAQ,nasdaq_trader,2026-09-18T10:45:30.194Z,2026-09-18T10:45:30.194Z
GCHEF,"Grupo Comercial Chedraui, S.A.B. de C.V.",OTC,excel_import,2026-09-18T09:57:12.863Z,2026-09-18T09:57:12.863Z
GCL,GCL Global Holdings Ltd,NASDAQ,nasdaq_trader,2026-09-18T10:45:30.194Z,2026-09-18T10:45:30.194Z
GCLAF,Grupo Clarín S.A.,OTC,excel_import,2026-09-18T09:57:12.863Z,2026-09-22T07:18:58.889Z
GCLWW,GCL Global Holdings Ltd,NASDAQ,nasdaq_trader,2026-09-18T10:45:30.194Z,2026-09-18T10:45:30.194Z
GCMG,GCM Grosvenor Inc.,NASDAQ,nasdaq_trader,2026-09-18T10:45:30.194Z,2026-09-18T10:45:30.194Z
GCO,Genesco Inc.,NYSE,nasdaq_trader,2026-09-18T10:45:30.194Z,2026-09-18T10:45:30.194Z
GCT,GigaCloud Technology Inc,NASDAQ,nasdaq_trader,2026-09-18T10:45:30.194Z,2026-09-18T10:45:30.194Z
GCTK,"GlucoTrack, Inc.",NASDAQ,nasdaq_trader,2026-09-18T10:45:30.194Z,2026-09-18T10:45:30.194Z
GCTS,"GCT Semiconductor Holding, Inc.",NYSE,nasdaq_trader,2026-09-18T10:45:30.194Z,2026-09-18T10:45:30.194Z
GCTS.W,"GCT Semiconductor Holding, Inc.",NYSE,nasdaq_trader,2026-09-18T10:45:30.194Z,2026-09-18T10:45:30.194Z
GCUMF,Gunnison Copper Corp.,OTC,excel_import,2026-09-18T09:57:12.863Z,2026-09-18T09:57:12.863Z
GCV,"Gabelli Convertible and Income Securities Fund, Inc. (The)",NYSE,nasdaq_trader,2026-09-18T10:45:30.194Z,2026-09-18T10:45:30.194Z
GD,General Dynamics Corporation,NYSE,nasdaq_trader,2026-09-18T10:45:30.194Z,2026-09-18T10:45:30.194Z
GDC,GD Culture Group Limited,NASDAQ,nasdaq_trader,2026-09-18T10:45:30.194Z,2026-09-18T10:45:30.194Z
GDDY,GoDaddy Inc.,NYSE,nasdaq_trader,2026-09-18T10:45:30.194Z,2026-09-18T10:45:30.194Z
GDEV,GDEV Inc.,NASDAQ,excel_import,2026-09-18T09:57:12.863Z,2026-09-18T09:57:12.863Z
GDHG,Golden Heaven Group Holdings Ltd.,NASDAQ,nasdaq_trader,2026-09-18T10:45:30.194Z,2026-09-18T10:45:30.194Z
GDL,"GDL Fund, The",NYSE,nasdaq_trader,2026-09-18T10:45:30.194Z,2026-09-18T10:45:30.194Z
GDO,Western Asset Global Corporate Defined Opportunity Fund Inc.,NYSE,nasdaq_trader,2026-09-18T10:45:30.194Z,2026-09-22T07:18:59.323Z
GDOT,Green Dot Corporation,NYSE,nasdaq_trader,2026-09-18T10:45:30.194Z,2026-09-22T07:18:59.324Z
GDRX,"GoodRx Holdings, Inc.",NASDAQ,nasdaq_trader,2026-09-18T10:45:30.194Z,2026-09-18T10:45:30.194Z
GDS,GDS Holdings Limited,NASDAQ,nasdaq_trader,2026-09-18T10:45:30.194Z,2026-09-18T10:45:30.194Z
GDTC,CytoMed Therapeutics Limited,NASDAQ,nasdaq_trader,2026-09-18T10:45:30.194Z,2026-09-18T10:45:30.194Z
GDV,Gabelli Dividend & Income Trust,NYSE,nasdaq_trader,2026-09-18T10:45:30.194Z,2026-09-18T10:45:30.194Z
GDYN,"Grid Dynamics Holdings, Inc.",NASDAQ,nasdaq_trader,2026-09-18T10:45:30.194Z,2026-09-18T10:45:30.194Z
GE,GE Aerospace,NYSE,nasdaq_trader,2026-09-18T10:45:30.194Z,2026-09-18T10:45:30.194Z
GECC,Great Elm Capital Corp.,NASDAQ,nasdaq_trader,2026-09-18T10:45:30.194Z,2026-09-18T10:45:30.194Z
GECCG,Great Elm Capital Corp. 7.75% Notes Due 2030,NASDAQ,nasdaq_trader,2026-09-18T10:45:30.194Z,2026-09-22T07:18:58.979Z
GECCH,Great Elm Capital Corp.,NASDAQ,nasdaq_trader,2026-09-18T10:45:30.194Z,2026-09-18T10:45:30.194Z
GECCI,Great Elm Capital Corp. 8.50% NOTES DUE 2029,NASDAQ,nasdaq_trader,2026-09-18T10:45:30.194Z,2026-09-22T07:18:58.980Z
GECSF,Global Education Communities Corp.,OTC,excel_import,2026-09-18T09:57:12.863Z,2026-09-18T09:57:12.863Z
GEF,Greif Inc.,NYSE,nasdaq_trader,2026-09-18T10:45:30.194Z,2026-09-18T10:45:30.194Z
GEF.B,"Greif, Inc. Corporation",NYSE,nasdaq_trader,2026-09-18T10:45:30.194Z,2026-09-18T10:45:30.194Z
GEG,"Great Elm Group, Inc.",NASDAQ,nasdaq_trader,2026-09-18T10:45:30.194Z,2026-09-18T10:45:30.194Z
GEGGL,"Great Elm Group, Inc.  7.25% Notes due 2027",NASDAQ,nasdaq_trader,2026-09-18T10:45:30.194Z,2026-09-22T07:18:58.982Z
GEHC,GE HealthCare Technologies Inc.,NASDAQ,nasdaq_trader,2026-09-18T10:45:30.194Z,2026-09-18T10:45:30.194Z
GEL,"Genesis Energy, L.P. Common",NYSE,nasdaq_trader,2026-09-18T10:45:30.194Z,2026-09-18T10:45:30.194Z
GELS,Gelteq Limited,NASDAQ,nasdaq_trader,2026-09-18T10:45:30.194Z,2026-09-18T10:45:30.194Z
GEMI,"Gemini Space Station, Inc.",NASDAQ,nasdaq_trader,2026-09-18T10:45:30.194Z,2026-09-18T10:45:30.194Z
GEN,Gen Digital Inc.,NASDAQ,nasdaq_trader,2026-09-18T10:45:30.194Z,2026-09-18T10:45:30.194Z
GENB,"Generate Biomedicines, Inc.",NASDAQ,nasdaq_trader,2026-09-18T10:45:30.194Z,2026-09-18T10:45:30.194Z
GENC,"Gencor Industries, Inc.",AMEX,nasdaq_trader,2026-09-18T10:45:30.194Z,2026-09-18T10:45:30.194Z
GENI,Genius Sports Limited,NYSE,nasdaq_trader,2026-09-18T10:45:30.194Z,2026-09-18T10:45:30.194Z
GENK,"GEN Restaurant Group, Inc.",NASDAQ,nasdaq_trader,2026-09-18T10:45:30.194Z,2026-09-18T10:45:30.194Z
GENNQ,"Genesis Healthcare, Inc.",OTC,excel_import,2026-09-18T09:57:12.863Z,2026-09-18T09:57:12.863Z
GENVR,Gen Digital Inc.,NASDAQ,nasdaq_trader,2026-09-18T10:45:30.194Z,2026-09-18T10:45:30.194Z
GEO,"The GEO Group, Inc.",NYSE,nasdaq_trader,2026-09-18T10:45:30.194Z,2026-09-22T07:18:59.326Z
GEOS,Geospace Technologies Corporation,NASDAQ,nasdaq_trader,2026-09-18T10:45:30.194Z,2026-09-18T10:45:30.194Z
GERN,Geron Corporation,NASDAQ,nasdaq_trader,2026-09-18T10:45:30.194Z,2026-09-18T10:45:30.194Z
GETY,"Getty Images Holdings, Inc.",NYSE,nasdaq_trader,2026-09-18T10:45:30.194Z,2026-09-18T10:45:30.194Z
GEV,GE Vernova Inc.,NYSE,nasdaq_trader,2026-09-18T10:45:30.194Z,2026-09-18T10:45:30.194Z
GEVO,"Gevo, Inc.",NASDAQ,nasdaq_trader,2026-09-18T10:45:30.194Z,2026-09-18T10:45:30.194Z
GF,"New Germany Fund, Inc. (The)",NYSE,nasdaq_trader,2026-09-18T10:45:30.194Z,2026-09-18T10:45:30.194Z
GFAI,"Guardforce AI Co., Limited",NASDAQ,nasdaq_trader,2026-09-18T10:45:30.194Z,2026-09-18T10:45:30.194Z
GFAIW,"Guardforce AI Co., Limited",NASDAQ,nasdaq_trader,2026-09-18T10:45:30.194Z,2026-09-18T10:45:30.194Z
GFF,Griffon Corporation,NYSE,nasdaq_trader,2026-09-18T10:45:30.194Z,2026-09-18T10:45:30.194Z
GFI,Gold Fields Limited,NYSE,nasdaq_trader,2026-09-18T10:45:30.194Z,2026-09-18T10:45:30.194Z
GFL,GFL Environmental Inc.,NYSE,nasdaq_trader,2026-09-18T10:45:30.194Z,2026-09-22T07:18:59.327Z
GFR,Greenfire Resources Ltd. Common Shares,NYSE,nasdaq_trader,2026-09-18T10:45:30.194Z,2026-09-18T10:45:30.194Z
GFS,GlobalFoundries Inc.,NASDAQ,nasdaq_trader,2026-09-18T10:45:30.194Z,2026-09-18T10:45:30.194Z
GFUZ,General Fusion Group Ltd.,NASDAQ,nasdaq_trader,2026-09-18T10:45:30.194Z,2026-09-18T10:45:30.194Z
GFUZW,General Fusion Group Ltd.,NASDAQ,nasdaq_trader,2026-09-18T10:45:30.194Z,2026-09-18T10:45:30.194Z
GGAL,Grupo Financiero Galicia S.A.,NASDAQ,nasdaq_trader,2026-09-18T10:45:30.194Z,2026-09-18T10:45:30.194Z
GGB,Gerdau S.A.,NYSE,nasdaq_trader,2026-09-18T10:45:30.194Z,2026-09-18T10:45:30.194Z
GGG,Graco Inc.,NYSE,nasdaq_trader,2026-09-18T10:45:30.194Z,2026-09-18T10:45:30.194Z
GGN,"GAMCO Global Gold, Natural Resources & Income Trust",AMEX,nasdaq_trader,2026-09-18T10:45:30.194Z,2026-09-18T10:45:30.194Z
GGR,Gogoro Inc.,NASDAQ,nasdaq_trader,2026-09-18T10:45:30.194Z,2026-09-18T10:45:30.194Z
GGROW,Gogoro Inc.,NASDAQ,nasdaq_trader,2026-09-18T10:45:30.194Z,2026-09-18T10:45:30.194Z
GGT,"Gabelli Multi-Media Trust, Inc. (The)",NYSE,nasdaq_trader,2026-09-18T10:45:30.194Z,2026-09-18T10:45:30.194Z
GGZ,Gabelli Global Small and Mid Cap Value Trust (The),NYSE,nasdaq_trader,2026-09-18T10:45:30.194Z,2026-09-18T10:45:30.194Z
GH,"Guardant Health, Inc.",NASDAQ,nasdaq_trader,2026-09-18T10:45:30.194Z,2026-09-18T10:45:30.194Z
GHC,Graham Holdings Company,NYSE,nasdaq_trader,2026-09-18T10:45:30.194Z,2026-09-18T10:45:30.194Z
GHG,GreenTree Hospitality Group Ltd.,NYSE,nasdaq_trader,2026-09-18T10:45:30.194Z,2026-09-18T10:45:30.194Z
GHI,Greystone Housing Impact Investors LP,NYSE,nasdaq_trader,2026-09-18T10:45:30.194Z,2026-09-22T07:18:59.329Z
GHM,Graham Corporation,NYSE,nasdaq_trader,2026-09-18T10:45:30.194Z,2026-09-18T10:45:30.194Z
GHRS,GH Research PLC,NASDAQ,nasdaq_trader,2026-09-18T10:45:30.194Z,2026-09-18T10:45:30.194Z
GHXI,"Gores Holdings XI, Inc.",NASDAQ,nasdaq_trader,2026-09-18T10:45:30.194Z,2026-09-18T10:45:30.194Z
GHXIU,"Gores Holdings XI, Inc.",NASDAQ,nasdaq_trader,2026-09-18T10:45:30.194Z,2026-09-18T10:45:30.194Z
GHXIW,"Gores Holdings XI, Inc.",NASDAQ,nasdaq_trader,2026-09-18T10:45:30.194Z,2026-09-18T10:45:30.194Z
GHY,"PGIM Global High Yield Fund, Inc.",NYSE,nasdaq_trader,2026-09-18T10:45:30.194Z,2026-09-18T10:45:30.194Z
GIB,CGI Inc.,NYSE,nasdaq_trader,2026-09-18T10:45:30.194Z,2026-09-18T10:45:30.194Z
GIBO,GIBO Holdings Limited,NASDAQ,nasdaq_trader,2026-09-18T10:45:30.194Z,2026-09-18T10:45:30.194Z
GIBOW,GIBO Holdings Limited,NASDAQ,nasdaq_trader,2026-09-18T10:45:30.194Z,2026-09-18T10:45:30.194Z
GIC,Global Industrial Company,NYSE,nasdaq_trader,2026-09-18T10:45:30.194Z,2026-09-18T10:45:30.194Z
GIFT,"Giftify, Inc.",NASDAQ,nasdaq_trader,2026-09-18T10:45:30.194Z,2026-09-18T10:45:30.194Z
GIGM,GigaMedia Limited,NASDAQ,nasdaq_trader,2026-09-18T10:45:30.194Z,2026-09-18T10:45:30.194Z
GIII,"G-III Apparel Group, LTD.",NASDAQ,nasdaq_trader,2026-09-18T10:45:30.194Z,2026-09-18T10:45:30.194Z
GIL,Gildan Activewear Inc.,NYSE,nasdaq_trader,2026-09-18T10:45:30.194Z,2026-09-22T07:18:59.330Z
GILD,"Gilead Sciences, Inc.",NASDAQ,nasdaq_trader,2026-09-18T10:45:30.194Z,2026-09-18T10:45:30.194Z
GILT,Gilat Satellite Networks Ltd.,NASDAQ,nasdaq_trader,2026-09-18T10:45:30.194Z,2026-09-18T10:45:30.194Z
GIPR,Generation Income Properties Inc.,NASDAQ,nasdaq_trader,2026-09-18T10:45:30.194Z,2026-09-18T10:45:30.194Z
GIS,"General Mills, Inc.",NYSE,nasdaq_trader,2026-09-18T10:45:30.194Z,2026-09-18T10:45:30.194Z
GITS,"Global Interactive Technologies, Inc.",NASDAQ,nasdaq_trader,2026-09-18T10:45:30.194Z,2026-09-18T10:45:30.194Z
GIW,GigCapital8 Corp.,NASDAQ,nasdaq_trader,2026-09-18T10:45:30.194Z,2026-09-18T10:45:30.194Z
GIWWR,GigCapital8 Corp.,NASDAQ,nasdaq_trader,2026-09-18T10:45:30.194Z,2026-09-18T10:45:30.194Z
GIWWU,GigCapital8 Corp.,NASDAQ,nasdaq_trader,2026-09-18T10:45:30.194Z,2026-09-18T10:45:30.194Z
GIX,GigCapital9 Corp.,NASDAQ,nasdaq_trader,2026-09-18T10:45:30.194Z,2026-09-18T10:45:30.194Z
GIXI,Gix Internet Ltd.,NASDAQ,nasdaq_trader,2026-09-18T10:45:30.194Z,2026-09-18T10:45:30.194Z
GIXXR,GigCapital9 Corp.,NASDAQ,nasdaq_trader,2026-09-18T10:45:30.194Z,2026-09-18T10:45:30.194Z
GIXXU,GigCapital9 Corp.,NASDAQ,nasdaq_trader,2026-09-18T10:45:30.194Z,2026-09-18T10:45:30.194Z
GJH,"STRATS Trust for United States Cellular Corp. Securities, Series 2004-6 STRATS 6.375",NYSE,nasdaq_trader,2026-09-18T10:45:30.194Z,2026-09-22T07:18:59.332Z
GJO,Strats Trust Wal Mart Stores Inc. STRT CTF 05-4,NYSE,nasdaq_trader,2026-09-18T10:45:30.194Z,2026-09-22T07:18:59.334Z
GJP,"STRATS Trust For Dominion Resources Inc. Securities, Series 2005-6",NYSE,nasdaq_trader,2026-09-18T10:45:30.194Z,2026-09-22T07:18:59.335Z
GJR,Strats Trust For Procter &amp; Gambel Security CTF 2006-1,NYSE,nasdaq_trader,2026-09-18T10:45:30.194Z,2026-09-22T07:18:59.337Z
GJS,"STRATS Trust for Goldman Sachs Group Securities, Series 2006-2",NYSE,nasdaq_trader,2026-09-18T10:45:30.194Z,2026-09-22T07:18:59.338Z
GJT,"Strats(SM) Trust For Allstate Corp Securities, Series 2006-3 06-3 ASSET BKD",NYSE,nasdaq_trader,2026-09-18T10:45:30.194Z,2026-09-22T07:18:59.340Z
GKOS,Glaukos Corporation,NYSE,nasdaq_trader,2026-09-18T10:45:30.194Z,2026-09-18T10:45:30.194Z
GL,Globe Life Inc.,NYSE,nasdaq_trader,2026-09-18T10:45:30.194Z,2026-09-18T10:45:30.194Z
GLAD,Gladstone Capital Corporation,NASDAQ,nasdaq_trader,2026-09-18T10:45:30.194Z,2026-09-18T10:45:30.194Z
GLAS,Glass House Brands Inc.,NYSE,nasdaq_trader,2026-09-18T10:45:30.194Z,2026-09-22T07:18:59.342Z
GLBE,Global-E Online Ltd.,NASDAQ,nasdaq_trader,2026-09-18T10:45:30.194Z,2026-09-18T10:45:30.194Z
GLBS,Globus Maritime Limited,NASDAQ,nasdaq_trader,2026-09-18T10:45:30.194Z,2026-09-18T10:45:30.194Z
GLDG,GoldMining Inc. Common Shares,AMEX,nasdaq_trader,2026-09-18T10:45:30.194Z,2026-09-18T10:45:30.194Z
GLE,Global Engine Group Holding Limited,NASDAQ,nasdaq_trader,2026-09-18T10:45:30.194Z,2026-09-18T10:45:30.194Z
GLED,GalaxyEdge Acquisition Corporation,NYSE,nasdaq_trader,2026-09-18T10:45:30.194Z,2026-09-18T10:45:30.194Z
GLED.R,GalaxyEdge Acquisition Corporation,NYSE,nasdaq_trader,2026-09-18T10:45:30.194Z,2026-09-18T10:45:30.194Z
GLED.U,GalaxyEdge Acquisition Corporation,NYSE,nasdaq_trader,2026-09-18T10:45:30.194Z,2026-09-18T10:45:30.194Z
GLFE,Golf Entertainment Group Inc.,OTC,excel_import,2026-09-18T09:57:12.863Z,2026-09-18T09:57:12.863Z
GLGLF,GLG Life Tech Corporation,OTC,excel_import,2026-09-18T09:57:12.863Z,2026-09-18T09:57:12.863Z
GLIBA,Liberty Capital Corporation,NASDAQ,nasdaq_trader,2026-09-18T10:45:30.194Z,2026-09-18T10:45:30.194Z
GLIBK,Liberty Capital Corporation,NASDAQ,nasdaq_trader,2026-09-18T10:45:30.194Z,2026-09-18T10:45:30.194Z
GLKFF,Cleantek Industries Inc.,OTC,excel_import,2026-09-18T09:57:12.863Z,2026-09-18T09:57:12.863Z
GLMFF,Glacier Media Inc.,OTC,excel_import,2026-09-18T09:57:12.863Z,2026-09-18T09:57:12.863Z
GLND,Greenland Energy Company,NASDAQ,nasdaq_trader,2026-09-18T10:45:30.194Z,2026-09-18T10:45:30.194Z
GLNDW,Greenland Energy Company,NASDAQ,nasdaq_trader,2026-09-18T10:45:30.194Z,2026-09-18T10:45:30.194Z
GLNG,Golar LNG Limited,NASDAQ,nasdaq_trader,2026-09-18T10:45:30.194Z,2026-09-18T10:45:30.194Z
GLO,Clough Global Opportunities Fund,AMEX,nasdaq_trader,2026-09-18T10:45:30.194Z,2026-09-18T10:45:30.194Z
GLOB,Globant S.A. Common Shares,NYSE,nasdaq_trader,2026-09-18T10:45:30.194Z,2026-09-18T10:45:30.194Z
GLOO,"Gloo Holdings, Inc.",NASDAQ,nasdaq_trader,2026-09-18T10:45:30.194Z,2026-09-18T10:45:30.194Z
GLP,Global Partners LP Common,NYSE,nasdaq_trader,2026-09-18T10:45:30.194Z,2026-09-18T10:45:30.194Z
GLPI,"Gaming and Leisure Properties, Inc.",NASDAQ,nasdaq_trader,2026-09-18T10:45:30.194Z,2026-09-18T10:45:30.194Z
GLQ,Clough Global Equity Fund,AMEX,nasdaq_trader,2026-09-18T10:45:30.194Z,2026-09-22T07:18:59.343Z
GLRE,"Greenlight Capital Re, Ltd.",NASDAQ,nasdaq_trader,2026-09-18T10:45:30.194Z,2026-09-22T07:18:58.984Z
GLSI,"Greenwich LifeSciences, Inc.",NASDAQ,nasdaq_trader,2026-09-18T10:45:30.194Z,2026-09-18T10:45:30.194Z
GLTKD,GlobalTech Corporation,OTC,excel_import,2026-09-18T09:57:12.863Z,2026-09-18T09:57:12.863Z
GLU,The Gabelli Global Utility & Income Trust,AMEX,nasdaq_trader,2026-09-18T10:45:30.194Z,2026-09-22T07:18:59.345Z
GLUE,"Monte Rosa Therapeutics, Inc.",NASDAQ,nasdaq_trader,2026-09-18T10:45:30.194Z,2026-09-18T10:45:30.194Z
GLV,Clough Global Dividend and Income Fund,AMEX,nasdaq_trader,2026-09-18T10:45:30.194Z,2026-09-18T10:45:30.194Z
GLW,Corning Incorporated,NYSE,nasdaq_trader,2026-09-18T10:45:30.194Z,2026-09-18T10:45:30.194Z
GLXG,Galaxy Payroll Group Limited,NASDAQ,nasdaq_trader,2026-09-18T10:45:30.194Z,2026-09-18T10:45:30.194Z
GLXY,Galaxy Digital Inc.,NASDAQ,nasdaq_trader,2026-09-18T10:45:30.194Z,2026-09-18T10:45:30.194Z
GM,General Motors Company,NYSE,nasdaq_trader,2026-09-18T10:45:30.194Z,2026-09-18T10:45:30.194Z
GMAB,Genmab A/S,NASDAQ,nasdaq_trader,2026-09-18T10:45:30.194Z,2026-09-18T10:45:30.194Z
GME,GameStop Corporation,NYSE,nasdaq_trader,2026-09-18T10:45:30.194Z,2026-09-18T10:45:30.194Z
GME.W,GameStop Corporation,NYSE,nasdaq_trader,2026-09-18T10:45:30.194Z,2026-09-18T10:45:30.194Z
GMED,"Globus Medical, Inc.",NYSE,nasdaq_trader,2026-09-18T10:45:30.194Z,2026-09-18T10:45:30.194Z
GMEX,GMEX ROBOTICS CORPORATION,NASDAQ,nasdaq_trader,2026-09-18T10:45:30.194Z,2026-09-18T10:45:30.194Z
GMHLF,GAM Holding AG,OTC,excel_import,2026-09-18T09:57:12.863Z,2026-09-18T09:57:12.863Z
GMHS,Gamehaus Holdings Inc.,NASDAQ,nasdaq_trader,2026-09-18T10:45:30.194Z,2026-09-18T10:45:30.194Z
GMM,Global Mofy AI Limited,NASDAQ,nasdaq_trader,2026-09-18T10:45:30.194Z,2026-09-18T10:45:30.194Z
GMRS,GMR Solutions Inc.,NYSE,excel_import,2026-09-18T09:57:12.863Z,2026-09-18T09:57:12.863Z
GMTL,Guardian Metal Resources PLC,AMEX,nasdaq_trader,2026-09-18T10:45:30.194Z,2026-09-22T07:18:59.348Z
GNE,Genie Energy Ltd. Class B Common Stock Stock,NYSE,nasdaq_trader,2026-09-18T10:45:30.194Z,2026-09-18T10:45:30.194Z
GNK,Genco Shipping & Trading Limited,NYSE,nasdaq_trader,2026-09-18T10:45:30.194Z,2026-09-22T07:18:59.349Z
GNL,"Global Net Lease, Inc.",NYSE,nasdaq_trader,2026-09-18T10:45:30.194Z,2026-09-18T10:45:30.194Z
GNLN,"Greenlane Holdings, Inc.",NASDAQ,nasdaq_trader,2026-09-18T10:45:30.194Z,2026-09-18T10:45:30.194Z
GNLX,Genelux Corporation,NASDAQ,nasdaq_trader,2026-09-18T10:45:30.194Z,2026-09-18T10:45:30.194Z
GNMLF,"Genomma Lab Internacional, S.A.B. de C.V.",OTC,excel_import,2026-09-18T09:57:12.863Z,2026-09-18T09:57:12.863Z
GNNSF,Genscript Biotech Corporation,OTC,excel_import,2026-09-18T09:57:12.863Z,2026-09-18T09:57:12.863Z
GNPX,"Genprex, Inc.",NASDAQ,nasdaq_trader,2026-09-18T10:45:30.194Z,2026-09-18T10:45:30.194Z
GNRC,Generac Holdings Inc.,NYSE,nasdaq_trader,2026-09-18T10:45:30.194Z,2026-09-22T07:18:59.351Z
GNS,Genius Group Limited,AMEX,nasdaq_trader,2026-09-18T10:45:30.194Z,2026-09-18T10:45:30.194Z
GNSS,Genasys Inc.,NASDAQ,nasdaq_trader,2026-09-18T10:45:30.194Z,2026-09-18T10:45:30.194Z
GNT,"GAMCO Natural Resources, Gold & Income Trust",NYSE,nasdaq_trader,2026-09-18T10:45:30.194Z,2026-09-18T10:45:30.194Z
GNTA,Genenta Science S.p.A.,NASDAQ,nasdaq_trader,2026-09-18T10:45:30.194Z,2026-09-18T10:45:30.194Z
GNTX,Gentex Corporation,NASDAQ,nasdaq_trader,2026-09-18T10:45:30.194Z,2026-09-18T10:45:30.194Z
GNW,Genworth Financial Inc,NYSE,nasdaq_trader,2026-09-18T10:45:30.194Z,2026-09-18T10:45:30.194Z
GO,Grocery Outlet Holding Corp.,NASDAQ,nasdaq_trader,2026-09-18T10:45:30.194Z,2026-09-18T10:45:30.194Z
GOAI,Eva Live Inc.,NASDAQ,nasdaq_trader,2026-09-18T10:45:30.194Z,2026-09-18T10:45:30.194Z
GOF,Guggenheim Strategic Opportunities Fund,NYSE,nasdaq_trader,2026-09-18T10:45:30.194Z,2026-09-18T10:45:30.194Z
GOGO,Gogo Inc.,NASDAQ,nasdaq_trader,2026-09-18T10:45:30.194Z,2026-09-18T10:45:30.194Z
GOKFF,GINSMS Inc.,OTC,excel_import,2026-09-18T09:57:12.863Z,2026-09-18T09:57:12.863Z
GOLD,"Gold.com, Inc.",NYSE,nasdaq_trader,2026-09-18T10:45:30.194Z,2026-09-18T10:45:30.194Z
GOLF,Acushnet Holdings Corp.,NYSE,nasdaq_trader,2026-09-18T10:45:30.194Z,2026-09-18T10:45:30.194Z
GONYF,GO Residential Real Estate Investment Trust,OTC,excel_import,2026-09-18T09:57:12.863Z,2026-09-18T09:57:12.863Z
GOOD,Gladstone Commercial Corporation,NASDAQ,nasdaq_trader,2026-09-18T10:45:30.194Z,2026-09-18T10:45:30.194Z
GOODN,Gladstone Commercial Corporation,NASDAQ,nasdaq_trader,2026-09-18T10:45:30.194Z,2026-09-18T10:45:30.194Z
GOODO,Gladstone Commercial Corporation,NASDAQ,nasdaq_trader,2026-09-18T10:45:30.194Z,2026-09-18T10:45:30.194Z
GOOG,Alphabet Inc.,NASDAQ,nasdaq_trader,2026-09-18T10:45:30.194Z,2026-09-18T10:45:30.194Z
GOOGL,Alphabet Inc.,NASDAQ,nasdaq_trader,2026-09-18T10:45:30.194Z,2026-09-18T10:45:30.194Z
GOOGM,Alphabet Inc. Depositary Shares representing a 1/20th Interest in a Share of Series A Mandatory Convertible Preferred Stock,NASDAQ,nasdaq_trader,2026-09-18T10:45:30.194Z,2026-09-22T07:18:58.986Z
GOOGN,Alphabet Inc. Depositary Shares representing a 1/20th Interest in a Share of Series B Mandatory Convertible Preferred Stock,NASDAQ,nasdaq_trader,2026-09-18T10:45:30.194Z,2026-09-22T07:18:58.987Z
GOOS,Canada Goose Holdings Inc.,NYSE,nasdaq_trader,2026-09-18T10:45:30.194Z,2026-09-22T07:18:59.353Z
GORO,Goldgroup Mining Inc. Common Shares,AMEX,nasdaq_trader,2026-09-18T10:45:30.194Z,2026-09-18T10:45:30.194Z
GOSS,"Gossamer Bio, Inc.",NASDAQ,nasdaq_trader,2026-09-18T10:45:30.194Z,2026-09-18T10:45:30.194Z
GOTU,Gaotu Techedu Inc.,NYSE,nasdaq_trader,2026-09-18T10:45:30.194Z,2026-09-18T10:45:30.194Z
GOVX,"GeoVax Labs, Inc.",NASDAQ,nasdaq_trader,2026-09-18T10:45:30.194Z,2026-09-18T10:45:30.194Z
GP,GreenPower Motor Company Inc.,NASDAQ,nasdaq_trader,2026-09-18T10:45:30.194Z,2026-09-18T10:45:30.194Z
GPAC,General Purpose Acquisition Corp.,NASDAQ,nasdaq_trader,2026-09-18T10:45:30.194Z,2026-09-18T10:45:30.194Z
GPACU,General Purpose Acquisition Corp.,NASDAQ,nasdaq_trader,2026-09-18T10:45:30.194Z,2026-09-18T10:45:30.194Z
GPACW,General Purpose Acquisition Corp.,NASDAQ,nasdaq_trader,2026-09-18T10:45:30.194Z,2026-09-18T10:45:30.194Z
GPAT,GP-Act III Acquisition Corp.,NASDAQ,nasdaq_trader,2026-09-18T10:45:30.194Z,2026-09-18T10:45:30.194Z
GPATU,GP-Act III Acquisition Corp.,NASDAQ,nasdaq_trader,2026-09-18T10:45:30.194Z,2026-09-18T10:45:30.194Z
GPATW,GP-Act III Acquisition Corp.,NASDAQ,nasdaq_trader,2026-09-18T10:45:30.194Z,2026-09-18T10:45:30.194Z
GPC,Genuine Parts Company,NYSE,nasdaq_trader,2026-09-18T10:45:30.194Z,2026-09-18T10:45:30.194Z
GPCR,Structure Therapeutics Inc.,NASDAQ,nasdaq_trader,2026-09-18T10:45:30.194Z,2026-09-18T10:45:30.194Z
GPGI,"GPGI, Inc.",NYSE,nasdaq_trader,2026-09-18T10:45:30.194Z,2026-09-18T10:45:30.194Z
GPI,"Group 1 Automotive, Inc.",NYSE,nasdaq_trader,2026-09-18T10:45:30.194Z,2026-09-18T10:45:30.194Z
GPIPF,WesCan Energy Corp.,OTC,excel_import,2026-09-18T09:57:12.863Z,2026-09-18T09:57:12.863Z
GPJA,Georgia Power Company 5% JR SUB NT 77,NYSE,nasdaq_trader,2026-09-18T10:45:30.194Z,2026-09-22T07:18:59.355Z
GPK,Graphic Packaging Holding Company,NYSE,nasdaq_trader,2026-09-18T10:45:30.194Z,2026-09-18T10:45:30.194Z
GPMT,Granite Point Mortgage Trust Inc.,NYSE,nasdaq_trader,2026-09-18T10:45:30.194Z,2026-09-18T10:45:30.194Z
GPN,Global Payments Inc.,NYSE,nasdaq_trader,2026-09-18T10:45:30.194Z,2026-09-18T10:45:30.194Z
GPOR,Gulfport Energy Corporation Common Shares,NYSE,nasdaq_trader,2026-09-18T10:45:30.194Z,2026-09-18T10:45:30.194Z
GPRE,"Green Plains, Inc.",NASDAQ,nasdaq_trader,2026-09-18T10:45:30.194Z,2026-09-18T10:45:30.194Z
GPRK,Geopark Ltd Common Shares,NYSE,nasdaq_trader,2026-09-18T10:45:30.194Z,2026-09-18T10:45:30.194Z
GPRO,"GoPro, Inc.",NASDAQ,nasdaq_trader,2026-09-18T10:45:30.194Z,2026-09-18T10:45:30.194Z
GPUS,"Hyperscale Data, Inc.",AMEX,nasdaq_trader,2026-09-18T10:45:30.194Z,2026-09-18T10:45:30.194Z
GPUSF,Alset AI Ventures Inc.,OTC,excel_import,2026-09-18T09:57:12.863Z,2026-09-18T09:57:12.863Z
GRAB,Grab Holdings Limited,NASDAQ,nasdaq_trader,2026-09-18T10:45:30.194Z,2026-09-18T10:45:30.194Z
GRABW,Grab Holdings Limited,NASDAQ,nasdaq_trader,2026-09-18T10:45:30.194Z,2026-09-18T10:45:30.194Z
GRAL,"GRAIL, Inc.",NASDAQ,nasdaq_trader,2026-09-18T10:45:30.194Z,2026-09-18T10:45:30.194Z
GRAN,Grande Group Limited,NASDAQ,excel_import,2026-09-18T09:57:12.863Z,2026-09-18T09:57:12.863Z
GRBK,"Green Brick Partners, Inc.",NYSE,nasdaq_trader,2026-09-18T10:45:30.194Z,2026-09-18T10:45:30.194Z
GRC,Gorman-Rupp Company (The),NYSE,nasdaq_trader,2026-09-18T10:45:30.194Z,2026-09-18T10:45:30.194Z
GRCE,"Grace Therapeutics, Inc.",NASDAQ,nasdaq_trader,2026-09-18T10:45:30.194Z,2026-09-18T10:45:30.194Z
GRDN,"Guardian Pharmacy Services, Inc.",NYSE,nasdaq_trader,2026-09-18T10:45:30.194Z,2026-09-18T10:45:30.194Z
GRDX,GridAI Technologies Corp.,NASDAQ,nasdaq_trader,2026-09-18T10:45:30.194Z,2026-09-18T10:45:30.194Z
GREEL,Greenidge Generation Holdings Inc. 8.50% Senior Notes due 2026,NASDAQ,nasdaq_trader,2026-09-18T10:45:30.194Z,2026-09-22T07:18:58.989Z
GRF,"Eagle Capital Growth Fund, Inc.",AMEX,nasdaq_trader,2026-09-18T10:45:30.194Z,2026-09-18T10:45:30.194Z
GRFS,"Grifols, S.A.",NASDAQ,nasdaq_trader,2026-09-18T10:45:30.194Z,2026-09-18T10:45:30.194Z
GRGDF,GROUPE DYNAMITE INC.,OTC,excel_import,2026-09-18T09:57:12.863Z,2026-09-18T09:57:12.863Z
GRI,"GRI Bio, Inc.",NASDAQ,nasdaq_trader,2026-09-18T10:45:30.194Z,2026-09-18T10:45:30.194Z
GRML,Greenland Mines Ltd,NASDAQ,nasdaq_trader,2026-09-18T10:45:30.194Z,2026-09-18T10:45:30.194Z
GRMLW,Greenland Mines Ltd,NASDAQ,nasdaq_trader,2026-09-18T10:45:30.194Z,2026-09-18T10:45:30.194Z
GRMN,Garmin Ltd.,NYSE,nasdaq_trader,2026-09-18T10:45:30.194Z,2026-09-22T07:18:59.356Z
GRND,Grindr Inc.,NYSE,nasdaq_trader,2026-09-18T10:45:30.194Z,2026-09-18T10:45:30.194Z
GRNQ,Greenpro Capital Corp.,NASDAQ,nasdaq_trader,2026-09-18T10:45:30.194Z,2026-09-18T10:45:30.194Z
GRNT,"Granite Ridge Resources, Inc.",NYSE,nasdaq_trader,2026-09-18T10:45:30.194Z,2026-09-18T10:45:30.194Z
GRO,Brazil Potash Corp. Common Shares,AMEX,nasdaq_trader,2026-09-18T10:45:30.194Z,2026-09-18T10:45:30.194Z
GROV,"Grove Collaborative Holdings, Inc.",NYSE,nasdaq_trader,2026-09-18T10:45:30.194Z,2026-09-18T10:45:30.194Z
GROW,"U.S. Global Investors, Inc.",NASDAQ,nasdaq_trader,2026-09-18T10:45:30.194Z,2026-09-18T10:45:30.194Z
GROY,Gold Royalty Corp. Common Shares,AMEX,nasdaq_trader,2026-09-18T10:45:30.194Z,2026-09-18T10:45:30.194Z
GROY.W,Gold Royalty Corp.,AMEX,nasdaq_trader,2026-09-18T10:45:30.194Z,2026-09-18T10:45:30.194Z
GRPN,"Groupon, Inc.",NASDAQ,nasdaq_trader,2026-09-18T10:45:30.194Z,2026-09-18T10:45:30.194Z
GRPRF,Grupo Rotoplas S.A.B. de C.V.,OTC,excel_import,2026-09-18T09:57:12.863Z,2026-09-18T09:57:12.863Z
GRRR,Gorilla Technology Group Inc.,NASDAQ,nasdaq_trader,2026-09-18T10:45:30.194Z,2026-09-18T10:45:30.194Z
GRRRW,Gorilla Technology Group Inc.,NASDAQ,nasdaq_trader,2026-09-18T10:45:30.194Z,2026-09-18T10:45:30.194Z
GRSD,Grandstand Limited,NASDAQ,excel_import,2026-09-18T09:57:12.863Z,2026-09-18T09:57:12.863Z
GRTUF,Granite Real Estate Investment Trust,OTC,excel_import,2026-09-18T09:57:12.863Z,2026-09-18T09:57:12.863Z
GRVY,"GRAVITY Co., Ltd.",NASDAQ,nasdaq_trader,2026-09-18T10:45:30.194Z,2026-09-18T10:45:30.194Z
GRWG,GrowGeneration Corp.,NASDAQ,nasdaq_trader,2026-09-18T10:45:30.194Z,2026-09-18T10:45:30.194Z
GRWLF,Great-West Lifeco Inc,OTC,excel_import,2026-09-18T09:57:12.863Z,2026-09-18T09:57:12.863Z
GRWTF,Great-West Lifeco Inc.,OTC,excel_import,2026-09-18T09:57:12.863Z,2026-09-18T09:57:12.863Z
GRX,The Gabelli Healthcare & Wellness Trust,NYSE,nasdaq_trader,2026-09-18T10:45:30.194Z,2026-09-18T10:45:30.194Z
GS,"Goldman Sachs Group, Inc. (The)",NYSE,nasdaq_trader,2026-09-18T10:45:30.194Z,2026-09-18T10:45:30.194Z
GSAT,"Globalstar, Inc.",NASDAQ,nasdaq_trader,2026-09-18T10:45:30.194Z,2026-09-18T10:45:30.194Z
GSBC,"Great Southern Bancorp, Inc.",NASDAQ,nasdaq_trader,2026-09-18T10:45:30.194Z,2026-09-18T10:45:30.194Z
GSBD,"Goldman Sachs BDC, Inc.",NYSE,nasdaq_trader,2026-09-18T10:45:30.194Z,2026-09-18T10:45:30.194Z
GSHD,"Goosehead Insurance, Inc.",NASDAQ,nasdaq_trader,2026-09-18T10:45:30.194Z,2026-09-18T10:45:30.194Z
GSHR,Gesher Acquisition Corp. II,NASDAQ,nasdaq_trader,2026-09-18T10:45:30.194Z,2026-09-18T10:45:30.194Z
GSHRU,Gesher Acquisition Corp. II,NASDAQ,nasdaq_trader,2026-09-18T10:45:30.194Z,2026-09-18T10:45:30.194Z
GSHRW,Gesher Acquisition Corp. II,NASDAQ,nasdaq_trader,2026-09-18T10:45:30.194Z,2026-09-18T10:45:30.194Z
GSIT,"GSI Technology, Inc.",NASDAQ,nasdaq_trader,2026-09-18T10:45:30.194Z,2026-09-18T10:45:30.194Z
GSIW,Garden Stage Limited,NASDAQ,nasdaq_trader,2026-09-18T10:45:30.194Z,2026-09-18T10:45:30.194Z
GSK,GSK plc,NYSE,nasdaq_trader,2026-09-18T10:45:30.194Z,2026-09-18T10:45:30.194Z
GSKRF,Goldsky Resources Corp.,OTC,excel_import,2026-09-18T09:57:12.863Z,2026-09-18T09:57:12.863Z
GSL,"Global Ship Lease, Inc.",NYSE,nasdaq_trader,2026-09-18T10:45:30.194Z,2026-09-22T07:18:59.358Z
GSM,Ferroglobe PLC,NASDAQ,nasdaq_trader,2026-09-18T10:45:30.194Z,2026-09-18T10:45:30.194Z
GSRF,GSR IV Acquisition Corp.,NASDAQ,nasdaq_trader,2026-09-18T10:45:30.194Z,2026-09-18T10:45:30.194Z
GSRFR,GSR IV Acquisition Corp.,NASDAQ,nasdaq_trader,2026-09-18T10:45:30.194Z,2026-09-18T10:45:30.194Z
GSRFU,GSR IV Acquisition Corp.,NASDAQ,nasdaq_trader,2026-09-18T10:45:30.194Z,2026-09-18T10:45:30.194Z
GSRV,GSR V Acquisition Corp.,NASDAQ,nasdaq_trader,2026-09-18T10:45:30.194Z,2026-09-18T10:45:30.194Z
GSRVR,GSR V Acquisition Corp.,NASDAQ,nasdaq_trader,2026-09-18T10:45:30.194Z,2026-09-18T10:45:30.194Z
GSRVU,GSR V Acquisition Corp.,NASDAQ,nasdaq_trader,2026-09-18T10:45:30.194Z,2026-09-18T10:45:30.194Z
GSUN,Golden Sun Technology Group Limited,NASDAQ,nasdaq_trader,2026-09-18T10:45:30.194Z,2026-09-18T10:45:30.194Z
GT,The Goodyear Tire & Rubber Company,NASDAQ,nasdaq_trader,2026-09-18T10:45:30.194Z,2026-09-18T10:45:30.194Z
GTBP,"GT Biopharma, Inc.",NASDAQ,nasdaq_trader,2026-09-18T10:45:30.194Z,2026-09-18T10:45:30.194Z
GTE,Gran Tierra Energy Inc.,AMEX,nasdaq_trader,2026-09-18T10:45:30.194Z,2026-09-18T10:45:30.194Z
GTEC,Greenland Technologies Holding Corporation,NASDAQ,nasdaq_trader,2026-09-18T10:45:30.194Z,2026-09-18T10:45:30.194Z
GTEN,"Gores Holdings X, Inc.",NASDAQ,nasdaq_trader,2026-09-18T10:45:30.194Z,2026-09-18T10:45:30.194Z
GTENU,"Gores Holdings X, Inc.",NASDAQ,nasdaq_trader,2026-09-18T10:45:30.194Z,2026-09-18T10:45:30.194Z
GTENW,"Gores Holdings X, Inc.",NASDAQ,nasdaq_trader,2026-09-18T10:45:30.194Z,2026-09-18T10:45:30.194Z
GTERA,Globa Terra Acquisition Corporation,NASDAQ,nasdaq_trader,2026-09-18T10:45:30.194Z,2026-09-18T10:45:30.194Z
GTERR,Globa Terra Acquisition Corporation,NASDAQ,nasdaq_trader,2026-09-18T10:45:30.194Z,2026-09-18T10:45:30.194Z
GTERU,Globa Terra Acquisition Corporation,NASDAQ,nasdaq_trader,2026-09-18T10:45:30.194Z,2026-09-18T10:45:30.194Z
GTERW,Globa Terra Acquisition Corporation,NASDAQ,nasdaq_trader,2026-09-18T10:45:30.194Z,2026-09-18T10:45:30.194Z
GTES,Gates Industrial Corporation Ltd. Common Shares,NYSE,nasdaq_trader,2026-09-18T10:45:30.194Z,2026-09-18T10:45:30.194Z
GTIM,Good Times Restaurants Inc.,NASDAQ,nasdaq_trader,2026-09-18T10:45:30.194Z,2026-09-18T10:45:30.194Z
GTLB,GitLab Inc.,NASDAQ,nasdaq_trader,2026-09-18T10:45:30.194Z,2026-09-18T10:45:30.194Z
GTM,ZoomInfo Technologies Inc.,NASDAQ,excel_import,2026-09-18T09:57:12.863Z,2026-09-18T09:57:12.863Z
GTN,"Gray Media, Inc.",NYSE,nasdaq_trader,2026-09-18T10:45:30.194Z,2026-09-18T10:45:30.194Z
GTN.A,"Gray Media, Inc.",NYSE,nasdaq_trader,2026-09-18T10:45:30.194Z,2026-09-18T10:45:30.194Z
GTX,Garrett Motion Inc.,NASDAQ,nasdaq_trader,2026-09-18T10:45:30.194Z,2026-09-18T10:45:30.194Z
GTY,Getty Realty Corporation,NYSE,nasdaq_trader,2026-09-18T10:45:30.194Z,2026-09-18T10:45:30.194Z
GUAC,Berto Acquisition Corp. II,NASDAQ,nasdaq_trader,2026-09-18T10:45:30.194Z,2026-09-18T10:45:30.194Z
GUACU,Berto Acquisition Corp. II,NASDAQ,nasdaq_trader,2026-09-18T10:45:30.194Z,2026-09-18T10:45:30.194Z
GUACW,Berto Acquisition Corp. II,NASDAQ,nasdaq_trader,2026-09-18T10:45:30.194Z,2026-09-18T10:45:30.194Z
GUG,Guggenheim Active Allocation Fund,NYSE,nasdaq_trader,2026-09-18T10:45:30.194Z,2026-09-18T10:45:30.194Z
GURE,"Gulf Resources, Inc.",NASDAQ,nasdaq_trader,2026-09-18T10:45:30.194Z,2026-09-18T10:45:30.194Z
GUROF,GURU Organic Energy Corp.,OTC,excel_import,2026-09-18T09:57:12.863Z,2026-09-18T09:57:12.863Z
GUT,Gabelli Utility Trust (The),NYSE,nasdaq_trader,2026-09-18T10:45:30.194Z,2026-09-18T10:45:30.194Z
GUTS,"Fractyl Health, Inc.",NASDAQ,nasdaq_trader,2026-09-18T10:45:30.194Z,2026-09-18T10:45:30.194Z
GVA,Granite Construction Incorporated,NYSE,nasdaq_trader,2026-09-18T10:45:30.194Z,2026-09-18T10:45:30.194Z
GVH,Globavend Holdings Limited,NASDAQ,nasdaq_trader,2026-09-18T10:45:30.194Z,2026-09-18T10:45:30.194Z
GWAV,"Greenwave Technology Solutions, Inc.",NASDAQ,nasdaq_trader,2026-09-18T10:45:30.194Z,2026-09-18T10:45:30.194Z
GWAYF,Greenway Greenhouse Cannabis Corporation,OTC,excel_import,2026-09-18T09:57:12.863Z,2026-09-18T09:57:12.863Z
GWBK,"Gateway Bank, F.S.B.",OTC,excel_import,2026-09-18T09:57:12.863Z,2026-09-18T09:57:12.863Z
GWH,"ESS Tech, Inc.",NYSE,nasdaq_trader,2026-09-18T10:45:30.194Z,2026-09-18T10:45:30.194Z
GWRE,"Guidewire Software, Inc.",NYSE,nasdaq_trader,2026-09-18T10:45:30.194Z,2026-09-18T10:45:30.194Z
GWRS,"Global Water Resources, Inc.",NASDAQ,nasdaq_trader,2026-09-18T10:45:30.194Z,2026-09-18T10:45:30.194Z
GWW,"W.W. Grainger, Inc.",NYSE,nasdaq_trader,2026-09-18T10:45:30.194Z,2026-09-18T10:45:30.194Z
GXAI,Gaxos.ai Inc.,NASDAQ,nasdaq_trader,2026-09-18T10:45:30.194Z,2026-09-18T10:45:30.194Z
GXO,"GXO Logistics, Inc.",NYSE,nasdaq_trader,2026-09-18T10:45:30.194Z,2026-09-18T10:45:30.194Z
GYGY,"Game Your Game, Inc.",NASDAQ,nasdaq_trader,2026-09-18T10:45:30.194Z,2026-09-18T10:45:30.194Z
GYRE,"Gyre Therapeutics, Inc.",NASDAQ,nasdaq_trader,2026-09-18T10:45:30.194Z,2026-09-18T10:45:30.194Z
GYRO,"Gyrodyne , LLC",NASDAQ,nasdaq_trader,2026-09-18T10:45:30.194Z,2026-09-18T10:45:30.194Z
H,Hyatt Hotels Corporation,NYSE,nasdaq_trader,2026-09-18T10:45:30.194Z,2026-09-18T10:45:30.194Z
HACQ,HCM IV Acquisition Corp.,NASDAQ,nasdaq_trader,2026-09-18T10:45:30.194Z,2026-09-18T10:45:30.194Z
HACQU,HCM IV Acquisition Corp.,NASDAQ,nasdaq_trader,2026-09-18T10:45:30.194Z,2026-09-18T10:45:30.194Z
HACQW,HCM IV Acquisition Corp.,NASDAQ,nasdaq_trader,2026-09-18T10:45:30.194Z,2026-09-18T10:45:30.194Z
HAE,Haemonetics Corporation,NYSE,nasdaq_trader,2026-09-18T10:45:30.194Z,2026-09-18T10:45:30.194Z
HAFC,Hanmi Financial Corporation,NASDAQ,nasdaq_trader,2026-09-18T10:45:30.194Z,2026-09-18T10:45:30.194Z
HAFN,Hafnia Limited Common Shares,NYSE,nasdaq_trader,2026-09-18T10:45:30.194Z,2026-09-18T10:45:30.194Z
HAIN,"The Hain Celestial Group, Inc.",NASDAQ,nasdaq_trader,2026-09-18T10:45:30.194Z,2026-09-18T10:45:30.194Z
HAL,Halliburton Company,NYSE,nasdaq_trader,2026-09-18T10:45:30.194Z,2026-09-18T10:45:30.194Z
HALO,"Halozyme Therapeutics, Inc.",NASDAQ,nasdaq_trader,2026-09-18T10:45:30.194Z,2026-09-18T10:45:30.194Z
HAO,Haoxi Health Technology Limited,NASDAQ,nasdaq_trader,2026-09-18T10:45:30.194Z,2026-09-18T10:45:30.194Z
HAPN,"Happen, Inc.",NASDAQ,nasdaq_trader,2026-09-18T10:45:30.194Z,2026-09-18T10:45:30.194Z
HAS,"Hasbro, Inc.",NASDAQ,nasdaq_trader,2026-09-18T10:45:30.194Z,2026-09-18T10:45:30.194Z
HASI,"HA Sustainable Infrastructure Capital, Inc.",NYSE,nasdaq_trader,2026-09-18T10:45:30.194Z,2026-09-18T10:45:30.194Z
HAVA,Harvard Ave Acquisition Corporation,NASDAQ,nasdaq_trader,2026-09-18T10:45:30.194Z,2026-09-18T10:45:30.194Z
HAVAR,Harvard Ave Acquisition Corporation,NASDAQ,nasdaq_trader,2026-09-18T10:45:30.194Z,2026-09-18T10:45:30.194Z
HAVAU,Harvard Ave Acquisition Corporation,NASDAQ,nasdaq_trader,2026-09-18T10:45:30.194Z,2026-09-18T10:45:30.194Z
HAWK,"HawkEye 360, Inc.",NYSE,nasdaq_trader,2026-09-18T10:45:30.194Z,2026-09-18T10:45:30.194Z
HAYW,"Hayward Holdings, Inc.",NYSE,nasdaq_trader,2026-09-18T10:45:30.194Z,2026-09-18T10:45:30.194Z
HBAN,Huntington Bancshares Incorporated,NASDAQ,nasdaq_trader,2026-09-18T10:45:30.194Z,2026-09-18T10:45:30.194Z
HBANL,Huntington Bancshares Incorporated,NASDAQ,nasdaq_trader,2026-09-18T10:45:30.194Z,2026-09-18T10:45:30.194Z
HBANM,Huntington Bancshares Incorporated,NASDAQ,nasdaq_trader,2026-09-18T10:45:30.194Z,2026-09-18T10:45:30.194Z
HBANP,Huntington Bancshares Incorporated,NASDAQ,nasdaq_trader,2026-09-18T10:45:30.194Z,2026-09-18T10:45:30.194Z
HBANZ,Huntington Bancshares Incorporated,NASDAQ,nasdaq_trader,2026-09-18T10:45:30.194Z,2026-09-18T10:45:30.194Z
HBB,Hamilton Beach Brands Holding Company,NYSE,nasdaq_trader,2026-09-18T10:45:30.194Z,2026-09-18T10:45:30.194Z
HBCP,"Home Bancorp, Inc.",NASDAQ,nasdaq_trader,2026-09-18T10:45:30.194Z,2026-09-18T10:45:30.194Z
HBFGF,Happy Belly Food Group Inc.,OTC,excel_import,2026-09-18T09:57:12.863Z,2026-09-18T09:57:12.863Z
HBIO,"Harvard Bioscience, Inc.",NASDAQ,nasdaq_trader,2026-09-18T10:45:30.194Z,2026-09-18T10:45:30.194Z
HBM,Hudbay Minerals Inc.,NYSE,nasdaq_trader,2026-09-18T10:45:30.194Z,2026-09-22T07:18:59.360Z
HBNB,Hotel101 Global Holdings Corp.,NASDAQ,nasdaq_trader,2026-09-18T10:45:30.194Z,2026-09-18T10:45:30.194Z
HBNC,"Horizon Bancorp, Inc.",NASDAQ,nasdaq_trader,2026-09-18T10:45:30.194Z,2026-09-18T10:45:30.194Z
HBPCD,Helix BioPharma Corp.,OTC,excel_import,2026-09-18T09:57:12.863Z,2026-09-18T09:57:12.863Z
HBT,"HBT Financial, Inc.",NASDAQ,nasdaq_trader,2026-09-18T10:45:30.194Z,2026-09-18T10:45:30.194Z
HCA,"HCA Healthcare, Inc.",NYSE,nasdaq_trader,2026-09-18T10:45:30.194Z,2026-09-18T10:45:30.194Z
HCAC,Hall Chadwick Acquisition Corp.,NASDAQ,nasdaq_trader,2026-09-18T10:45:30.194Z,2026-09-18T10:45:30.194Z
HCACR,Hall Chadwick Acquisition Corp.,NASDAQ,nasdaq_trader,2026-09-18T10:45:30.194Z,2026-09-18T10:45:30.194Z
HCACU,Hall Chadwick Acquisition Corp.,NASDAQ,nasdaq_trader,2026-09-18T10:45:30.194Z,2026-09-18T10:45:30.194Z
HCAI,"Huachen AI Parking Management Technology Holding Co., Ltd.",NASDAQ,nasdaq_trader,2026-09-18T10:45:30.194Z,2026-09-18T10:45:30.194Z
HCAT,"Health Catalyst, Inc",NASDAQ,nasdaq_trader,2026-09-18T10:45:30.194Z,2026-09-18T10:45:30.194Z
HCC,"Warrior Met Coal, Inc.",NYSE,nasdaq_trader,2026-09-18T10:45:30.194Z,2026-09-18T10:45:30.194Z
HCHL,Happy City Holdings Limited,NASDAQ,nasdaq_trader,2026-09-18T10:45:30.194Z,2026-09-18T10:45:30.194Z
HCI,"HCI Group, Inc.",NYSE,nasdaq_trader,2026-09-18T10:45:30.194Z,2026-09-18T10:45:30.194Z
HCIC,Hennessy Capital Investment Corp. VIII,NASDAQ,nasdaq_trader,2026-09-18T10:45:30.194Z,2026-09-18T10:45:30.194Z
HCICR,Hennessy Capital Investment Corp. VIII,NASDAQ,nasdaq_trader,2026-09-18T10:45:30.194Z,2026-09-18T10:45:30.194Z
HCICU,Hennessy Capital Investment Corp. VIII,NASDAQ,nasdaq_trader,2026-09-18T10:45:30.194Z,2026-09-18T10:45:30.194Z
HCKT,"The Hackett Group, Inc.",NASDAQ,nasdaq_trader,2026-09-18T10:45:30.194Z,2026-09-18T10:45:30.194Z
HCM,HUTCHMED (China) Limited,NASDAQ,nasdaq_trader,2026-09-18T10:45:30.194Z,2026-09-18T10:45:30.194Z
HCMA,HCM III Acquisition Corp.,NASDAQ,nasdaq_trader,2026-09-18T10:45:30.194Z,2026-09-18T10:45:30.194Z
HCMAU,HCM III Acquisition Corp.,NASDAQ,nasdaq_trader,2026-09-18T10:45:30.194Z,2026-09-18T10:45:30.194Z
HCMAW,HCM III Acquisition Corp.,NASDAQ,nasdaq_trader,2026-09-18T10:45:30.194Z,2026-09-18T10:45:30.194Z
HCNWF,Hypercharge Networks Corp.,OTC,excel_import,2026-09-18T09:57:12.863Z,2026-09-18T09:57:12.863Z
HCSG,"Healthcare Services Group, Inc.",NASDAQ,nasdaq_trader,2026-09-18T10:45:30.194Z,2026-09-18T10:45:30.194Z
HCTI,"Healthcare Triangle, Inc.",NASDAQ,nasdaq_trader,2026-09-18T10:45:30.194Z,2026-09-18T10:45:30.194Z
HCWB,HCW Biologics Inc.,NASDAQ,nasdaq_trader,2026-09-18T10:45:30.194Z,2026-09-18T10:45:30.194Z
HCXY,"Hercules Capital, Inc.",NYSE,nasdaq_trader,2026-09-18T10:45:30.194Z,2026-09-18T10:45:30.194Z
HD,"Home Depot, Inc. (The)",NYSE,nasdaq_trader,2026-09-18T10:45:30.194Z,2026-09-18T10:45:30.194Z
HDB,HDFC Bank Limited,NYSE,nasdaq_trader,2026-09-18T10:45:30.194Z,2026-09-18T10:45:30.194Z
HDIUF,ADENTRA Inc.,OTC,excel_import,2026-09-18T09:57:12.863Z,2026-09-18T09:57:12.863Z
HDL,SUPER HI INTERNATIONAL HOLDING LTD.,NASDAQ,nasdaq_trader,2026-09-18T10:45:30.194Z,2026-09-18T10:45:30.194Z
HDRN,"Hadron Energy, Inc.",NASDAQ,nasdaq_trader,2026-09-18T10:45:30.194Z,2026-09-18T10:45:30.194Z
HDRNW,"Hadron Energy, Inc.",NASDAQ,nasdaq_trader,2026-09-18T10:45:30.194Z,2026-09-18T10:45:30.194Z
HDSN,"Hudson Technologies, Inc.",NASDAQ,nasdaq_trader,2026-09-18T10:45:30.194Z,2026-09-18T10:45:30.194Z
HE,"Hawaiian Electric Industries, Inc.",NYSE,nasdaq_trader,2026-09-18T10:45:30.194Z,2026-09-18T10:45:30.194Z
HEI,Heico Corporation,NYSE,nasdaq_trader,2026-09-18T10:45:30.194Z,2026-09-18T10:45:30.194Z
HEI.A,Heico Corporation,NYSE,nasdaq_trader,2026-09-18T10:45:30.194Z,2026-09-18T10:45:30.194Z
HELE,Helen of Troy Limited,NASDAQ,nasdaq_trader,2026-09-18T10:45:30.194Z,2026-09-18T10:45:30.194Z
HELP,Cybin D/B/A Helus Pharma,NASDAQ,nasdaq_trader,2026-09-18T10:45:30.194Z,2026-09-22T07:18:58.991Z
HEPS,D-Market Elektronik Hizmetler ve Ticaret A.S.,NASDAQ,nasdaq_trader,2026-09-18T10:45:30.194Z,2026-09-22T07:18:58.993Z
HEQ,John Hancock Diversified Income Fund,NYSE,nasdaq_trader,2026-09-18T10:45:30.194Z,2026-09-18T10:45:30.194Z
HERE,Here Group Limited,NASDAQ,excel_import,2026-09-18T09:57:12.863Z,2026-09-18T09:57:12.863Z
HERZ,"Herzfeld Credit Income Fund, Inc.",NASDAQ,nasdaq_trader,2026-09-18T10:45:30.194Z,2026-09-18T10:45:30.194Z
HESM,Hess Midstream LP,NYSE,nasdaq_trader,2026-09-18T10:45:30.194Z,2026-09-22T07:18:59.362Z
HFBL,"Home Federal Bancorp, Inc. of Louisiana",NASDAQ,nasdaq_trader,2026-09-18T10:45:30.194Z,2026-09-18T10:45:30.194Z
HFFG,HF Foods Group Inc.,NASDAQ,nasdaq_trader,2026-09-18T10:45:30.194Z,2026-09-18T10:45:30.194Z
HFRO,Highland Funds I - Highland Opportunities and Income Fund,NYSE,nasdaq_trader,2026-09-18T10:45:30.194Z,2026-09-22T07:18:59.363Z
HFWA,Heritage Financial Corporation,NASDAQ,nasdaq_trader,2026-09-18T10:45:30.194Z,2026-09-18T10:45:30.194Z
HG,"Hamilton Insurance Group, Ltd. Class B Common Shares",NYSE,nasdaq_trader,2026-09-18T10:45:30.194Z,2026-09-18T10:45:30.194Z
HGBL,Heritage Global Inc.,NASDAQ,nasdaq_trader,2026-09-18T10:45:30.194Z,2026-09-18T10:45:30.194Z
HGHAF,High Arctic Energy Services Inc,OTC,excel_import,2026-09-18T09:57:12.863Z,2026-09-18T09:57:12.863Z
HGLB,Highland Global Allocation Fund,NYSE,nasdaq_trader,2026-09-18T10:45:30.194Z,2026-09-18T10:45:30.194Z
HGTY,"Hagerty, Inc.",NYSE,nasdaq_trader,2026-09-18T10:45:30.194Z,2026-09-18T10:45:30.194Z
HGV,Hilton Grand Vacations Inc.,NYSE,nasdaq_trader,2026-09-18T10:45:30.194Z,2026-09-18T10:45:30.194Z
HHH,Howard Hughes Holdings Inc.,NYSE,nasdaq_trader,2026-09-18T10:45:30.194Z,2026-09-18T10:45:30.194Z
HHS,"Harte Hanks, Inc.",NASDAQ,nasdaq_trader,2026-09-18T10:45:30.194Z,2026-09-18T10:45:30.194Z
HIFS,Hingham Institution for Savings,NASDAQ,nasdaq_trader,2026-09-18T10:45:30.194Z,2026-09-18T10:45:30.194Z
HIG,"The Hartford Insurance Group, Inc.",NYSE,nasdaq_trader,2026-09-18T10:45:30.194Z,2026-09-18T10:45:30.194Z
HIHO,Highway Holdings Limited,NASDAQ,nasdaq_trader,2026-09-18T10:45:30.194Z,2026-09-18T10:45:30.194Z
HII,"Huntington Ingalls Industries, Inc.",NYSE,nasdaq_trader,2026-09-18T10:45:30.194Z,2026-09-18T10:45:30.194Z
HIMS,"Hims & Hers Health, Inc.",NYSE,nasdaq_trader,2026-09-18T10:45:30.194Z,2026-09-18T10:45:30.194Z
HIMX,"Himax Technologies, Inc.",NASDAQ,nasdaq_trader,2026-09-18T10:45:30.194Z,2026-09-18T10:45:30.194Z
HIND,"Vyome Holdings, Inc.",NASDAQ,nasdaq_trader,2026-09-18T10:45:30.194Z,2026-09-18T10:45:30.194Z
HIO,"Western Asset High Income Opportunity Fund, Inc.",NYSE,nasdaq_trader,2026-09-18T10:45:30.194Z,2026-09-18T10:45:30.194Z
HIPO,Hippo Holdings Inc.,NYSE,nasdaq_trader,2026-09-18T10:45:30.194Z,2026-09-18T10:45:30.194Z
HIT,"Health In Tech, Inc.",NASDAQ,nasdaq_trader,2026-09-18T10:45:30.194Z,2026-09-18T10:45:30.194Z
HITI,High Tide Inc.,NASDAQ,nasdaq_trader,2026-09-18T10:45:30.194Z,2026-09-18T10:45:30.194Z
HIVE,HIVE Digital Technologies Ltd,NASDAQ,nasdaq_trader,2026-09-18T10:45:30.194Z,2026-09-18T10:45:30.194Z
HIW,"Highwoods Properties, Inc.",NYSE,nasdaq_trader,2026-09-18T10:45:30.194Z,2026-09-18T10:45:30.194Z
HIX,Western Asset High Income Fund II Inc.,NYSE,nasdaq_trader,2026-09-18T10:45:30.194Z,2026-09-18T10:45:30.194Z
HKD,AMTD Digital Inc.,NYSE,nasdaq_trader,2026-09-18T10:45:30.194Z,2026-09-18T10:45:30.194Z
HKHC,Horizon Kinetics Holding Corporation,OTC,excel_import,2026-09-18T09:57:12.863Z,2026-09-18T09:57:12.863Z
HKIT,Hitek Global Inc.,NASDAQ,nasdaq_trader,2026-09-18T10:45:30.194Z,2026-09-18T10:45:30.194Z
HKPD,"Cellyan Biotechnology Co., Ltd",NASDAQ,nasdaq_trader,2026-09-18T10:45:30.194Z,2026-09-18T10:45:30.194Z
HL,Hecla Mining Company,NYSE,nasdaq_trader,2026-09-18T10:45:30.194Z,2026-09-18T10:45:30.194Z
HLF,Herbalife Ltd. Common Shares,NYSE,nasdaq_trader,2026-09-18T10:45:30.194Z,2026-09-18T10:45:30.194Z
HLI,"Houlihan Lokey, Inc.",NYSE,nasdaq_trader,2026-09-18T10:45:30.194Z,2026-09-18T10:45:30.194Z
HLIO,"Helios Technologies, Inc.",NYSE,nasdaq_trader,2026-09-18T10:45:30.194Z,2026-09-18T10:45:30.194Z
HLIT,Harmonic Inc.,NASDAQ,nasdaq_trader,2026-09-18T10:45:30.194Z,2026-09-18T10:45:30.194Z
HLLY,Holley Inc.,NYSE,nasdaq_trader,2026-09-18T10:45:30.194Z,2026-09-18T10:45:30.194Z
HLMN,Hillman Solutions Corp.,NASDAQ,nasdaq_trader,2026-09-18T10:45:30.194Z,2026-09-18T10:45:30.194Z
HLN,Haleon plc,NYSE,nasdaq_trader,2026-09-18T10:45:30.194Z,2026-09-18T10:45:30.194Z
HLNE,Hamilton Lane Incorporated,NASDAQ,nasdaq_trader,2026-09-18T10:45:30.194Z,2026-09-18T10:45:30.194Z
HLP,Hongli Group Inc.,NASDAQ,nasdaq_trader,2026-09-18T10:45:30.194Z,2026-09-18T10:45:30.194Z
HLPXF,HELLENiQ ENERGY Holdings S.A.,OTC,excel_import,2026-09-18T09:57:12.863Z,2026-09-18T09:57:12.863Z
HLSQ,Tessera Defense and Homeland Se,AMEX,nasdaq_trader,2026-09-18T10:45:30.194Z,2026-09-22T07:18:59.365Z
HLT,Hilton Worldwide Holdings Inc.,NYSE,nasdaq_trader,2026-09-18T10:45:30.194Z,2026-09-18T10:45:30.194Z
HLXC,Helix Acquisition Corp. III,NASDAQ,nasdaq_trader,2026-09-18T10:45:30.194Z,2026-09-18T10:45:30.194Z
HMC,"Honda Motor Company, Ltd.",NYSE,nasdaq_trader,2026-09-18T10:45:30.194Z,2026-09-18T10:45:30.194Z
HMFAF,Hammond Manufacturing Company Limited,OTC,excel_import,2026-09-18T09:57:12.863Z,2026-09-22T07:18:58.886Z
HMH,HMH Holding Inc.,NASDAQ,nasdaq_trader,2026-09-18T10:45:30.194Z,2026-09-18T10:45:30.194Z
HMMCF,Hemlo Mining Corp.,OTC,excel_import,2026-09-18T09:57:12.863Z,2026-09-18T09:57:12.863Z
HMN,Horace Mann Educators Corporation,NYSE,nasdaq_trader,2026-09-18T10:45:30.194Z,2026-09-18T10:45:30.194Z
HMR,Heidmar Maritime Holdings Corp.,NASDAQ,nasdaq_trader,2026-09-18T10:45:30.194Z,2026-09-18T10:45:30.194Z
HMY,Harmony Gold Mining Company Limited,NYSE,nasdaq_trader,2026-09-18T10:45:30.194Z,2026-09-18T10:45:30.194Z
HNGE,"Hinge Health, Inc.",NYSE,nasdaq_trader,2026-09-18T10:45:30.194Z,2026-09-18T10:45:30.194Z
HNI,HNI Corporation,NYSE,nasdaq_trader,2026-09-18T10:45:30.194Z,2026-09-18T10:45:30.194Z
HNNA,"Hennessy Advisors, Inc.",NASDAQ,nasdaq_trader,2026-09-18T10:45:30.194Z,2026-09-18T10:45:30.194Z
HNRG,Hallador Energy Company,NASDAQ,nasdaq_trader,2026-09-18T10:45:30.194Z,2026-09-18T10:45:30.194Z
HNSBF,Hansa Biopharma AB (publ),OTC,excel_import,2026-09-18T09:57:12.863Z,2026-09-22T07:18:58.877Z
HNST,"The Honest Company, Inc.",NASDAQ,nasdaq_trader,2026-09-18T10:45:30.194Z,2026-09-18T10:45:30.194Z
HNTIY,Hunting PLC,OTC,excel_import,2026-09-18T09:57:12.863Z,2026-09-18T09:57:12.863Z
HNVR,"Hanover Bancorp, Inc.",NASDAQ,nasdaq_trader,2026-09-18T10:45:30.194Z,2026-09-18T10:45:30.194Z
HODO,House of Doge Inc.,NASDAQ,nasdaq_trader,2026-09-18T10:45:30.194Z,2026-09-18T10:45:30.194Z
HOFT,Hooker Furnishings Corporation,NASDAQ,nasdaq_trader,2026-09-18T10:45:30.194Z,2026-09-18T10:45:30.194Z
HOG,"Harley-Davidson, Inc.",NYSE,nasdaq_trader,2026-09-18T10:45:30.194Z,2026-09-18T10:45:30.194Z
HOLO,MicroCloud Hologram Inc.,NASDAQ,nasdaq_trader,2026-09-18T10:45:30.194Z,2026-09-18T10:45:30.194Z
HOLOW,MicroCloud Hologram Inc.,NASDAQ,nasdaq_trader,2026-09-18T10:45:30.194Z,2026-09-18T10:45:30.194Z
HOMB,"Home BancShares, Inc.",NYSE,nasdaq_trader,2026-09-18T10:45:30.194Z,2026-09-18T10:45:30.194Z
HON,Honeywell International Inc.,NASDAQ,nasdaq_trader,2026-09-18T10:45:30.194Z,2026-09-18T10:45:30.194Z
HONA,Honeywell Aerospace Inc.,NASDAQ,nasdaq_trader,2026-09-18T10:45:30.194Z,2026-09-18T10:45:30.194Z
HOOD,"Robinhood Markets, Inc.",NASDAQ,nasdaq_trader,2026-09-18T10:45:30.194Z,2026-09-18T10:45:30.194Z
HOPE,"Hope Bancorp, Inc.",NASDAQ,nasdaq_trader,2026-09-18T10:45:30.194Z,2026-09-18T10:45:30.194Z
HOS,"Hornbeck Offshore Services, Inc.",NYSE,nasdaq_trader,2026-09-18T10:45:30.194Z,2026-09-18T10:45:30.194Z
HOST,Host Digital Inc.,AMEX,nasdaq_trader,2026-09-18T10:45:30.194Z,2026-09-18T10:45:30.194Z
HOUR,"Hour Loop, Inc.",NASDAQ,nasdaq_trader,2026-09-18T10:45:30.194Z,2026-09-18T10:45:30.194Z
HOV,"Hovnanian Enterprises, Inc.",NYSE,nasdaq_trader,2026-09-18T10:45:30.194Z,2026-09-18T10:45:30.194Z
HOVNP,"Hovnanian Enterprises, Inc. PFD DEP1/1000A",NASDAQ,nasdaq_trader,2026-09-18T10:45:30.194Z,2026-09-22T07:18:58.996Z
HOVR,New Horizon Aircraft Ltd.,NASDAQ,nasdaq_trader,2026-09-18T10:45:30.194Z,2026-09-18T10:45:30.194Z
HOVRW,New Horizon Aircraft Ltd.,NASDAQ,nasdaq_trader,2026-09-18T10:45:30.194Z,2026-09-18T10:45:30.194Z
HOWL,"Werewolf Therapeutics, Inc.",NASDAQ,nasdaq_trader,2026-09-18T10:45:30.194Z,2026-09-18T10:45:30.194Z
HP,"Helmerich & Payne, Inc.",NYSE,nasdaq_trader,2026-09-18T10:45:30.194Z,2026-09-18T10:45:30.194Z
HPAI,Helport AI Limited,NASDAQ,nasdaq_trader,2026-09-18T10:45:30.194Z,2026-09-18T10:45:30.194Z
HPAIW,Helport AI Limited,NASDAQ,nasdaq_trader,2026-09-18T10:45:30.194Z,2026-09-18T10:45:30.194Z
HPE,Hewlett Packard Enterprise Company,NYSE,nasdaq_trader,2026-09-18T10:45:30.194Z,2026-09-18T10:45:30.194Z
HPF,John Hancock Preferred Income Fund II,NYSE,nasdaq_trader,2026-09-18T10:45:30.194Z,2026-09-22T07:18:59.367Z
HPI,John Hancock Preferred Income Fund,NYSE,nasdaq_trader,2026-09-18T10:45:30.194Z,2026-09-18T10:45:30.194Z
HPK,"HighPeak Energy, Inc.",NASDAQ,nasdaq_trader,2026-09-18T10:45:30.194Z,2026-09-18T10:45:30.194Z
HPP,"Hudson Pacific Properties, Inc.",NYSE,nasdaq_trader,2026-09-18T10:45:30.194Z,2026-09-18T10:45:30.194Z
HPQ,HP Inc.,NYSE,nasdaq_trader,2026-09-18T10:45:30.194Z,2026-09-18T10:45:30.194Z
HPS,John Hancock Preferred Income Fund III,NYSE,nasdaq_trader,2026-09-18T10:45:30.194Z,2026-09-22T07:18:59.369Z
HPSIF,Hybrid Power Solutions Inc.,OTC,excel_import,2026-09-18T09:57:12.863Z,2026-09-18T09:57:12.863Z
HQ,Horizon Quantum Holdings Ltd.,NASDAQ,nasdaq_trader,2026-09-18T10:45:30.194Z,2026-09-18T10:45:30.194Z
HQH,abrdn Healthcare Investors,NYSE,nasdaq_trader,2026-09-18T10:45:30.194Z,2026-09-18T10:45:30.194Z
HQI,"HireQuest, Inc.",NASDAQ,nasdaq_trader,2026-09-18T10:45:30.194Z,2026-09-18T10:45:30.194Z
HQL,abrdn Life Sciences Investors,NYSE,nasdaq_trader,2026-09-18T10:45:30.194Z,2026-09-18T10:45:30.194Z
HQWWW,Horizon Quantum Holdings Ltd.,NASDAQ,nasdaq_trader,2026-09-18T10:45:30.194Z,2026-09-18T10:45:30.194Z
HQY,"HealthEquity, Inc.",NASDAQ,nasdaq_trader,2026-09-18T10:45:30.194Z,2026-09-18T10:45:30.194Z
HR,Healthcare Realty Trust Incorporated,NYSE,nasdaq_trader,2026-09-18T10:45:30.194Z,2026-09-18T10:45:30.194Z
HRB,"H&R Block, Inc.",NYSE,nasdaq_trader,2026-09-18T10:45:30.194Z,2026-09-18T10:45:30.194Z
HRI,Herc Holdings Inc.,NYSE,nasdaq_trader,2026-09-18T10:45:30.194Z,2026-09-18T10:45:30.194Z
HRL,Hormel Foods Corporation,NYSE,nasdaq_trader,2026-09-18T10:45:30.194Z,2026-09-18T10:45:30.194Z
HRMY,"Harmony Biosciences Holdings, Inc.",NASDAQ,nasdaq_trader,2026-09-18T10:45:30.194Z,2026-09-18T10:45:30.194Z
HROW,"Harrow, Inc.",NASDAQ,nasdaq_trader,2026-09-18T10:45:30.194Z,2026-09-18T10:45:30.194Z
HRTG,"Heritage Insurance Holdings, Inc.",NYSE,nasdaq_trader,2026-09-18T10:45:30.194Z,2026-09-18T10:45:30.194Z
HRTX,"Heron Therapeutics, Inc.",NASDAQ,nasdaq_trader,2026-09-18T10:45:30.194Z,2026-09-18T10:45:30.194Z
HRZN,Horizon Technology Finance Corporation,NASDAQ,nasdaq_trader,2026-09-18T10:45:30.194Z,2026-09-18T10:45:30.194Z
HSAI,Hesai Group,NASDAQ,nasdaq_trader,2026-09-18T10:45:30.194Z,2026-09-18T10:45:30.194Z
HSBC,"HSBC Holdings, plc.",NYSE,nasdaq_trader,2026-09-18T10:45:30.194Z,2026-09-18T10:45:30.194Z
HSCS,HeartSciences Inc.,NASDAQ,nasdaq_trader,2026-09-18T10:45:30.194Z,2026-09-18T10:45:30.194Z
HSCSW,HeartSciences Inc.,NASDAQ,nasdaq_trader,2026-09-18T10:45:30.194Z,2026-09-18T10:45:30.194Z
HSDT,Solana Company,NASDAQ,excel_import,2026-09-18T09:57:12.863Z,2026-09-18T09:57:12.863Z
HSHP,Himalaya Shipping Ltd. Common Shares,NYSE,nasdaq_trader,2026-09-18T10:45:30.194Z,2026-09-18T10:45:30.194Z
HSIC,"Henry Schein, Inc.",NASDAQ,nasdaq_trader,2026-09-18T10:45:30.194Z,2026-09-18T10:45:30.194Z
HSLV,Highlander Silver Corp. Common Shares,AMEX,nasdaq_trader,2026-09-18T10:45:30.194Z,2026-09-18T10:45:30.194Z
HST,"Host Hotels & Resorts, Inc.",NASDAQ,nasdaq_trader,2026-09-18T10:45:30.194Z,2026-09-18T10:45:30.194Z
HSTM,"HealthStream, Inc.",NASDAQ,nasdaq_trader,2026-09-18T10:45:30.194Z,2026-09-18T10:45:30.194Z
HSY,The Hershey Company,NYSE,nasdaq_trader,2026-09-18T10:45:30.194Z,2026-09-18T10:45:30.194Z
HTB,"HomeTrust Bancshares, Inc.",NYSE,nasdaq_trader,2026-09-18T10:45:30.194Z,2026-09-18T10:45:30.194Z
HTCO,High-Trend International Group,NASDAQ,nasdaq_trader,2026-09-18T10:45:30.194Z,2026-09-18T10:45:30.194Z
HTCR,"Heartcore Enterprises, Inc.",NASDAQ,nasdaq_trader,2026-09-18T10:45:30.194Z,2026-09-18T10:45:30.194Z
HTD,John Hancock Tax Advantaged Dividend Income Fund,NYSE,nasdaq_trader,2026-09-18T10:45:30.194Z,2026-09-18T10:45:30.194Z
HTFC,Horizon Technology Finance Corporation,NYSE,nasdaq_trader,2026-09-18T10:45:30.194Z,2026-09-18T10:45:30.194Z
HTFL,"Heartflow, Inc.",NASDAQ,nasdaq_trader,2026-09-18T10:45:30.194Z,2026-09-18T10:45:30.194Z
HTGC,"Hercules Capital, Inc.",NYSE,nasdaq_trader,2026-09-18T10:45:30.194Z,2026-09-18T10:45:30.194Z
HTH,Hilltop Holdings Inc.,NYSE,nasdaq_trader,2026-09-18T10:45:30.194Z,2026-09-18T10:45:30.194Z
HTHT,H World Group Limited,NASDAQ,excel_import,2026-09-18T09:57:12.863Z,2026-09-18T09:57:12.863Z
HTLD,"Heartland Express, Inc.",NASDAQ,nasdaq_trader,2026-09-18T10:45:30.194Z,2026-09-18T10:45:30.194Z
HTLM,HomesToLife Ltd,NASDAQ,nasdaq_trader,2026-09-18T10:45:30.194Z,2026-09-18T10:45:30.194Z
HTO,H2O America,NASDAQ,nasdaq_trader,2026-09-18T10:45:30.194Z,2026-09-18T10:45:30.194Z
HTOO,Fusion Fuel Green PLC,NASDAQ,nasdaq_trader,2026-09-18T10:45:30.194Z,2026-09-18T10:45:30.194Z
HTT,High Templar Tech Limited,NYSE,nasdaq_trader,2026-09-18T10:45:30.194Z,2026-09-18T10:45:30.194Z
HTZ,"Hertz Global Holdings, Inc",NASDAQ,nasdaq_trader,2026-09-18T10:45:30.194Z,2026-09-18T10:45:30.194Z
HTZWW,"Hertz Global Holdings, Inc",NASDAQ,nasdaq_trader,2026-09-18T10:45:30.194Z,2026-09-18T10:45:30.194Z
HUBB,Hubbell Inc,NYSE,nasdaq_trader,2026-09-18T10:45:30.194Z,2026-09-18T10:45:30.194Z
HUBC,Hub Cyber Security Ltd.,NASDAQ,nasdaq_trader,2026-09-18T10:45:30.194Z,2026-09-18T10:45:30.194Z
HUBCW,Hub Cyber Security Ltd.,NASDAQ,nasdaq_trader,2026-09-18T10:45:30.194Z,2026-09-18T10:45:30.194Z
HUBCZ,Hub Cyber Security Ltd.,NASDAQ,nasdaq_trader,2026-09-18T10:45:30.194Z,2026-09-18T10:45:30.194Z
HUBG,"Hub Group, Inc.",NASDAQ,nasdaq_trader,2026-09-18T10:45:30.194Z,2026-09-18T10:45:30.194Z
HUBS,"HubSpot, Inc.",NYSE,nasdaq_trader,2026-09-18T10:45:30.194Z,2026-09-18T10:45:30.194Z
HUDI,"Huadi International Group Co., Ltd.",NASDAQ,nasdaq_trader,2026-09-18T10:45:30.194Z,2026-09-18T10:45:30.194Z
HUHU,HUHUTECH International Group Inc.,NASDAQ,nasdaq_trader,2026-09-18T10:45:30.194Z,2026-09-18T10:45:30.194Z
HUIZ,Huize Holding Limited,NASDAQ,nasdaq_trader,2026-09-18T10:45:30.194Z,2026-09-18T10:45:30.194Z
HUM,Humana Inc.,NYSE,nasdaq_trader,2026-09-18T10:45:30.194Z,2026-09-18T10:45:30.194Z
HUMA,"Humacyte, Inc.",NASDAQ,nasdaq_trader,2026-09-18T10:45:30.194Z,2026-09-18T10:45:30.194Z
HUN,Huntsman Corporation,NYSE,nasdaq_trader,2026-09-18T10:45:30.194Z,2026-09-18T10:45:30.194Z
HURA,"TuHURA Biosciences, Inc.",NASDAQ,nasdaq_trader,2026-09-18T10:45:30.194Z,2026-09-18T10:45:30.194Z
HURC,"Hurco Companies, Inc.",NASDAQ,nasdaq_trader,2026-09-18T10:45:30.194Z,2026-09-18T10:45:30.194Z
HURN,Huron Consulting Group Inc.,NASDAQ,nasdaq_trader,2026-09-18T10:45:30.194Z,2026-09-18T10:45:30.194Z
HUT,Hut 8 Corp.,NASDAQ,nasdaq_trader,2026-09-18T10:45:30.194Z,2026-09-18T10:45:30.194Z
HUYA,HUYA Inc.,NYSE,nasdaq_trader,2026-09-18T10:45:30.194Z,2026-09-18T10:45:30.194Z
HVII,Hennessy Capital Investment Corp. VII,NASDAQ,nasdaq_trader,2026-09-18T10:45:30.194Z,2026-09-18T10:45:30.194Z
HVIIR,Hennessy Capital Investment Corp. VII,NASDAQ,nasdaq_trader,2026-09-18T10:45:30.194Z,2026-09-18T10:45:30.194Z
HVIIU,Hennessy Capital Investment Corp. VII,NASDAQ,nasdaq_trader,2026-09-18T10:45:30.194Z,2026-09-18T10:45:30.194Z
HVMC,Highview Merger Corp.,NASDAQ,nasdaq_trader,2026-09-18T10:45:30.194Z,2026-09-18T10:45:30.194Z
HVMCU,Highview Merger Corp.,NASDAQ,nasdaq_trader,2026-09-18T10:45:30.194Z,2026-09-18T10:45:30.194Z
HVMCW,Highview Merger Corp.,NASDAQ,nasdaq_trader,2026-09-18T10:45:30.194Z,2026-09-18T10:45:30.194Z
HVT,"Haverty Furniture Companies, Inc.",NYSE,nasdaq_trader,2026-09-18T10:45:30.194Z,2026-09-18T10:45:30.194Z
HVT.A,"Haverty Furniture Companies, Inc.",NYSE,nasdaq_trader,2026-09-18T10:45:30.194Z,2026-09-18T10:45:30.194Z
HWBK,"Hawthorn Bancshares, Inc.",NASDAQ,nasdaq_trader,2026-09-18T10:45:30.194Z,2026-09-18T10:45:30.194Z
HWC,Hancock Whitney Corporation,NASDAQ,nasdaq_trader,2026-09-18T10:45:30.194Z,2026-09-18T10:45:30.194Z
HWCPZ,Hancock Whitney Corporation,NASDAQ,nasdaq_trader,2026-09-18T10:45:30.194Z,2026-09-18T10:45:30.194Z
HWH,HWH International Inc.,NASDAQ,nasdaq_trader,2026-09-18T10:45:30.194Z,2026-09-18T10:45:30.194Z
HWKN,"Hawkins, Inc.",NASDAQ,nasdaq_trader,2026-09-18T10:45:30.194Z,2026-09-18T10:45:30.194Z
HWM,Howmet Aerospace Inc.,NYSE,nasdaq_trader,2026-09-18T10:45:30.194Z,2026-09-18T10:45:30.194Z
HXHX,Haoxin Holdings Limited,NASDAQ,nasdaq_trader,2026-09-18T10:45:30.194Z,2026-09-18T10:45:30.194Z
HXL,Hexcel Corporation,NYSE,nasdaq_trader,2026-09-18T10:45:30.194Z,2026-09-18T10:45:30.194Z
HXSCL,SK hynix Inc.,OTC,excel_import,2026-09-18T09:57:12.863Z,2026-09-18T09:57:12.863Z
HY,"Hyster-Yale, Inc.",NYSE,nasdaq_trader,2026-09-18T10:45:30.194Z,2026-09-18T10:45:30.194Z
HYAC.U,Haymaker Acquisition Corp V,NYSE,nasdaq_trader,2026-09-18T10:45:30.194Z,2026-09-18T10:45:30.194Z
HYDTF,Hydreight Technologies Inc.,OTC,excel_import,2026-09-18T09:57:12.863Z,2026-09-18T09:57:12.863Z
HYFM,"Hydrofarm Holdings Group, Inc.",NASDAQ,nasdaq_trader,2026-09-18T10:45:30.194Z,2026-09-18T10:45:30.194Z
HYFT,MindWalk Holdings Corp.,NASDAQ,nasdaq_trader,2026-09-18T10:45:30.194Z,2026-09-18T10:45:30.194Z
HYI,Western Asset High Yield Opportunity Fund Inc.,NYSE,nasdaq_trader,2026-09-18T10:45:30.194Z,2026-09-18T10:45:30.194Z
HYLN,Hyliion Holdings Corp.,AMEX,nasdaq_trader,2026-09-18T10:45:30.194Z,2026-09-18T10:45:30.194Z
HYMC,Hycroft Mining Holding Corporation,NASDAQ,nasdaq_trader,2026-09-18T10:45:30.194Z,2026-09-18T10:45:30.194Z
HYNE,"Hoyne Bancorp, Inc.",NASDAQ,nasdaq_trader,2026-09-18T10:45:30.194Z,2026-09-18T10:45:30.194Z
HYPD,"Hyperion DeFi, Inc.",NASDAQ,excel_import,2026-09-18T09:57:12.863Z,2026-09-18T09:57:12.863Z
HYPR,"Hyperfine, Inc.",NASDAQ,nasdaq_trader,2026-09-18T10:45:30.194Z,2026-09-18T10:45:30.194Z
HYT,"Blackrock Corporate High Yield Fund, Inc.",NYSE,nasdaq_trader,2026-09-18T10:45:30.194Z,2026-09-18T10:45:30.194Z
HZO,"MarineMax, Inc.",NYSE,nasdaq_trader,2026-09-18T10:45:30.194Z,2026-09-22T07:18:59.370Z
IA,"Innovative Aerosystems, Inc.",NASDAQ,nasdaq_trader,2026-09-18T10:45:30.194Z,2026-09-22T07:18:58.998Z
IACO,Idea Acquisition Corp.,NASDAQ,nasdaq_trader,2026-09-18T10:45:30.194Z,2026-09-18T10:45:30.194Z
IACOU,Idea Acquisition Corp.,NASDAQ,nasdaq_trader,2026-09-18T10:45:30.194Z,2026-09-18T10:45:30.194Z
IACOW,Idea Acquisition Corp.,NASDAQ,nasdaq_trader,2026-09-18T10:45:30.194Z,2026-09-18T10:45:30.194Z
IACQ,Irenic Acquisition Corp.,NASDAQ,nasdaq_trader,2026-09-18T10:45:30.194Z,2026-09-18T10:45:30.194Z
IACQU,Irenic Acquisition Corp.,NASDAQ,nasdaq_trader,2026-09-18T10:45:30.194Z,2026-09-18T10:45:30.194Z
IACQW,Irenic Acquisition Corp.,NASDAQ,nasdaq_trader,2026-09-18T10:45:30.194Z,2026-09-18T10:45:30.194Z
IAE,Voya Asia Pacific High Dividend Equity Income Fund,NYSE,nasdaq_trader,2026-09-18T10:45:30.194Z,2026-09-22T07:18:59.372Z
IAF,"abrdn Australia Equity Fund, Inc.",AMEX,nasdaq_trader,2026-09-18T10:45:30.194Z,2026-09-18T10:45:30.194Z
IAG,Iamgold Corporation,NYSE,nasdaq_trader,2026-09-18T10:45:30.194Z,2026-09-18T10:45:30.194Z
IART,Integra LifeSciences Holdings Corporation,NASDAQ,nasdaq_trader,2026-09-18T10:45:30.194Z,2026-09-18T10:45:30.194Z
IAUX,i-80 Gold Corp. Common Shares,AMEX,nasdaq_trader,2026-09-18T10:45:30.194Z,2026-09-18T10:45:30.194Z
IAUX.W,i-80 Gold Corp.,AMEX,nasdaq_trader,2026-09-18T10:45:30.194Z,2026-09-18T10:45:30.194Z
IBAC,IB Acquisition Corp.,NASDAQ,nasdaq_trader,2026-09-18T10:45:30.194Z,2026-09-18T10:45:30.194Z
IBACR,IB Acquisition Corp.,NASDAQ,nasdaq_trader,2026-09-18T10:45:30.194Z,2026-09-18T10:45:30.194Z
IBCP,Independent Bank Corporation,NASDAQ,nasdaq_trader,2026-09-18T10:45:30.194Z,2026-09-18T10:45:30.194Z
IBEX,IBEX Limited,NASDAQ,nasdaq_trader,2026-09-18T10:45:30.194Z,2026-09-18T10:45:30.194Z
IBG,Innovation Beverage Group Limited,NASDAQ,nasdaq_trader,2026-09-18T10:45:30.194Z,2026-09-18T10:45:30.194Z
IBIO,"iBio, Inc.",NASDAQ,nasdaq_trader,2026-09-18T10:45:30.194Z,2026-09-18T10:45:30.194Z
IBKR,"Interactive Brokers Group, Inc.",NASDAQ,nasdaq_trader,2026-09-18T10:45:30.194Z,2026-09-18T10:45:30.194Z
IBM,International Business Machines Corporation,NYSE,nasdaq_trader,2026-09-18T10:45:30.194Z,2026-09-18T10:45:30.194Z
IBN,ICICI Bank Limited,NYSE,nasdaq_trader,2026-09-18T10:45:30.194Z,2026-09-18T10:45:30.194Z
IBO,"Impact BioMedical, Inc.",AMEX,nasdaq_trader,2026-09-18T10:45:30.194Z,2026-09-18T10:45:30.194Z
IBOC,International Bancshares Corporation,NASDAQ,nasdaq_trader,2026-09-18T10:45:30.194Z,2026-09-18T10:45:30.194Z
IBP,"Installed Building Products, Inc.",NYSE,nasdaq_trader,2026-09-18T10:45:30.194Z,2026-09-18T10:45:30.194Z
IBRX,"ImmunityBio, Inc.",NASDAQ,nasdaq_trader,2026-09-18T10:45:30.194Z,2026-09-18T10:45:30.194Z
IBTA,"Ibotta, Inc.",NYSE,nasdaq_trader,2026-09-18T10:45:30.194Z,2026-09-18T10:45:30.194Z
ICCC,ImmuCell Corporation,NASDAQ,nasdaq_trader,2026-09-18T10:45:30.194Z,2026-09-18T10:45:30.194Z
ICCM,IceCure Medical Ltd.,NASDAQ,nasdaq_trader,2026-09-18T10:45:30.194Z,2026-09-18T10:45:30.194Z
ICE,Intercontinental Exchange Inc.,NYSE,nasdaq_trader,2026-09-18T10:45:30.194Z,2026-09-18T10:45:30.194Z
ICFI,"ICF International, Inc.",NASDAQ,nasdaq_trader,2026-09-18T10:45:30.194Z,2026-09-18T10:45:30.194Z
ICG,Intchains Group Limited,NASDAQ,nasdaq_trader,2026-09-18T10:45:30.194Z,2026-09-18T10:45:30.194Z
ICGSF,ICG Silver & Gold Ltd.,OTC,excel_import,2026-09-18T09:57:12.863Z,2026-09-18T09:57:12.863Z
ICHR,Ichor Holdings,NASDAQ,nasdaq_trader,2026-09-18T10:45:30.194Z,2026-09-18T10:45:30.194Z
ICL,ICL Group Ltd.,NYSE,nasdaq_trader,2026-09-18T10:45:30.194Z,2026-09-18T10:45:30.194Z
ICLR,ICON Public Limited Company,NASDAQ,nasdaq_trader,2026-09-18T10:45:30.194Z,2026-09-22T07:18:59.000Z
ICMB,"Investcorp Credit Management BDC, Inc.",NASDAQ,nasdaq_trader,2026-09-18T10:45:30.194Z,2026-09-18T10:45:30.194Z
ICON,Icon Energy Corp.,NASDAQ,nasdaq_trader,2026-09-18T10:45:30.194Z,2026-09-18T10:45:30.194Z
ICU,SeaStar Medical Holding Corporation,NASDAQ,nasdaq_trader,2026-09-18T10:45:30.194Z,2026-09-18T10:45:30.194Z
ICUCW,SeaStar Medical Holding Corporation,NASDAQ,nasdaq_trader,2026-09-18T10:45:30.194Z,2026-09-18T10:45:30.194Z
ICUI,"ICU Medical, Inc.",NASDAQ,nasdaq_trader,2026-09-18T10:45:30.194Z,2026-09-18T10:45:30.194Z
IDA,"IDACORP, Inc.",NYSE,nasdaq_trader,2026-09-18T10:45:30.194Z,2026-09-18T10:45:30.194Z
IDAC,Iron Dome Acquisition I Corp.,NASDAQ,nasdaq_trader,2026-09-18T10:45:30.194Z,2026-09-18T10:45:30.194Z
IDACU,Iron Dome Acquisition I Corp.,NASDAQ,nasdaq_trader,2026-09-18T10:45:30.194Z,2026-09-18T10:45:30.194Z
IDACW,Iron Dome Acquisition I Corp.,NASDAQ,nasdaq_trader,2026-09-18T10:45:30.194Z,2026-09-18T10:45:30.194Z
IDAI,T Stamp Inc.,NASDAQ,nasdaq_trader,2026-09-18T10:45:30.194Z,2026-09-18T10:45:30.194Z
IDCC,"InterDigital, Inc.",NASDAQ,nasdaq_trader,2026-09-18T10:45:30.194Z,2026-09-18T10:45:30.194Z
IDE,"Voya Infrastructure, Industrials and Materials Fund",NYSE,nasdaq_trader,2026-09-18T10:45:30.194Z,2026-09-18T10:45:30.194Z
IDN,"Intellicheck, Inc.",NASDAQ,nasdaq_trader,2026-09-18T10:45:30.194Z,2026-09-18T10:45:30.194Z
IDR,"Idaho Strategic Resources, Inc.",AMEX,nasdaq_trader,2026-09-18T10:45:30.194Z,2026-09-18T10:45:30.194Z
IDT,IDT Corporation,NYSE,nasdaq_trader,2026-09-18T10:45:30.194Z,2026-09-18T10:45:30.194Z
IDXX,"IDEXX Laboratories, Inc.",NASDAQ,nasdaq_trader,2026-09-18T10:45:30.194Z,2026-09-18T10:45:30.194Z
IDYA,"IDEAYA Biosciences, Inc.",NASDAQ,nasdaq_trader,2026-09-18T10:45:30.194Z,2026-09-18T10:45:30.194Z
IE,Ivanhoe Electric Inc.,AMEX,nasdaq_trader,2026-09-18T10:45:30.194Z,2026-09-18T10:45:30.194Z
IEAG,Infinite Eagle Acquisition Corp.,NASDAQ,nasdaq_trader,2026-09-18T10:45:30.194Z,2026-09-18T10:45:30.194Z
IEAGR,Infinite Eagle Acquisition Corp.,NASDAQ,nasdaq_trader,2026-09-18T10:45:30.194Z,2026-09-18T10:45:30.194Z
IEAGU,Infinite Eagle Acquisition Corp.,NASDAQ,nasdaq_trader,2026-09-18T10:45:30.194Z,2026-09-18T10:45:30.194Z
IEP,Icahn Enterprises L.P.,NASDAQ,nasdaq_trader,2026-09-18T10:45:30.194Z,2026-09-18T10:45:30.194Z
IESC,"IES Holdings, Inc.",NASDAQ,nasdaq_trader,2026-09-18T10:45:30.194Z,2026-09-18T10:45:30.194Z
IEX,IDEX Corporation,NYSE,nasdaq_trader,2026-09-18T10:45:30.194Z,2026-09-18T10:45:30.194Z
IFABF,iFabric Corp.,OTC,excel_import,2026-09-18T09:57:12.863Z,2026-09-18T09:57:12.863Z
IFBD,"Infobird Co., Ltd",NASDAQ,nasdaq_trader,2026-09-18T10:45:30.194Z,2026-09-18T10:45:30.194Z
IFF,"International Flavors & Fragrances, Inc.",NYSE,nasdaq_trader,2026-09-18T10:45:30.194Z,2026-09-18T10:45:30.194Z
IFLXF,Imaflex Inc.,OTC,excel_import,2026-09-18T09:57:12.863Z,2026-09-18T09:57:12.863Z
IFN,"Aberdeen India Fund, Inc.",NYSE,nasdaq_trader,2026-09-18T10:45:30.194Z,2026-09-18T10:45:30.194Z
IFRTF,International Frontier Resources Corporation,OTC,excel_import,2026-09-18T09:57:12.863Z,2026-09-18T09:57:12.863Z
IFRX,InflaRx N.V.,NASDAQ,nasdaq_trader,2026-09-18T10:45:30.194Z,2026-09-18T10:45:30.194Z
IFS,Intercorp Financial Services Inc. Common Shares,NYSE,nasdaq_trader,2026-09-18T10:45:30.194Z,2026-09-18T10:45:30.194Z
IGA,Voya Global Advantage and Premium Opportunity Fund,NYSE,nasdaq_trader,2026-09-18T10:45:30.194Z,2026-09-18T10:45:30.194Z
IGAC,Invest Green Acquisition Corporation,NASDAQ,nasdaq_trader,2026-09-18T10:45:30.194Z,2026-09-18T10:45:30.194Z
IGACR,Invest Green Acquisition Corporation,NASDAQ,nasdaq_trader,2026-09-18T10:45:30.194Z,2026-09-18T10:45:30.194Z
IGACU,Invest Green Acquisition Corporation,NASDAQ,nasdaq_trader,2026-09-18T10:45:30.194Z,2026-09-18T10:45:30.194Z
IGC,"IGC Pharma, Inc.",AMEX,nasdaq_trader,2026-09-18T10:45:30.194Z,2026-09-18T10:45:30.194Z
IGD,Voya Global Equity Dividend and Premium Opportunity Fund,NYSE,nasdaq_trader,2026-09-18T10:45:30.194Z,2026-09-18T10:45:30.194Z
IGI,Western Asset Investment Grade Opportunity Trust Inc.,NYSE,nasdaq_trader,2026-09-18T10:45:30.194Z,2026-09-18T10:45:30.194Z
IGIC,International General Insurance Holdings Ltd.,NASDAQ,nasdaq_trader,2026-09-18T10:45:30.194Z,2026-09-18T10:45:30.194Z
IGR,CBRE Global Real Estate Income Fund,NYSE,nasdaq_trader,2026-09-18T10:45:30.194Z,2026-09-18T10:45:30.194Z
IH,iHuman Inc.,NYSE,nasdaq_trader,2026-09-18T10:45:30.194Z,2026-09-18T10:45:30.194Z
IHD,Voya Emerging Markets High Dividend Equity Fund,NYSE,nasdaq_trader,2026-09-18T10:45:30.194Z,2026-09-22T07:18:59.373Z
IHG,Intercontinental Hotels Group,NYSE,nasdaq_trader,2026-09-18T10:45:30.194Z,2026-09-18T10:45:30.194Z
IHRT,"iHeartMedia, Inc.",NASDAQ,nasdaq_trader,2026-09-18T10:45:30.194Z,2026-09-18T10:45:30.194Z
IHS,IHS Holding Limited,NYSE,nasdaq_trader,2026-09-18T10:45:30.194Z,2026-09-18T10:45:30.194Z
IHT,InnSuites Hospitality Trust,AMEX,nasdaq_trader,2026-09-18T10:45:30.194Z,2026-09-18T10:45:30.194Z
IIF,"Morgan Stanley India Investment Fund, Inc.",NYSE,nasdaq_trader,2026-09-18T10:45:30.194Z,2026-09-18T10:45:30.194Z
III,"Information Services Group, Inc.",NASDAQ,nasdaq_trader,2026-09-18T10:45:30.194Z,2026-09-18T10:45:30.194Z
IIIN,"Insteel Industries, Inc.",NYSE,nasdaq_trader,2026-09-18T10:45:30.194Z,2026-09-18T10:45:30.194Z
IIIV,"i3 Verticals, Inc.",NASDAQ,nasdaq_trader,2026-09-18T10:45:30.194Z,2026-09-18T10:45:30.194Z
IIM,Invesco Value Municipal Income Trust,NYSE,nasdaq_trader,2026-09-18T10:45:30.194Z,2026-09-18T10:45:30.194Z
IIPR,"Innovative Industrial Properties, Inc.",NYSE,nasdaq_trader,2026-09-18T10:45:30.194Z,2026-09-18T10:45:30.194Z
IKT,"Inhibikase Therapeutics, Inc.",NASDAQ,nasdaq_trader,2026-09-18T10:45:30.194Z,2026-09-18T10:45:30.194Z
ILAG,Intelligent Living Application Group Inc.,NASDAQ,nasdaq_trader,2026-09-18T10:45:30.194Z,2026-09-18T10:45:30.194Z
ILLMF,illumin Holdings Inc.,OTC,excel_import,2026-09-18T09:57:12.863Z,2026-09-18T09:57:12.863Z
ILLR,Triller Group Inc.,NASDAQ,nasdaq_trader,2026-09-18T10:45:30.194Z,2026-09-18T10:45:30.194Z
ILLRW,Triller Group Inc.,NASDAQ,nasdaq_trader,2026-09-18T10:45:30.194Z,2026-09-18T10:45:30.194Z
ILLU,Illumination Acquisition Corp I,NASDAQ,nasdaq_trader,2026-09-18T10:45:30.194Z,2026-09-18T10:45:30.194Z
ILLUU,Illumination Acquisition Corp I,NASDAQ,nasdaq_trader,2026-09-18T10:45:30.194Z,2026-09-18T10:45:30.194Z
ILLUW,Illumination Acquisition Corp I,NASDAQ,nasdaq_trader,2026-09-18T10:45:30.194Z,2026-09-18T10:45:30.194Z
ILMN,"Illumina, Inc.",NASDAQ,nasdaq_trader,2026-09-18T10:45:30.194Z,2026-09-18T10:45:30.194Z
ILPT,Industrial Logistics Properties Trust,NASDAQ,nasdaq_trader,2026-09-18T10:45:30.194Z,2026-09-18T10:45:30.194Z
IMA,"ImageneBio, Inc.",NASDAQ,nasdaq_trader,2026-09-18T10:45:30.194Z,2026-09-18T10:45:30.194Z
IMAX,Imax Corporation,NYSE,nasdaq_trader,2026-09-18T10:45:30.194Z,2026-09-18T10:45:30.194Z
IMC,IMC Rare Earths Ltd,AMEX,nasdaq_trader,2026-09-18T10:45:30.194Z,2026-09-18T10:45:30.194Z
IMCC,IM Cannabis Corp.,NASDAQ,nasdaq_trader,2026-09-18T10:45:30.194Z,2026-09-18T10:45:30.194Z
IMCR,Immunocore Holdings plc,NASDAQ,nasdaq_trader,2026-09-18T10:45:30.194Z,2026-09-18T10:45:30.194Z
IMDX,Insight Molecular Diagnostics Inc.,NASDAQ,nasdaq_trader,2026-09-18T10:45:30.194Z,2026-09-18T10:45:30.194Z
IMKTA,"Ingles Markets, Incorporated",NASDAQ,nasdaq_trader,2026-09-18T10:45:30.194Z,2026-09-18T10:45:30.194Z
IMMP,Immutep Limited,NASDAQ,nasdaq_trader,2026-09-18T10:45:30.194Z,2026-09-18T10:45:30.194Z
IMMR,Immersion Corporation,NASDAQ,nasdaq_trader,2026-09-18T10:45:30.194Z,2026-09-18T10:45:30.194Z
IMMX,"Immix Biopharma, Inc.",NASDAQ,nasdaq_trader,2026-09-18T10:45:30.194Z,2026-09-18T10:45:30.194Z
IMNM,"Immunome, Inc.",NASDAQ,nasdaq_trader,2026-09-18T10:45:30.194Z,2026-09-18T10:45:30.194Z
IMNN,"Imunon, Inc.",NASDAQ,nasdaq_trader,2026-09-18T10:45:30.194Z,2026-09-18T10:45:30.194Z
IMO,Imperial Oil Limited,AMEX,nasdaq_trader,2026-09-18T10:45:30.194Z,2026-09-18T10:45:30.194Z
IMOS,ChipMOS TECHNOLOGIES INC.,NASDAQ,nasdaq_trader,2026-09-18T10:45:30.194Z,2026-09-18T10:45:30.194Z
IMPP,Imperial Petroleum Inc.,NASDAQ,nasdaq_trader,2026-09-18T10:45:30.194Z,2026-09-18T10:45:30.194Z
IMPPP,Imperial Petroleum Inc.,NASDAQ,nasdaq_trader,2026-09-18T10:45:30.194Z,2026-09-18T10:45:30.194Z
IMRN,Immuron Limited,NASDAQ,nasdaq_trader,2026-09-18T10:45:30.194Z,2026-09-18T10:45:30.194Z
IMRX,Immuneering Corporation,NASDAQ,nasdaq_trader,2026-09-18T10:45:30.194Z,2026-09-18T10:45:30.194Z
IMSR,Terrestrial Energy Inc.,NASDAQ,nasdaq_trader,2026-09-18T10:45:30.194Z,2026-09-18T10:45:30.194Z
IMSRW,Terrestrial Energy Inc.,NASDAQ,nasdaq_trader,2026-09-18T10:45:30.194Z,2026-09-18T10:45:30.194Z
IMTE,Integrated Media Technology Limited,NASDAQ,nasdaq_trader,2026-09-18T10:45:30.194Z,2026-09-18T10:45:30.194Z
IMTX,Immatics N.V.,NASDAQ,nasdaq_trader,2026-09-18T10:45:30.194Z,2026-09-18T10:45:30.194Z
IMUX,"Immunic, Inc.",NASDAQ,nasdaq_trader,2026-09-18T10:45:30.194Z,2026-09-18T10:45:30.194Z
IMVT,"Immunovant, Inc.",NASDAQ,nasdaq_trader,2026-09-18T10:45:30.194Z,2026-09-18T10:45:30.194Z
IMXI,"International Money Express, Inc.",NASDAQ,nasdaq_trader,2026-09-18T10:45:30.194Z,2026-09-18T10:45:30.194Z
INAB,"IN8bio, Inc.",NASDAQ,nasdaq_trader,2026-09-18T10:45:30.194Z,2026-09-18T10:45:30.194Z
INAC,Indigo Acquisition Corp.,NASDAQ,nasdaq_trader,2026-09-18T10:45:30.194Z,2026-09-18T10:45:30.194Z
INACR,Indigo Acquisition Corp.,NASDAQ,nasdaq_trader,2026-09-18T10:45:30.194Z,2026-09-18T10:45:30.194Z
INACU,Indigo Acquisition Corp.,NASDAQ,nasdaq_trader,2026-09-18T10:45:30.194Z,2026-09-18T10:45:30.194Z
INBK,First Internet Bancorp,NASDAQ,nasdaq_trader,2026-09-18T10:45:30.194Z,2026-09-18T10:45:30.194Z
INBKZ,First Internet Bancorp,NASDAQ,nasdaq_trader,2026-09-18T10:45:30.194Z,2026-09-18T10:45:30.194Z
INBS,Intelligent Bio Solutions Inc.,NASDAQ,nasdaq_trader,2026-09-18T10:45:30.194Z,2026-09-18T10:45:30.194Z
INBX,"Inhibrx Biosciences, Inc.",NASDAQ,nasdaq_trader,2026-09-18T10:45:30.194Z,2026-09-18T10:45:30.194Z
INCR,Intercure Ltd.,NASDAQ,nasdaq_trader,2026-09-18T10:45:30.194Z,2026-09-18T10:45:30.194Z
INCY,Incyte Corporation,NASDAQ,nasdaq_trader,2026-09-18T10:45:30.194Z,2026-09-18T10:45:30.194Z
INDB,Independent Bank Corp.,NASDAQ,nasdaq_trader,2026-09-18T10:45:30.194Z,2026-09-18T10:45:30.194Z
INDI,"indie Semiconductor, Inc.",NASDAQ,nasdaq_trader,2026-09-18T10:45:30.194Z,2026-09-18T10:45:30.194Z
INDO,Indonesia Energy Corporation Limited,AMEX,nasdaq_trader,2026-09-18T10:45:30.194Z,2026-09-18T10:45:30.194Z
INDP,"Indaptus Therapeutics, Inc.",NASDAQ,nasdaq_trader,2026-09-18T10:45:30.194Z,2026-09-18T10:45:30.194Z
INDV,"Indivior Pharmaceuticals, Inc.",NASDAQ,nasdaq_trader,2026-09-18T10:45:30.194Z,2026-09-18T10:45:30.194Z
INEO,INNEOVA Holdings Limited,NASDAQ,nasdaq_trader,2026-09-18T10:45:30.194Z,2026-09-18T10:45:30.194Z
INFFF,Intact Financial Corporation,OTC,excel_import,2026-09-18T09:57:12.863Z,2026-09-18T09:57:12.863Z
INFQ,"Infleqtion, Inc.",NYSE,excel_import,2026-09-18T09:57:12.863Z,2026-09-18T09:57:12.863Z
INFQ.W,"Infleqtion, Inc.",NYSE,nasdaq_trader,2026-09-18T10:45:30.194Z,2026-09-18T10:45:30.194Z
INFU,"InfuSystem Holdings, Inc.",AMEX,nasdaq_trader,2026-09-18T10:45:30.194Z,2026-09-22T07:18:59.375Z
INFY,Infosys Limited,NYSE,nasdaq_trader,2026-09-18T10:45:30.194Z,2026-09-18T10:45:30.194Z
ING,ING Groep N.V.,NYSE,nasdaq_trader,2026-09-18T10:45:30.194Z,2026-09-22T07:18:59.377Z
INGM,Ingram Micro Holding Corporation,NYSE,nasdaq_trader,2026-09-18T10:45:30.194Z,2026-09-18T10:45:30.194Z
INGN,"Inogen, Inc",NASDAQ,nasdaq_trader,2026-09-18T10:45:30.194Z,2026-09-18T10:45:30.194Z
INGR,Ingredion Incorporated,NYSE,nasdaq_trader,2026-09-18T10:45:30.194Z,2026-09-18T10:45:30.194Z
INHD,Inno Holdings Inc.,NASDAQ,nasdaq_trader,2026-09-18T10:45:30.194Z,2026-09-18T10:45:30.194Z
INIKF,Ionik Corporation,OTC,excel_import,2026-09-18T09:57:12.863Z,2026-09-18T09:57:12.863Z
INIO,INNIO N.V.,NASDAQ,nasdaq_trader,2026-09-18T10:45:30.194Z,2026-09-18T10:45:30.194Z
INKT,"MiNK Therapeutics, Inc.",NASDAQ,nasdaq_trader,2026-09-18T10:45:30.194Z,2026-09-18T10:45:30.194Z
INLF,INLIF LIMITED,NASDAQ,nasdaq_trader,2026-09-18T10:45:30.194Z,2026-09-18T10:45:30.194Z
INLX,"Intellinetics, Inc.",AMEX,nasdaq_trader,2026-09-18T10:45:30.194Z,2026-09-18T10:45:30.194Z
INM,InMed Pharmaceuticals Inc.,NASDAQ,nasdaq_trader,2026-09-18T10:45:30.194Z,2026-09-18T10:45:30.194Z
INMB,INmune Bio Inc.,NASDAQ,nasdaq_trader,2026-09-18T10:45:30.194Z,2026-09-18T10:45:30.194Z
INMD,InMode Ltd.,NASDAQ,nasdaq_trader,2026-09-18T10:45:30.194Z,2026-09-18T10:45:30.194Z
INN,"Summit Hotel Properties, Inc.",NYSE,nasdaq_trader,2026-09-18T10:45:30.194Z,2026-09-18T10:45:30.194Z
INNV,InnovAge Holding Corp.,NASDAQ,nasdaq_trader,2026-09-18T10:45:30.194Z,2026-09-18T10:45:30.194Z
INO,"Inovio Pharmaceuticals, Inc.",NASDAQ,nasdaq_trader,2026-09-18T10:45:30.194Z,2026-09-18T10:45:30.194Z
INOD,Innodata Inc.,NASDAQ,nasdaq_trader,2026-09-18T10:45:30.194Z,2026-09-18T10:45:30.194Z
INR,"Infinity Natural Resources, Inc.",NYSE,nasdaq_trader,2026-09-18T10:45:30.194Z,2026-09-18T10:45:30.194Z
INSE,"Inspired Entertainment, Inc.",NASDAQ,nasdaq_trader,2026-09-18T10:45:30.194Z,2026-09-18T10:45:30.194Z
INSG,Inseego Corp.,NASDAQ,nasdaq_trader,2026-09-18T10:45:30.194Z,2026-09-18T10:45:30.194Z
INSM,Insmed Incorporated,NASDAQ,nasdaq_trader,2026-09-18T10:45:30.194Z,2026-09-18T10:45:30.194Z
INSP,"Inspire Medical Systems, Inc.",NYSE,nasdaq_trader,2026-09-18T10:45:30.194Z,2026-09-18T10:45:30.194Z
INSW,"International Seaways, Inc.",NYSE,nasdaq_trader,2026-09-18T10:45:30.194Z,2026-09-18T10:45:30.194Z
INTA,"Intapp, Inc.",NASDAQ,nasdaq_trader,2026-09-18T10:45:30.194Z,2026-09-18T10:45:30.194Z
INTC,Intel Corporation,NASDAQ,nasdaq_trader,2026-09-18T10:45:30.194Z,2026-09-18T10:45:30.194Z
INTG,The Intergroup Corporation,NASDAQ,nasdaq_trader,2026-09-18T10:45:30.194Z,2026-09-18T10:45:30.194Z
INTJ,Intelligent Group Limited,NASDAQ,nasdaq_trader,2026-09-18T10:45:30.194Z,2026-09-18T10:45:30.194Z
INTR,Inter & Co. Inc.,NASDAQ,nasdaq_trader,2026-09-18T10:45:30.194Z,2026-09-18T10:45:30.194Z
INTS,"Intensity Therapeutics, Inc.",NASDAQ,nasdaq_trader,2026-09-18T10:45:30.194Z,2026-09-18T10:45:30.194Z
INTT,inTest Corporation,AMEX,nasdaq_trader,2026-09-18T10:45:30.194Z,2026-09-18T10:45:30.194Z
INTU,Intuit Inc.,NASDAQ,nasdaq_trader,2026-09-18T10:45:30.194Z,2026-09-18T10:45:30.194Z
INTZ,Intrusion Inc.,NASDAQ,nasdaq_trader,2026-09-18T10:45:30.194Z,2026-09-18T10:45:30.194Z
INUV,"Inuvo, Inc.",AMEX,nasdaq_trader,2026-09-18T10:45:30.194Z,2026-09-18T10:45:30.194Z
INV,"Innventure, Inc.",NASDAQ,nasdaq_trader,2026-09-18T10:45:30.194Z,2026-09-18T10:45:30.194Z
INVA,"Innoviva, Inc.",NASDAQ,nasdaq_trader,2026-09-18T10:45:30.194Z,2026-09-18T10:45:30.194Z
INVE,"Identiv, Inc.",NASDAQ,nasdaq_trader,2026-09-18T10:45:30.194Z,2026-09-18T10:45:30.194Z
INVH,Invitation Homes Inc.,NYSE,nasdaq_trader,2026-09-18T10:45:30.194Z,2026-09-18T10:45:30.194Z
INVX,"Innovex International, Inc.",NYSE,nasdaq_trader,2026-09-18T10:45:30.194Z,2026-09-18T10:45:30.194Z
INVZ,Innoviz Technologies Ltd.,NASDAQ,nasdaq_trader,2026-09-18T10:45:30.194Z,2026-09-18T10:45:30.194Z
INXSF,Intouch Insight Ltd.,OTC,excel_import,2026-09-18T09:57:12.863Z,2026-09-18T09:57:12.863Z
IOND,Ionic Digital Inc.,NASDAQ,excel_import,2026-09-18T09:57:12.863Z,2026-09-18T09:57:12.863Z
IONQ,"IonQ, Inc.",NYSE,nasdaq_trader,2026-09-18T10:45:30.194Z,2026-09-18T10:45:30.194Z
IONQ.W,"IonQ, Inc.",NYSE,nasdaq_trader,2026-09-18T10:45:30.194Z,2026-09-18T10:45:30.194Z
IONR,ioneer Ltd,NASDAQ,nasdaq_trader,2026-09-18T10:45:30.194Z,2026-09-18T10:45:30.194Z
IONS,"Ionis Pharmaceuticals, Inc.",NASDAQ,nasdaq_trader,2026-09-18T10:45:30.194Z,2026-09-18T10:45:30.194Z
IOR,"Income Opportunity Realty Investors, Inc.",AMEX,nasdaq_trader,2026-09-18T10:45:30.194Z,2026-09-18T10:45:30.194Z
IOSP,Innospec Inc.,NASDAQ,nasdaq_trader,2026-09-18T10:45:30.194Z,2026-09-18T10:45:30.194Z
IOT,Samsara Inc.,NYSE,nasdaq_trader,2026-09-18T10:45:30.194Z,2026-09-18T10:45:30.194Z
IOTCF,Innovotech Inc.,OTC,excel_import,2026-09-18T09:57:12.863Z,2026-09-18T09:57:12.863Z
IOTR,iOThree Limited,NASDAQ,nasdaq_trader,2026-09-18T10:45:30.194Z,2026-09-18T10:45:30.194Z
IOVA,"Iovance Biotherapeutics, Inc.",NASDAQ,nasdaq_trader,2026-09-18T10:45:30.194Z,2026-09-18T10:45:30.194Z
IP,International Paper Company,NYSE,nasdaq_trader,2026-09-18T10:45:30.194Z,2026-09-18T10:45:30.194Z
IPAR,"Interparfums, Inc.",NASDAQ,nasdaq_trader,2026-09-18T10:45:30.194Z,2026-09-18T10:45:30.194Z
IPDN,"Professional Diversity Network, Inc.",NASDAQ,nasdaq_trader,2026-09-18T10:45:30.194Z,2026-09-18T10:45:30.194Z
IPEX,Inflection Point Acquisition Corp. V,NASDAQ,nasdaq_trader,2026-09-18T10:45:30.194Z,2026-09-22T07:18:59.002Z
IPEXR,Inflection Point Acquisition Corp. V,NASDAQ,nasdaq_trader,2026-09-18T10:45:30.194Z,2026-09-22T07:18:59.004Z
IPEXU,Inflection Point Acquisition Corp. V,NASDAQ,nasdaq_trader,2026-09-18T10:45:30.194Z,2026-09-22T07:18:59.005Z
IPFX,Inflection Point Acquisition Corp. VI,NASDAQ,nasdaq_trader,2026-09-18T10:45:30.194Z,2026-09-18T10:45:30.194Z
IPFXU,Inflection Point Acquisition Corp. VI,NASDAQ,nasdaq_trader,2026-09-18T10:45:30.194Z,2026-09-18T10:45:30.194Z
IPFXW,Inflection Point Acquisition Corp. VI,NASDAQ,nasdaq_trader,2026-09-18T10:45:30.194Z,2026-09-18T10:45:30.194Z
IPGP,IPG Photonics Corporation,NASDAQ,nasdaq_trader,2026-09-18T10:45:30.194Z,2026-09-18T10:45:30.194Z
IPHA,Innate Pharma S.A.,NASDAQ,nasdaq_trader,2026-09-18T10:45:30.194Z,2026-09-18T10:45:30.194Z
IPHXU,Inflection Point Acquisition Corp. VIII,NASDAQ,nasdaq_trader,2026-09-18T10:45:30.194Z,2026-09-18T10:45:30.194Z
IPI,"Intrepid Potash, Inc",NYSE,nasdaq_trader,2026-09-18T10:45:30.194Z,2026-09-18T10:45:30.194Z
IPM,Intelligent Protection Management Corp.,NASDAQ,excel_import,2026-09-18T09:57:12.863Z,2026-09-18T09:57:12.863Z
IPSC,"Century Therapeutics, Inc.",NASDAQ,nasdaq_trader,2026-09-18T10:45:30.194Z,2026-09-18T10:45:30.194Z
IPST,"IP Strategy Holdings, Inc.",NASDAQ,nasdaq_trader,2026-09-18T10:45:30.194Z,2026-09-18T10:45:30.194Z
IPVV,"InterPrivate Investment Partners V, Inc.",NASDAQ,nasdaq_trader,2026-09-18T10:45:30.194Z,2026-09-18T10:45:30.194Z
IPVVU,"InterPrivate Investment Partners V, Inc.",NASDAQ,nasdaq_trader,2026-09-18T10:45:30.194Z,2026-09-18T10:45:30.194Z
IPVVW,"InterPrivate Investment Partners V, Inc.",NASDAQ,nasdaq_trader,2026-09-18T10:45:30.194Z,2026-09-18T10:45:30.194Z
IPW,iPower Inc.,NASDAQ,nasdaq_trader,2026-09-18T10:45:30.194Z,2026-09-18T10:45:30.194Z
IPWR,Ideal Power Inc.,NASDAQ,nasdaq_trader,2026-09-18T10:45:30.194Z,2026-09-18T10:45:30.194Z
IPX,IperionX Limited,NASDAQ,nasdaq_trader,2026-09-18T10:45:30.194Z,2026-09-18T10:45:30.194Z
IPXG,Inflection Point Acquisition Corp. VII,NASDAQ,nasdaq_trader,2026-09-18T10:45:30.194Z,2026-09-22T07:18:59.007Z
IPXGU,Inection Point Acquisition Corp. VII,NASDAQ,nasdaq_trader,2026-09-18T10:45:30.194Z,2026-09-18T10:45:30.194Z
IPXGW,Inflection Point Acquisition Corp. VII,NASDAQ,nasdaq_trader,2026-09-18T10:45:30.194Z,2026-09-22T07:18:59.009Z
IQ,"iQIYI, Inc.",NASDAQ,nasdaq_trader,2026-09-18T10:45:30.194Z,2026-09-18T10:45:30.194Z
IQI,Invesco Quality Municipal Income Trust,NYSE,nasdaq_trader,2026-09-18T10:45:30.194Z,2026-09-18T10:45:30.194Z
IQMX,IQM Quantum Computers Oyj,NASDAQ,nasdaq_trader,2026-09-18T10:45:30.194Z,2026-09-18T10:45:30.194Z
IQMXW,IQM Quantum Computers Oyj,NASDAQ,nasdaq_trader,2026-09-18T10:45:30.194Z,2026-09-18T10:45:30.194Z
IQST,iQSTEL Inc.,NASDAQ,nasdaq_trader,2026-09-18T10:45:30.194Z,2026-09-18T10:45:30.194Z
IQV,"IQVIA Holdings, Inc.",NYSE,nasdaq_trader,2026-09-18T10:45:30.194Z,2026-09-18T10:45:30.194Z
IR,Ingersoll Rand Inc.,NYSE,nasdaq_trader,2026-09-18T10:45:30.194Z,2026-09-18T10:45:30.194Z
IRAB,Iris Acquisition Corp II,NYSE,nasdaq_trader,2026-09-18T10:45:30.194Z,2026-09-18T10:45:30.194Z
IRAB.U,Iris Acquisition Corp II,NYSE,nasdaq_trader,2026-09-18T10:45:30.194Z,2026-09-18T10:45:30.194Z
IRAB.W,Iris Acquisition Corp II,NYSE,nasdaq_trader,2026-09-18T10:45:30.194Z,2026-09-18T10:45:30.194Z
IRD,"Opus Genetics, Inc.",NASDAQ,nasdaq_trader,2026-09-18T10:45:30.194Z,2026-09-18T10:45:30.194Z
IRDM,Iridium Communications Inc,NASDAQ,nasdaq_trader,2026-09-18T10:45:30.194Z,2026-09-18T10:45:30.194Z
IREN,IREN Limited,NASDAQ,nasdaq_trader,2026-09-18T10:45:30.194Z,2026-09-18T10:45:30.194Z
IRHO,Iron Horse Acquisitions II Corp.,NASDAQ,nasdaq_trader,2026-09-18T10:45:30.194Z,2026-09-18T10:45:30.194Z
IRHOR,Iron Horse Acquisitions II Corp.,NASDAQ,nasdaq_trader,2026-09-18T10:45:30.194Z,2026-09-18T10:45:30.194Z
IRHOU,Iron Horse Acquisitions II Corp.,NASDAQ,nasdaq_trader,2026-09-18T10:45:30.194Z,2026-09-18T10:45:30.194Z
IRIX,IRIDEX Corporation,NASDAQ,nasdaq_trader,2026-09-18T10:45:30.194Z,2026-09-18T10:45:30.194Z
IRLCF,Israel Corporation Ltd,OTC,excel_import,2026-09-18T09:57:12.863Z,2026-09-18T09:57:12.863Z
IRM,Iron Mountain Incorporated,NYSE,nasdaq_trader,2026-09-18T10:45:30.194Z,2026-09-22T07:18:59.379Z
IRMD,iRadimed Corporation,NASDAQ,nasdaq_trader,2026-09-18T10:45:30.194Z,2026-09-18T10:45:30.194Z
IRON,"Disc Medicine, Inc.",NASDAQ,nasdaq_trader,2026-09-18T10:45:30.194Z,2026-09-18T10:45:30.194Z
IRS,IRSA Inversiones y Representaciones Sociedad Anónima,NYSE,nasdaq_trader,2026-09-18T10:45:30.194Z,2026-09-22T07:18:59.380Z
IRT,"Independence Realty Trust, Inc.",NYSE,nasdaq_trader,2026-09-18T10:45:30.194Z,2026-09-18T10:45:30.194Z
IRTC,"iRhythm Holdings, Inc.",NASDAQ,nasdaq_trader,2026-09-18T10:45:30.194Z,2026-09-18T10:45:30.194Z
IRWD,"Ironwood Pharmaceuticals, Inc.",NASDAQ,nasdaq_trader,2026-09-18T10:45:30.194Z,2026-09-18T10:45:30.194Z
ISBA,Isabella Bank Corporation,NASDAQ,nasdaq_trader,2026-09-18T10:45:30.194Z,2026-09-18T10:45:30.194Z
ISD,"PGIM High Yield Bond Fund, Inc.",NYSE,nasdaq_trader,2026-09-18T10:45:30.194Z,2026-09-18T10:45:30.194Z
ISNR,Snow Rothschild Acquisition Corp.,NASDAQ,nasdaq_trader,2026-09-18T10:45:30.194Z,2026-09-18T10:45:30.194Z
ISNRU,Snow Rothschild Acquisition Corp.,NASDAQ,nasdaq_trader,2026-09-18T10:45:30.194Z,2026-09-18T10:45:30.194Z
ISNRW,Snow Rothschild Acquisition Corp.,NASDAQ,nasdaq_trader,2026-09-18T10:45:30.194Z,2026-09-18T10:45:30.194Z
ISOU,IsoEnergy Ltd. Common Shares,AMEX,nasdaq_trader,2026-09-18T10:45:30.194Z,2026-09-18T10:45:30.194Z
ISPC,iSpecimen Inc.,NASDAQ,nasdaq_trader,2026-09-18T10:45:30.194Z,2026-09-18T10:45:30.194Z
ISPR,Ispire Technology Inc.,NASDAQ,nasdaq_trader,2026-09-18T10:45:30.194Z,2026-09-18T10:45:30.194Z
ISRG,"Intuitive Surgical, Inc.",NASDAQ,nasdaq_trader,2026-09-18T10:45:30.194Z,2026-09-18T10:45:30.194Z
ISTR,Investar Holding Corporation,NASDAQ,nasdaq_trader,2026-09-18T10:45:30.194Z,2026-09-18T10:45:30.194Z
IT,"Gartner, Inc.",NYSE,nasdaq_trader,2026-09-18T10:45:30.194Z,2026-09-18T10:45:30.194Z
ITFS,Itafos Inc.,OTC,excel_import,2026-09-18T09:57:12.863Z,2026-09-18T09:57:12.863Z
ITG,"ITG, Inc.",NASDAQ,excel_import,2026-09-18T09:57:12.863Z,2026-09-18T09:57:12.863Z
ITGR,Integer Holdings Corporation,NYSE,nasdaq_trader,2026-09-18T10:45:30.194Z,2026-09-18T10:45:30.194Z
ITHA,ITHAX Acquisition Corp III,NASDAQ,nasdaq_trader,2026-09-18T10:45:30.194Z,2026-09-18T10:45:30.194Z
ITHAU,ITHAX Acquisition Corp III,NASDAQ,nasdaq_trader,2026-09-18T10:45:30.194Z,2026-09-18T10:45:30.194Z
ITHAW,ITHAX Acquisition Corp III,NASDAQ,nasdaq_trader,2026-09-18T10:45:30.194Z,2026-09-18T10:45:30.194Z
ITIC,Investors Title Company,NASDAQ,nasdaq_trader,2026-09-18T10:45:30.194Z,2026-09-18T10:45:30.194Z
ITOC,iTonic Holdings Ltd,NASDAQ,nasdaq_trader,2026-09-18T10:45:30.194Z,2026-09-18T10:45:30.194Z
ITP,"IT Tech Packaging, Inc.",AMEX,nasdaq_trader,2026-09-18T10:45:30.194Z,2026-09-18T10:45:30.194Z
ITRG,Integra Resources Corp. Common Shares,AMEX,nasdaq_trader,2026-09-18T10:45:30.194Z,2026-09-18T10:45:30.194Z
ITRI,"Itron, Inc.",NASDAQ,nasdaq_trader,2026-09-18T10:45:30.194Z,2026-09-18T10:45:30.194Z
ITRN,Ituran Location and Control Ltd.,NASDAQ,nasdaq_trader,2026-09-18T10:45:30.194Z,2026-09-18T10:45:30.194Z
ITT,ITT Inc.,NYSE,nasdaq_trader,2026-09-18T10:45:30.194Z,2026-09-18T10:45:30.194Z
ITUB,Itaú Unibanco Holding S.A.,NYSE,nasdaq_trader,2026-09-18T10:45:30.194Z,2026-09-22T07:18:59.383Z
ITW,Illinois Tool Works Inc.,NYSE,nasdaq_trader,2026-09-18T10:45:30.194Z,2026-09-18T10:45:30.194Z
IVA,Inventiva S.A.,NASDAQ,nasdaq_trader,2026-09-18T10:45:30.194Z,2026-09-18T10:45:30.194Z
IVDA,"Iveda Solutions, Inc.",NASDAQ,nasdaq_trader,2026-09-18T10:45:30.194Z,2026-09-18T10:45:30.194Z
IVDAW,"Iveda Solutions, Inc.",NASDAQ,nasdaq_trader,2026-09-18T10:45:30.194Z,2026-09-18T10:45:30.194Z
IVF,"INVO Fertility, Inc.",NASDAQ,nasdaq_trader,2026-09-18T10:45:30.194Z,2026-09-18T10:45:30.194Z
IVR,INVESCO MORTGAGE CAPITAL INC,NYSE,nasdaq_trader,2026-09-18T10:45:30.194Z,2026-09-18T10:45:30.194Z
IVT,InvenTrust Properties Corp.,NYSE,nasdaq_trader,2026-09-18T10:45:30.194Z,2026-09-18T10:45:30.194Z
IVVD,"Invivyd, Inc.",NASDAQ,nasdaq_trader,2026-09-18T10:45:30.194Z,2026-09-18T10:45:30.194Z
IVZ,Invesco Ltd,NYSE,nasdaq_trader,2026-09-18T10:45:30.194Z,2026-09-18T10:45:30.194Z
IX,ORIX Corporation,NYSE,nasdaq_trader,2026-09-18T10:45:30.194Z,2026-09-18T10:45:30.194Z
IXHL,Incannex Healthcare Inc.,NASDAQ,nasdaq_trader,2026-09-18T10:45:30.194Z,2026-09-18T10:45:30.194Z
IZEA,"IZEA Worldwide, Inc.",NASDAQ,nasdaq_trader,2026-09-18T10:45:30.194Z,2026-09-18T10:45:30.194Z
IZM,ICZOOM Group Inc.,NASDAQ,nasdaq_trader,2026-09-18T10:45:30.194Z,2026-09-18T10:45:30.194Z
J,Jacobs Solutions Inc.,NYSE,nasdaq_trader,2026-09-18T10:45:30.194Z,2026-09-18T10:45:30.194Z
JACK,Jack In The Box Inc.,NASDAQ,nasdaq_trader,2026-09-18T10:45:30.194Z,2026-09-18T10:45:30.194Z
JACS,Jackson Acquisition Company II,NYSE,nasdaq_trader,2026-09-18T10:45:30.194Z,2026-09-18T10:45:30.194Z
JACS.R,Jackson Acquisition Company II,NYSE,nasdaq_trader,2026-09-18T10:45:30.194Z,2026-09-18T10:45:30.194Z
JACS.U,Jackson Acquisition Company II,NYSE,nasdaq_trader,2026-09-18T10:45:30.194Z,2026-09-18T10:45:30.194Z
JAGU,Jaguar Uranium Corp. Class A Common Shares,AMEX,nasdaq_trader,2026-09-18T10:45:30.194Z,2026-09-18T10:45:30.194Z
JAGX,"Jaguar Health, Inc.",NASDAQ,nasdaq_trader,2026-09-18T10:45:30.194Z,2026-09-18T10:45:30.194Z
JAKK,"JAKKS Pacific, Inc.",NASDAQ,nasdaq_trader,2026-09-18T10:45:30.194Z,2026-09-18T10:45:30.194Z
JAMGF,Tuktu Resources Ltd.,OTC,excel_import,2026-09-18T09:57:12.863Z,2026-09-18T09:57:12.863Z
JAN,"Janus Living, Inc.",NYSE,nasdaq_trader,2026-09-18T10:45:30.194Z,2026-09-22T07:18:59.385Z
JANX,"Janux Therapeutics, Inc.",NASDAQ,nasdaq_trader,2026-09-18T10:45:30.194Z,2026-09-18T10:45:30.194Z
JATT,JATT II Acquisition Corp,NASDAQ,nasdaq_trader,2026-09-18T10:45:30.194Z,2026-09-18T10:45:30.194Z
JAZZ,Jazz Pharmaceuticals plc,NASDAQ,nasdaq_trader,2026-09-18T10:45:30.194Z,2026-09-18T10:45:30.194Z
JBDI,JBDI Holdings Limited,NASDAQ,nasdaq_trader,2026-09-18T10:45:30.194Z,2026-09-18T10:45:30.194Z
JBGS,JBG SMITH Properties Common Shares,NYSE,nasdaq_trader,2026-09-18T10:45:30.194Z,2026-09-18T10:45:30.194Z
JBHT,"J.B. Hunt Transport Services, Inc.",NASDAQ,nasdaq_trader,2026-09-18T10:45:30.194Z,2026-09-18T10:45:30.194Z
JBI,"Janus International Group, Inc.",NYSE,nasdaq_trader,2026-09-18T10:45:30.194Z,2026-09-18T10:45:30.194Z
JBIO,"Jade Biosciences, Inc.",NASDAQ,nasdaq_trader,2026-09-18T10:45:30.194Z,2026-09-18T10:45:30.194Z
JBK,"Corporate Backed Trust Certificates, Goldman Sachs Capital I Securities-Backed Series 2004-6 04-6 A1 3.50",NYSE,nasdaq_trader,2026-09-18T10:45:30.194Z,2026-09-22T07:18:59.387Z
JBL,Jabil Inc.,NYSE,nasdaq_trader,2026-09-18T10:45:30.194Z,2026-09-18T10:45:30.194Z
JBLU,JetBlue Airways Corporation,NASDAQ,nasdaq_trader,2026-09-18T10:45:30.194Z,2026-09-18T10:45:30.194Z
JBS,JBS N.V. Class A Common Shares,NYSE,nasdaq_trader,2026-09-18T10:45:30.194Z,2026-09-18T10:45:30.194Z
JBSS,"John B. Sanfilippo & Son, Inc.",NASDAQ,nasdaq_trader,2026-09-18T10:45:30.194Z,2026-09-18T10:45:30.194Z
JBTM,JBT Marel Corporation,NYSE,nasdaq_trader,2026-09-18T10:45:30.194Z,2026-09-18T10:45:30.194Z
JCAP,"Jefferson Capital, Inc.",NASDAQ,nasdaq_trader,2026-09-18T10:45:30.194Z,2026-09-18T10:45:30.194Z
JCE,Nuveen Core Equity Alpha Fund,NYSE,nasdaq_trader,2026-09-18T10:45:30.194Z,2026-09-18T10:45:30.194Z
JCI,Johnson Controls International plc,NYSE,nasdaq_trader,2026-09-18T10:45:30.194Z,2026-09-18T10:45:30.194Z
JCSE,JE Cleantech Holdings Limited,NASDAQ,nasdaq_trader,2026-09-18T10:45:30.194Z,2026-09-18T10:45:30.194Z
JCTC,Jewett-Cameron Trading Company,NASDAQ,nasdaq_trader,2026-09-18T10:45:30.194Z,2026-09-18T10:45:30.194Z
JD,"JD.com, Inc.",NASDAQ,nasdaq_trader,2026-09-18T10:45:30.194Z,2026-09-18T10:45:30.194Z
JDEPY,JDE Peet's NV,OTC,excel_import,2026-09-18T09:57:12.863Z,2026-09-18T09:57:12.863Z
JDZG,JIADE LIMITED,NASDAQ,nasdaq_trader,2026-09-18T10:45:30.194Z,2026-09-18T10:45:30.194Z
JEF,Jefferies Financial Group Inc.,NYSE,nasdaq_trader,2026-09-18T10:45:30.194Z,2026-09-18T10:45:30.194Z
JELD,"JELD-WEN Holding, Inc.",NYSE,nasdaq_trader,2026-09-18T10:45:30.194Z,2026-09-18T10:45:30.194Z
JEM,707 Cayman Holdings Limited,NASDAQ,nasdaq_trader,2026-09-18T10:45:30.194Z,2026-09-18T10:45:30.194Z
JENA,Jena Acquisition Corporation II,NYSE,nasdaq_trader,2026-09-18T10:45:30.194Z,2026-09-18T10:45:30.194Z
JENA.R,Jena Acquisition Corporation II,NYSE,nasdaq_trader,2026-09-18T10:45:30.194Z,2026-09-18T10:45:30.194Z
JENA.U,Jena Acquisition Corporation II,NYSE,nasdaq_trader,2026-09-18T10:45:30.194Z,2026-09-18T10:45:30.194Z
JF,J and Friends Holdings Limited,NASDAQ,nasdaq_trader,2026-09-18T10:45:30.194Z,2026-09-18T10:45:30.194Z
JFIN,Jiayin Group Inc.,NASDAQ,nasdaq_trader,2026-09-18T10:45:30.194Z,2026-09-18T10:45:30.194Z
JFR,Nuveen Floating Rate Income Fund,NYSE,nasdaq_trader,2026-09-18T10:45:30.194Z,2026-09-18T10:45:30.194Z
JFU,9F Inc.,NASDAQ,nasdaq_trader,2026-09-18T10:45:30.194Z,2026-09-18T10:45:30.194Z
JG,Aurora Mobile Limited,NASDAQ,nasdaq_trader,2026-09-18T10:45:30.194Z,2026-09-18T10:45:30.194Z
JGH,Nuveen Global High Income Fund,NYSE,nasdaq_trader,2026-09-18T10:45:30.194Z,2026-09-18T10:45:30.194Z
JHI,John Hancock Investors Trust,NYSE,nasdaq_trader,2026-09-18T10:45:30.194Z,2026-09-18T10:45:30.194Z
JHS,John Hancock Income Securities Trust,NYSE,nasdaq_trader,2026-09-18T10:45:30.194Z,2026-09-18T10:45:30.194Z
JHX,James Hardie Industries plc.,NYSE,nasdaq_trader,2026-09-18T10:45:30.194Z,2026-09-18T10:45:30.194Z
JILL,"J. Jill, Inc.",NYSE,nasdaq_trader,2026-09-18T10:45:30.194Z,2026-09-18T10:45:30.194Z
JJSF,J & J Snack Foods Corp.,NASDAQ,nasdaq_trader,2026-09-18T10:45:30.194Z,2026-09-18T10:45:30.194Z
JKHY,"Jack Henry & Associates, Inc.",NASDAQ,nasdaq_trader,2026-09-18T10:45:30.194Z,2026-09-18T10:45:30.194Z
JKS,JinkoSolar Holding Company Limited,NYSE,nasdaq_trader,2026-09-18T10:45:30.194Z,2026-09-18T10:45:30.194Z
JL,J-Long Group Limited,NASDAQ,nasdaq_trader,2026-09-18T10:45:30.194Z,2026-09-18T10:45:30.194Z
JLHL,Julong Holding Limited,NASDAQ,nasdaq_trader,2026-09-18T10:45:30.194Z,2026-09-18T10:45:30.194Z
JLL,Jones Lang LaSalle Incorporated,NYSE,nasdaq_trader,2026-09-18T10:45:30.194Z,2026-09-18T10:45:30.194Z
JLS,Nuveen Mortgage and Income Fund,NYSE,nasdaq_trader,2026-09-18T10:45:30.194Z,2026-09-18T10:45:30.194Z
JMIA,Jumia Technologies AG,NYSE,nasdaq_trader,2026-09-18T10:45:30.194Z,2026-09-18T10:45:30.194Z
JMKE,Jersey Mike's Subs Inc.,NYSE,nasdaq_trader,2026-09-18T10:45:30.194Z,2026-09-18T10:45:30.194Z
JMM,Nuveen Multi-Market Income Fund,NYSE,nasdaq_trader,2026-09-18T10:45:30.194Z,2026-09-22T07:18:59.388Z
JMPHF,Leveljump Healthcare Corp.,OTC,excel_import,2026-09-18T09:57:12.863Z,2026-09-18T09:57:12.863Z
JMSB,"John Marshall Bancorp, Inc.",NASDAQ,nasdaq_trader,2026-09-18T10:45:30.194Z,2026-09-18T10:45:30.194Z
JNHMF,Jack Nathan Medical Corp.,OTC,excel_import,2026-09-18T09:57:12.863Z,2026-09-18T09:57:12.863Z
JNJ,Johnson & Johnson,NYSE,nasdaq_trader,2026-09-18T10:45:30.194Z,2026-09-18T10:45:30.194Z
JOB,GEE Group Inc.,AMEX,nasdaq_trader,2026-09-18T10:45:30.194Z,2026-09-18T10:45:30.194Z
JOBY,"Joby Aviation, Inc.",NYSE,nasdaq_trader,2026-09-18T10:45:30.194Z,2026-09-18T10:45:30.194Z
JOE,St. Joe Company (The),NYSE,nasdaq_trader,2026-09-18T10:45:30.194Z,2026-09-18T10:45:30.194Z
JOF,Japan Smaller Capitalization Fund Inc,NYSE,nasdaq_trader,2026-09-18T10:45:30.194Z,2026-09-18T10:45:30.194Z
JONE,Jones Ventures INTL Acquisition1 Corp,NASDAQ,nasdaq_trader,2026-09-18T10:45:30.194Z,2026-09-18T10:45:30.194Z
JONER,Jones Ventures INTL Acquisition1 Corp,NASDAQ,nasdaq_trader,2026-09-18T10:45:30.194Z,2026-09-18T10:45:30.194Z
JONEU,Jones Ventures INTL Acquisition1 Corp,NASDAQ,nasdaq_trader,2026-09-18T10:45:30.194Z,2026-09-18T10:45:30.194Z
JOUT,Johnson Outdoors Inc.,NASDAQ,nasdaq_trader,2026-09-18T10:45:30.194Z,2026-09-18T10:45:30.194Z
JOYY,JOYY Inc.,NASDAQ,excel_import,2026-09-18T09:57:12.863Z,2026-09-18T09:57:12.863Z
JPC,Nuveen Preferred & Income Opportunities Fund,NYSE,nasdaq_trader,2026-09-18T10:45:30.194Z,2026-09-18T10:45:30.194Z
JPM,JP Morgan Chase & Co.,NYSE,nasdaq_trader,2026-09-18T10:45:30.194Z,2026-09-18T10:45:30.194Z
JQC,Nuveen Credit Strategies Income Fund,NYSE,nasdaq_trader,2026-09-18T10:45:30.194Z,2026-09-18T10:45:30.194Z
JRI,Nuveen Real Asset Income and Growth Fund,NYSE,nasdaq_trader,2026-09-18T10:45:30.194Z,2026-09-18T10:45:30.194Z
JRS,Nuveen Real Estate Income Fund,NYSE,nasdaq_trader,2026-09-18T10:45:30.194Z,2026-09-18T10:45:30.194Z
JRSH,"Jerash Holdings (US), Inc.",NASDAQ,nasdaq_trader,2026-09-18T10:45:30.194Z,2026-09-18T10:45:30.194Z
JRVR,"James River Group Holdings, Inc.",NASDAQ,nasdaq_trader,2026-09-18T10:45:30.194Z,2026-09-18T10:45:30.194Z
JSM,Navient Corporation SR NT 6% 121543,NASDAQ,nasdaq_trader,2026-09-18T10:45:30.194Z,2026-09-22T07:18:59.010Z
JSPR,"Jasper Therapeutics, Inc.",NASDAQ,nasdaq_trader,2026-09-18T10:45:30.194Z,2026-09-18T10:45:30.194Z
JSPRW,"Jasper Therapeutics, Inc.",NASDAQ,nasdaq_trader,2026-09-18T10:45:30.194Z,2026-09-18T10:45:30.194Z
JTAI,Jet.AI Inc.,NASDAQ,nasdaq_trader,2026-09-18T10:45:30.194Z,2026-09-18T10:45:30.194Z
JTTT,JATT III Acquisition Corp,NASDAQ,nasdaq_trader,2026-09-18T10:45:30.194Z,2026-09-18T10:45:30.194Z
JTWOF,J2 Metals Inc.,OTC,excel_import,2026-09-18T09:57:12.863Z,2026-09-18T09:57:12.863Z
JUNS,"Jupiter Neurosciences, Inc.",NASDAQ,nasdaq_trader,2026-09-18T10:45:30.194Z,2026-09-18T10:45:30.194Z
JVA,"Coffee Holding Co., Inc.",NASDAQ,nasdaq_trader,2026-09-18T10:45:30.194Z,2026-09-18T10:45:30.194Z
JWEL,Jowell Global Ltd.,NASDAQ,nasdaq_trader,2026-09-18T10:45:30.194Z,2026-09-18T10:45:30.194Z
JXG,JX Luxventure Group Inc.,NASDAQ,nasdaq_trader,2026-09-18T10:45:30.194Z,2026-09-18T10:45:30.194Z
JXN,Jackson Financial Inc.,NYSE,nasdaq_trader,2026-09-18T10:45:30.194Z,2026-09-18T10:45:30.194Z
JYD,Jayud Global Logistics Limited,NASDAQ,nasdaq_trader,2026-09-18T10:45:30.194Z,2026-09-18T10:45:30.194Z
JYNT,The Joint Corp.,NASDAQ,nasdaq_trader,2026-09-18T10:45:30.194Z,2026-09-18T10:45:30.194Z
JZ,Jianzhi Education Technology Group Company Limited,NASDAQ,nasdaq_trader,2026-09-18T10:45:30.194Z,2026-09-18T10:45:30.194Z
JZXN,"Jiuzi Holdings, Inc.",NASDAQ,nasdaq_trader,2026-09-18T10:45:30.194Z,2026-09-18T10:45:30.194Z
KAI,Kadant Inc,NYSE,nasdaq_trader,2026-09-18T10:45:30.194Z,2026-09-18T10:45:30.194Z
KALA,"KALA BIO, Inc.",NASDAQ,nasdaq_trader,2026-09-18T10:45:30.194Z,2026-09-18T10:45:30.194Z
KALU,Kaiser Aluminum Corporation,NASDAQ,nasdaq_trader,2026-09-18T10:45:30.194Z,2026-09-18T10:45:30.194Z
KAPA,"Kairos Pharma, Ltd.",AMEX,nasdaq_trader,2026-09-18T10:45:30.194Z,2026-09-18T10:45:30.194Z
KARD,"Kardigan, Inc.",NASDAQ,nasdaq_trader,2026-09-18T10:45:30.194Z,2026-09-18T10:45:30.194Z
KARO,Karooooo Ltd.,NASDAQ,nasdaq_trader,2026-09-18T10:45:30.194Z,2026-09-18T10:45:30.194Z
KAZR,Skyline Builders Group Holding Limited,NASDAQ,nasdaq_trader,2026-09-18T10:45:30.194Z,2026-09-18T10:45:30.194Z
KB,KB Financial Group Inc,NYSE,nasdaq_trader,2026-09-18T10:45:30.194Z,2026-09-18T10:45:30.194Z
KBDC,"Kayne Anderson BDC, Inc.",NYSE,nasdaq_trader,2026-09-18T10:45:30.194Z,2026-09-18T10:45:30.194Z
KBH,KB Home,NYSE,nasdaq_trader,2026-09-18T10:45:30.194Z,2026-09-18T10:45:30.194Z
KBON,Karbon Capital Partners Corp.,NASDAQ,nasdaq_trader,2026-09-18T10:45:30.194Z,2026-09-18T10:45:30.194Z
KBONU,Karbon Capital Partners Corp.,NASDAQ,nasdaq_trader,2026-09-18T10:45:30.194Z,2026-09-18T10:45:30.194Z
KBONW,Karbon Capital Partners Corp.,NASDAQ,nasdaq_trader,2026-09-18T10:45:30.194Z,2026-09-18T10:45:30.194Z
KBR,"KBR, Inc.",NYSE,nasdaq_trader,2026-09-18T10:45:30.194Z,2026-09-18T10:45:30.194Z
KBRLF,K-Bro Linen Inc.,OTC,excel_import,2026-09-18T09:57:12.863Z,2026-09-18T09:57:12.863Z
KBSX,FST Corp.,NASDAQ,nasdaq_trader,2026-09-18T10:45:30.194Z,2026-09-18T10:45:30.194Z
KC,Kingsoft Cloud Holdings Limited,NASDAQ,nasdaq_trader,2026-09-18T10:45:30.194Z,2026-09-18T10:45:30.194Z
KCA.U,Kensington Capital Acquisition Corp. VI New,NYSE,nasdaq_trader,2026-09-18T10:45:30.194Z,2026-09-18T10:45:30.194Z
KCAC.U,Kensington Capital Acquisition Corp. VI,NYSE,nasdaq_trader,2026-09-18T10:45:30.194Z,2026-09-18T10:45:30.194Z
KCAC.W,Kensington Capital Acquisition Corp. VI Class 1,NYSE,nasdaq_trader,2026-09-18T10:45:30.194Z,2026-09-18T10:45:30.194Z
KCHV,Kochav Defense Acquisition Corp.,NASDAQ,nasdaq_trader,2026-09-18T10:45:30.194Z,2026-09-18T10:45:30.194Z
KCHVR,Kochav Defense Acquisition Corp.,NASDAQ,nasdaq_trader,2026-09-18T10:45:30.194Z,2026-09-18T10:45:30.194Z
KCHVU,Kochav Defense Acquisition Corp.,NASDAQ,nasdaq_trader,2026-09-18T10:45:30.194Z,2026-09-18T10:45:30.194Z
KD,"Kyndryl Holdings, Inc.",NYSE,nasdaq_trader,2026-09-18T10:45:30.194Z,2026-09-18T10:45:30.194Z
KDK,"Kodiak AI, Inc.",NASDAQ,excel_import,2026-09-18T09:57:12.863Z,2026-09-18T09:57:12.863Z
KDKRW,"Kodiak AI, Inc.",NASDAQ,nasdaq_trader,2026-09-18T10:45:30.194Z,2026-09-18T10:45:30.194Z
KDP,Keurig Dr Pepper Inc.,NASDAQ,nasdaq_trader,2026-09-18T10:45:30.194Z,2026-09-18T10:45:30.194Z
KE,"Kimball Electronics, Inc.",NASDAQ,nasdaq_trader,2026-09-18T10:45:30.194Z,2026-09-18T10:45:30.194Z
KEEL,Keel Infrastructure Corp.,NASDAQ,excel_import,2026-09-18T09:57:12.863Z,2026-09-18T09:57:12.863Z
KELYA,"Kelly Services, Inc.",NASDAQ,nasdaq_trader,2026-09-18T10:45:30.194Z,2026-09-18T10:45:30.194Z
KELYB,"Kelly Services, Inc.",NASDAQ,nasdaq_trader,2026-09-18T10:45:30.194Z,2026-09-18T10:45:30.194Z
KEN,Kenon Holdings Ltd.,NYSE,nasdaq_trader,2026-09-18T10:45:30.194Z,2026-09-18T10:45:30.194Z
KEP,Korea Electric Power Corporation,NYSE,nasdaq_trader,2026-09-18T10:45:30.194Z,2026-09-18T10:45:30.194Z
KEQU,Kewaunee Scientific Corporation,NASDAQ,nasdaq_trader,2026-09-18T10:45:30.194Z,2026-09-18T10:45:30.194Z
KEX,Kirby Corporation,NYSE,nasdaq_trader,2026-09-18T10:45:30.194Z,2026-09-18T10:45:30.194Z
KEY,KeyCorp,NYSE,nasdaq_trader,2026-09-18T10:45:30.194Z,2026-09-18T10:45:30.194Z
KEYRY,Keyera Corp.,OTC,excel_import,2026-09-18T09:57:12.863Z,2026-09-18T09:57:12.863Z
KEYS,Keysight Technologies Inc.,NYSE,nasdaq_trader,2026-09-18T10:45:30.194Z,2026-09-18T10:45:30.194Z
KEYY,Keystone Acquisition Corp.,NASDAQ,nasdaq_trader,2026-09-18T10:45:30.194Z,2026-09-18T10:45:30.194Z
KEYYU,Keystone Acquisition Corp.,NASDAQ,nasdaq_trader,2026-09-18T10:45:30.194Z,2026-09-18T10:45:30.194Z
KEYYW,Keystone Acquisition Corp.,NASDAQ,nasdaq_trader,2026-09-18T10:45:30.194Z,2026-09-18T10:45:30.194Z
KF,"The Korea Fund, Inc.",NYSE,nasdaq_trader,2026-09-18T10:45:30.194Z,2026-09-22T07:18:59.389Z
KFFB,Kentucky First Federal Bancorp,NASDAQ,nasdaq_trader,2026-09-18T10:45:30.194Z,2026-09-18T10:45:30.194Z
KFII,K&F Growth Acquisition Corp. II,NASDAQ,nasdaq_trader,2026-09-18T10:45:30.194Z,2026-09-18T10:45:30.194Z
KFIIR,K&F Growth Acquisition Corp. II,NASDAQ,nasdaq_trader,2026-09-18T10:45:30.194Z,2026-09-18T10:45:30.194Z
KFIIU,K&F Growth Acquisition Corp. II,NASDAQ,nasdaq_trader,2026-09-18T10:45:30.194Z,2026-09-18T10:45:30.194Z
KFRC,"Kforce, Inc.",NYSE,nasdaq_trader,2026-09-18T10:45:30.194Z,2026-09-18T10:45:30.194Z
KFY,Korn Ferry,NYSE,nasdaq_trader,2026-09-18T10:45:30.194Z,2026-09-18T10:45:30.194Z
KG,"Kestrel Group, Ltd.",NASDAQ,nasdaq_trader,2026-09-18T10:45:30.194Z,2026-09-18T10:45:30.194Z
KGC,Kinross Gold Corporation,NYSE,nasdaq_trader,2026-09-18T10:45:30.194Z,2026-09-18T10:45:30.194Z
KGEI,Kolibri Global Energy Inc.,NASDAQ,nasdaq_trader,2026-09-18T10:45:30.194Z,2026-09-18T10:45:30.194Z
KGS,"Kodiak Gas Services, Inc.",NYSE,nasdaq_trader,2026-09-18T10:45:30.194Z,2026-09-18T10:45:30.194Z
KHC,The Kraft Heinz Company,NYSE,nasdaq_trader,2026-09-18T10:45:30.194Z,2026-09-18T10:45:30.194Z
KIDS,OrthoPediatrics Corp.,NASDAQ,nasdaq_trader,2026-09-18T10:45:30.194Z,2026-09-18T10:45:30.194Z
KIDZ,KIDZ AI Inc.,NASDAQ,nasdaq_trader,2026-09-18T10:45:30.194Z,2026-09-18T10:45:30.194Z
KIDZW,KIDZ AI Inc.,NASDAQ,nasdaq_trader,2026-09-18T10:45:30.194Z,2026-09-18T10:45:30.194Z
KIM,Kimco Realty Corporation,NYSE,nasdaq_trader,2026-09-18T10:45:30.194Z,2026-09-22T07:18:59.391Z
KINS,"Kingstone Companies, Inc",NASDAQ,nasdaq_trader,2026-09-18T10:45:30.194Z,2026-09-18T10:45:30.194Z
KIO,KKR Income Opportunities Fund Common Shares,NYSE,nasdaq_trader,2026-09-18T10:45:30.194Z,2026-09-18T10:45:30.194Z
KITT,"Nauticus Robotics, Inc.",NASDAQ,nasdaq_trader,2026-09-18T10:45:30.194Z,2026-09-18T10:45:30.194Z
KITTW,"Nauticus Robotics, Inc.",NASDAQ,nasdaq_trader,2026-09-18T10:45:30.194Z,2026-09-18T10:45:30.194Z
KKR,KKR & Co. Inc.,NYSE,nasdaq_trader,2026-09-18T10:45:30.194Z,2026-09-18T10:45:30.194Z
KKRS,KKR Group Finance Co. IX LLC 4.,NYSE,nasdaq_trader,2026-09-18T10:45:30.194Z,2026-09-22T07:18:59.393Z
KKRT,KKR & Co. Inc. 6.875% Subordina,NYSE,nasdaq_trader,2026-09-18T10:45:30.194Z,2026-09-22T07:18:59.394Z
KLAC,KLA Corporation,NASDAQ,nasdaq_trader,2026-09-18T10:45:30.194Z,2026-09-18T10:45:30.194Z
KLAR,Klarna Group plc,NYSE,excel_import,2026-09-18T09:57:12.863Z,2026-09-18T09:57:12.863Z
KLC,"KinderCare Learning Companies, Inc.",NYSE,nasdaq_trader,2026-09-18T10:45:30.194Z,2026-09-18T10:45:30.194Z
KLIC,"Kulicke and Soffa Industries, Inc.",NASDAQ,nasdaq_trader,2026-09-18T10:45:30.194Z,2026-09-18T10:45:30.194Z
KLRA,"Kailera Therapeutics, Inc.",NASDAQ,excel_import,2026-09-18T09:57:12.863Z,2026-09-18T09:57:12.863Z
KLRS,"Kalaris Therapeutics, Inc.",NASDAQ,excel_import,2026-09-18T09:57:12.863Z,2026-09-18T09:57:12.863Z
KLTR,"Kaltura, Inc.",NASDAQ,nasdaq_trader,2026-09-18T10:45:30.194Z,2026-09-18T10:45:30.194Z
KLXE,"KLX Energy Services Holdings, Inc.",NASDAQ,nasdaq_trader,2026-09-18T10:45:30.194Z,2026-09-18T10:45:30.194Z
KLXER,"KLX Energy Services Holdings, Inc.",NASDAQ,nasdaq_trader,2026-09-18T10:45:30.194Z,2026-09-18T10:45:30.194Z
KMB,Kimberly-Clark Corporation,NASDAQ,nasdaq_trader,2026-09-18T10:45:30.194Z,2026-09-18T10:45:30.194Z
KMDA,Kamada Ltd.,NASDAQ,nasdaq_trader,2026-09-18T10:45:30.194Z,2026-09-18T10:45:30.194Z
KMI,"Kinder Morgan, Inc.",NYSE,nasdaq_trader,2026-09-18T10:45:30.194Z,2026-09-18T10:45:30.194Z
KMPB,Kemper Corporation 5.875% Fixed,NYSE,nasdaq_trader,2026-09-18T10:45:30.194Z,2026-09-22T07:18:59.396Z
KMPR,Kemper Corporation,NYSE,nasdaq_trader,2026-09-18T10:45:30.194Z,2026-09-18T10:45:30.194Z
KMRK,K-Tech Solutions Company Limited,NASDAQ,nasdaq_trader,2026-09-18T10:45:30.194Z,2026-09-18T10:45:30.194Z
KMT,Kennametal Inc.,NYSE,nasdaq_trader,2026-09-18T10:45:30.194Z,2026-09-18T10:45:30.194Z
KMTS,"Kestra Medical Technologies, Ltd.",NASDAQ,nasdaq_trader,2026-09-18T10:45:30.194Z,2026-09-18T10:45:30.194Z
KMX,CarMax Inc,NYSE,nasdaq_trader,2026-09-18T10:45:30.194Z,2026-09-18T10:45:30.194Z
KN,Knowles Corporation,NYSE,nasdaq_trader,2026-09-18T10:45:30.194Z,2026-09-18T10:45:30.194Z
KNDI,"Kandi Technologies Group, Inc.",NASDAQ,nasdaq_trader,2026-09-18T10:45:30.194Z,2026-09-18T10:45:30.194Z
KNDYF,Kenadyr Metals Corp.,OTC,excel_import,2026-09-18T09:57:12.863Z,2026-09-18T09:57:12.863Z
KNF,Knife River Corporation,NYSE,nasdaq_trader,2026-09-18T10:45:30.194Z,2026-09-22T07:18:59.397Z
KNOP,KNOT Offshore Partners LP Common,NYSE,nasdaq_trader,2026-09-18T10:45:30.194Z,2026-09-18T10:45:30.194Z
KNRX,KNOREX LTD.,AMEX,nasdaq_trader,2026-09-18T10:45:30.194Z,2026-09-18T10:45:30.194Z
KNSA,"Kiniksa Pharmaceuticals International, plc",NASDAQ,nasdaq_trader,2026-09-18T10:45:30.194Z,2026-09-18T10:45:30.194Z
KNSL,"Kinsale Capital Group, Inc.",NYSE,nasdaq_trader,2026-09-18T10:45:30.194Z,2026-09-18T10:45:30.194Z
KNTK,Kinetik Holdings Inc.,NYSE,nasdaq_trader,2026-09-18T10:45:30.194Z,2026-09-18T10:45:30.194Z
KNX,Knight-Swift Transportation Holdings Inc.,NYSE,nasdaq_trader,2026-09-18T10:45:30.194Z,2026-09-18T10:45:30.194Z
KO,The Coca-Cola Company,NYSE,yahoo,2026-09-18T09:36:00.410Z,2026-09-18T09:36:00.410Z
KOD,Kodiak Sciences Inc,NASDAQ,nasdaq_trader,2026-09-18T10:45:30.194Z,2026-09-18T10:45:30.194Z
KODK,Eastman Kodak Company,NYSE,nasdaq_trader,2026-09-18T10:45:30.194Z,2026-09-22T07:18:59.399Z
KOF,Coca Cola Femsa S.A.B. de C.V.,NYSE,nasdaq_trader,2026-09-18T10:45:30.194Z,2026-09-18T10:45:30.194Z
KOP,Koppers Holdings Inc.,NYSE,nasdaq_trader,2026-09-18T10:45:30.194Z,2026-09-18T10:45:30.194Z
KOPN,Kopin Corporation,NASDAQ,nasdaq_trader,2026-09-18T10:45:30.194Z,2026-09-18T10:45:30.194Z
KOS,Kosmos Energy Ltd.,NYSE,nasdaq_trader,2026-09-18T10:45:30.194Z,2026-09-22T07:18:59.401Z
KOSS,Koss Corporation,NASDAQ,nasdaq_trader,2026-09-18T10:45:30.194Z,2026-09-18T10:45:30.194Z
KOYN,CSLM Digital Asset Acquisition Corp III,NASDAQ,nasdaq_trader,2026-09-18T10:45:30.194Z,2026-09-18T10:45:30.194Z
KOYNU,CSLM Digital Asset Acquisition Corp III,NASDAQ,nasdaq_trader,2026-09-18T10:45:30.194Z,2026-09-18T10:45:30.194Z
KOYNW,CSLM Digital Asset Acquisition Corp III,NASDAQ,nasdaq_trader,2026-09-18T10:45:30.194Z,2026-09-18T10:45:30.194Z
KPET,KPET Ultra Paceline Corporation,NYSE,nasdaq_trader,2026-09-18T10:45:30.194Z,2026-09-18T10:45:30.194Z
KPET.U,KPET Ultra Paceline Corporation,NYSE,nasdaq_trader,2026-09-18T10:45:30.194Z,2026-09-18T10:45:30.194Z
KPET.W,KPET Ultra Paceline Corporation,NYSE,nasdaq_trader,2026-09-18T10:45:30.194Z,2026-09-18T10:45:30.194Z
KPLT,"Katapult Holdings, Inc.",NASDAQ,nasdaq_trader,2026-09-18T10:45:30.194Z,2026-09-18T10:45:30.194Z
KPRX,"Kiora Pharmaceuticals, Inc.",NASDAQ,nasdaq_trader,2026-09-18T10:45:30.194Z,2026-09-18T10:45:30.194Z
KPTI,Karyopharm Therapeutics Inc.,NASDAQ,nasdaq_trader,2026-09-18T10:45:30.194Z,2026-09-18T10:45:30.194Z
KR,Kroger Company (The),NYSE,nasdaq_trader,2026-09-18T10:45:30.194Z,2026-09-18T10:45:30.194Z
KRAQ,KRAKacquisition Corp,NASDAQ,nasdaq_trader,2026-09-18T10:45:30.194Z,2026-09-18T10:45:30.194Z
KRAQU,KRAKacquisition Corp,NASDAQ,nasdaq_trader,2026-09-18T10:45:30.194Z,2026-09-18T10:45:30.194Z
KRAQW,KRAKacquisition Corp,NASDAQ,nasdaq_trader,2026-09-18T10:45:30.194Z,2026-09-18T10:45:30.194Z
KRC,Kilroy Realty Corporation,NYSE,nasdaq_trader,2026-09-18T10:45:30.194Z,2026-09-18T10:45:30.194Z
KREF,KKR Real Estate Finance Trust Inc.,NYSE,nasdaq_trader,2026-09-18T10:45:30.194Z,2026-09-18T10:45:30.194Z
KRG,Kite Realty Group Trust,NYSE,nasdaq_trader,2026-09-18T10:45:30.194Z,2026-09-18T10:45:30.194Z
KRKR,36Kr Holdings Inc.,NASDAQ,nasdaq_trader,2026-09-18T10:45:30.194Z,2026-09-18T10:45:30.194Z
KRMD,"KORU Medical Systems, Inc.",NASDAQ,excel_import,2026-09-18T09:57:12.863Z,2026-09-18T09:57:12.863Z
KRMN,Karman Holdings Inc.,NYSE,nasdaq_trader,2026-09-18T10:45:30.194Z,2026-09-18T10:45:30.194Z
KRNT,Kornit Digital Ltd.,NASDAQ,nasdaq_trader,2026-09-18T10:45:30.194Z,2026-09-18T10:45:30.194Z
KRNY,Kearny Financial,NASDAQ,nasdaq_trader,2026-09-18T10:45:30.194Z,2026-09-18T10:45:30.194Z
KRO,Kronos Worldwide Inc,NYSE,nasdaq_trader,2026-09-18T10:45:30.194Z,2026-09-18T10:45:30.194Z
KROS,"Keros Therapeutics, Inc.",NASDAQ,nasdaq_trader,2026-09-18T10:45:30.194Z,2026-09-18T10:45:30.194Z
KRP,Kimbell Royalty Partners Common,NYSE,nasdaq_trader,2026-09-18T10:45:30.194Z,2026-09-18T10:45:30.194Z
KRRO,"Korro Bio, Inc.",NASDAQ,nasdaq_trader,2026-09-18T10:45:30.194Z,2026-09-18T10:45:30.194Z
KRSA,"Korsana Biosciences, Inc.",NASDAQ,nasdaq_trader,2026-09-18T10:45:30.194Z,2026-09-18T10:45:30.194Z
KRSP,Rice Acquisition Corporation 3,NYSE,nasdaq_trader,2026-09-18T10:45:30.194Z,2026-09-18T10:45:30.194Z
KRSP.U,Rice Acquisition Corporation 3,NYSE,nasdaq_trader,2026-09-18T10:45:30.194Z,2026-09-18T10:45:30.194Z
KRSP.W,Rice Acquisition Corporation 3,NYSE,nasdaq_trader,2026-09-18T10:45:30.194Z,2026-09-18T10:45:30.194Z
KRT,Karat Packaging Inc.,NASDAQ,nasdaq_trader,2026-09-18T10:45:30.194Z,2026-09-18T10:45:30.194Z
KRUS,"Kura Sushi USA, Inc.",NASDAQ,nasdaq_trader,2026-09-18T10:45:30.194Z,2026-09-18T10:45:30.194Z
KRYS,"Krystal Biotech, Inc.",NASDAQ,nasdaq_trader,2026-09-18T10:45:30.194Z,2026-09-18T10:45:30.194Z
KSCP,"Knightscope, Inc.",NASDAQ,nasdaq_trader,2026-09-18T10:45:30.194Z,2026-09-18T10:45:30.194Z
KSPI,Joint Stock Company Kaspi.kz,NASDAQ,nasdaq_trader,2026-09-18T10:45:30.194Z,2026-09-18T10:45:30.194Z
KSS,Kohl's Corporation,NYSE,nasdaq_trader,2026-09-18T10:45:30.194Z,2026-09-18T10:45:30.194Z
KT,KT Corporation,NYSE,nasdaq_trader,2026-09-18T10:45:30.194Z,2026-09-18T10:45:30.194Z
KTB,"Kontoor Brands, Inc.",NYSE,nasdaq_trader,2026-09-18T10:45:30.194Z,2026-09-18T10:45:30.194Z
KTCC,Key Tronic Corporation,NASDAQ,nasdaq_trader,2026-09-18T10:45:30.194Z,2026-09-18T10:45:30.194Z
KTF,DWS Municipal Income Trust,NYSE,nasdaq_trader,2026-09-18T10:45:30.194Z,2026-09-18T10:45:30.194Z
KTH,Corts Trust Peco Energy Capital Trust III,NYSE,nasdaq_trader,2026-09-18T10:45:30.194Z,2026-09-22T07:18:59.403Z
KTN,Credit-Enhanced Corts Trust Aon,NYSE,nasdaq_trader,2026-09-18T10:45:30.194Z,2026-09-22T07:18:59.404Z
KTOS,"Kratos Defense & Security Solutions, Inc.",NASDAQ,nasdaq_trader,2026-09-18T10:45:30.194Z,2026-09-18T10:45:30.194Z
KTTA,Pasithea Therapeutics Corp.,NASDAQ,nasdaq_trader,2026-09-18T10:45:30.194Z,2026-09-18T10:45:30.194Z
KTWO,K2 Capital Acquisition Corporation,NASDAQ,nasdaq_trader,2026-09-18T10:45:30.194Z,2026-09-18T10:45:30.194Z
KTWOR,K2 Capital Acquisition Corporation,NASDAQ,nasdaq_trader,2026-09-18T10:45:30.194Z,2026-09-18T10:45:30.194Z
KTWOU,K2 Capital Acquisition Corporation,NASDAQ,nasdaq_trader,2026-09-18T10:45:30.194Z,2026-09-18T10:45:30.194Z
KULR,"KULR Technology Group, Inc.",AMEX,nasdaq_trader,2026-09-18T10:45:30.194Z,2026-09-18T10:45:30.194Z
KURA,"Kura Oncology, Inc.",NASDAQ,nasdaq_trader,2026-09-18T10:45:30.194Z,2026-09-18T10:45:30.194Z
KUST,"Kustom Entertainment, Inc.",NASDAQ,nasdaq_trader,2026-09-18T10:45:30.194Z,2026-09-18T10:45:30.194Z
KVHI,"KVH Industries, Inc.",NASDAQ,nasdaq_trader,2026-09-18T10:45:30.194Z,2026-09-18T10:45:30.194Z
KVUE,Kenvue Inc.,NYSE,nasdaq_trader,2026-09-18T10:45:30.194Z,2026-09-18T10:45:30.194Z
KVYO,"Klaviyo, Inc.",NYSE,nasdaq_trader,2026-09-18T10:45:30.194Z,2026-09-22T07:18:59.406Z
KWR,Quaker Chemical Corporation,NYSE,nasdaq_trader,2026-09-18T10:45:30.194Z,2026-09-22T07:18:59.408Z
KWY,Kingsway Corporation,NYSE,excel_import,2026-09-18T09:57:12.863Z,2026-09-18T09:57:12.863Z
KXIN,Kaixin Holdings,NASDAQ,nasdaq_trader,2026-09-18T10:45:30.194Z,2026-09-18T10:45:30.194Z
KYIV,Kyivstar Group Ltd.,NASDAQ,nasdaq_trader,2026-09-18T10:45:30.194Z,2026-09-18T10:45:30.194Z
KYIVW,Kyivstar Group Ltd.,NASDAQ,nasdaq_trader,2026-09-18T10:45:30.194Z,2026-09-18T10:45:30.194Z
KYMR,"Kymera Therapeutics, Inc.",NASDAQ,nasdaq_trader,2026-09-18T10:45:30.194Z,2026-09-18T10:45:30.194Z
KYN,"Kayne Anderson Energy Infrastructure Fund, Inc.",NYSE,nasdaq_trader,2026-09-18T10:45:30.194Z,2026-09-18T10:45:30.194Z
KYNB,"Kyntra Bio, Inc.",NASDAQ,nasdaq_trader,2026-09-18T10:45:30.194Z,2026-09-18T10:45:30.194Z
KYTX,"Kyverna Therapeutics, Inc.",NASDAQ,nasdaq_trader,2026-09-18T10:45:30.194Z,2026-09-18T10:45:30.194Z
KZIA,Kazia Therapeutics Limited,NASDAQ,nasdaq_trader,2026-09-18T10:45:30.194Z,2026-09-18T10:45:30.194Z
L,Loews Corporation,NYSE,nasdaq_trader,2026-09-18T10:45:30.194Z,2026-09-18T10:45:30.194Z
LAB,Standard BioTools Inc.,NASDAQ,nasdaq_trader,2026-09-18T10:45:30.194Z,2026-09-18T10:45:30.194Z
LABT,Lakewood-Amedex Biotherapeutics Inc.,NASDAQ,nasdaq_trader,2026-09-18T10:45:30.194Z,2026-09-18T10:45:30.194Z
LAC,Lithium Americas Corp. Common Shares,NYSE,nasdaq_trader,2026-09-18T10:45:30.194Z,2026-09-18T10:45:30.194Z
LAD,"Lithia Motors, Inc.",NYSE,nasdaq_trader,2026-09-18T10:45:30.194Z,2026-09-18T10:45:30.194Z
LADR,Ladder Capital Corp,NYSE,nasdaq_trader,2026-09-18T10:45:30.194Z,2026-09-18T10:45:30.194Z
LAES,SEALSQ Corp,NASDAQ,nasdaq_trader,2026-09-18T10:45:30.194Z,2026-09-18T10:45:30.194Z
LAFA,LaFayette Acquisition Corp.,NASDAQ,nasdaq_trader,2026-09-18T10:45:30.194Z,2026-09-18T10:45:30.194Z
LAFAR,LaFayette Acquisition Corp.,NASDAQ,nasdaq_trader,2026-09-18T10:45:30.194Z,2026-09-18T10:45:30.194Z
LAFAU,LaFayette Acquisition Corp.,NASDAQ,nasdaq_trader,2026-09-18T10:45:30.194Z,2026-09-18T10:45:30.194Z
LAKE,"Lakeland Industries, Inc.",NASDAQ,nasdaq_trader,2026-09-18T10:45:30.194Z,2026-09-18T10:45:30.194Z
LAMR,Lamar Advertising Company,NASDAQ,nasdaq_trader,2026-09-18T10:45:30.194Z,2026-09-18T10:45:30.194Z
LAND,Gladstone Land Corporation,NASDAQ,nasdaq_trader,2026-09-18T10:45:30.194Z,2026-09-18T10:45:30.194Z
LANDO,Gladstone Land Corporation,NASDAQ,nasdaq_trader,2026-09-18T10:45:30.194Z,2026-09-18T10:45:30.194Z
LANDP,Gladstone Land Corporation,NASDAQ,nasdaq_trader,2026-09-18T10:45:30.194Z,2026-09-18T10:45:30.194Z
LANV,Lanvin Group Holdings Limited,NYSE,nasdaq_trader,2026-09-18T10:45:30.194Z,2026-09-18T10:45:30.194Z
LAR,Lithium Argentina AG Common Shares,NYSE,nasdaq_trader,2026-09-18T10:45:30.194Z,2026-09-18T10:45:30.194Z
LARK,Landmark Bancorp Inc.,NASDAQ,nasdaq_trader,2026-09-18T10:45:30.194Z,2026-09-18T10:45:30.194Z
LASE,Laser Photonics Corporation,NASDAQ,nasdaq_trader,2026-09-18T10:45:30.194Z,2026-09-18T10:45:30.194Z
LASR,"nLIGHT, Inc.",NASDAQ,nasdaq_trader,2026-09-18T10:45:30.194Z,2026-09-18T10:45:30.194Z
LATA,Galata Acquisition Corp. II,NASDAQ,nasdaq_trader,2026-09-18T10:45:30.194Z,2026-09-18T10:45:30.194Z
LATAU,Galata Acquisition Corp. II,NASDAQ,nasdaq_trader,2026-09-18T10:45:30.194Z,2026-09-18T10:45:30.194Z
LATAW,Galata Acquisition Corp. II,NASDAQ,nasdaq_trader,2026-09-18T10:45:30.194Z,2026-09-18T10:45:30.194Z
LAUR,"Laureate Education, Inc.",NASDAQ,nasdaq_trader,2026-09-18T10:45:30.194Z,2026-09-18T10:45:30.194Z
LAW,"CS Disco, Inc.",NYSE,nasdaq_trader,2026-09-18T10:45:30.194Z,2026-09-18T10:45:30.194Z
LAWR,"Robot Consulting Co., Ltd.",NASDAQ,nasdaq_trader,2026-09-18T10:45:30.194Z,2026-09-18T10:45:30.194Z
LAZ,"Lazard, Inc.",NYSE,nasdaq_trader,2026-09-18T10:45:30.194Z,2026-09-18T10:45:30.194Z
LB,LandBridge Company LLC,NYSE,excel_import,2026-09-18T09:57:12.863Z,2026-09-18T09:57:12.863Z
LBGJ,Li Bang International Corporation Inc.,NASDAQ,nasdaq_trader,2026-09-18T10:45:30.194Z,2026-09-18T10:45:30.194Z
LBRA,"1847 Holdings, LLC",OTC,excel_import,2026-09-18T09:57:12.863Z,2026-09-18T09:57:12.863Z
LBRT,Liberty Energy Inc.,NYSE,nasdaq_trader,2026-09-18T10:45:30.194Z,2026-09-18T10:45:30.194Z
LBRX,LB Pharmaceuticals Inc,NASDAQ,nasdaq_trader,2026-09-18T10:45:30.194Z,2026-09-18T10:45:30.194Z
LBTYA,Liberty Global Ltd.,NASDAQ,nasdaq_trader,2026-09-18T10:45:30.194Z,2026-09-18T10:45:30.194Z
LBTYB,Liberty Global Ltd.,NASDAQ,nasdaq_trader,2026-09-18T10:45:30.194Z,2026-09-18T10:45:30.194Z
LBTYK,Liberty Global Ltd.,NASDAQ,nasdaq_trader,2026-09-18T10:45:30.194Z,2026-09-18T10:45:30.194Z
LCCC,Lakeshore Acquisition III Corp.,NASDAQ,nasdaq_trader,2026-09-18T10:45:30.194Z,2026-09-18T10:45:30.194Z
LCCCR,Lakeshore Acquisition III Corp.,NASDAQ,nasdaq_trader,2026-09-18T10:45:30.194Z,2026-09-18T10:45:30.194Z
LCCCU,Lakeshore Acquisition III Corp.,NASDAQ,nasdaq_trader,2026-09-18T10:45:30.194Z,2026-09-18T10:45:30.194Z
LCFY,Locafy Limited,NASDAQ,nasdaq_trader,2026-09-18T10:45:30.194Z,2026-09-18T10:45:30.194Z
LCFYW,Locafy Limited,NASDAQ,nasdaq_trader,2026-09-18T10:45:30.194Z,2026-09-18T10:45:30.194Z
LCID,"Lucid Group, Inc.",NASDAQ,nasdaq_trader,2026-09-18T10:45:30.194Z,2026-09-18T10:45:30.194Z
LCII,LCI Industries,NYSE,nasdaq_trader,2026-09-18T10:45:30.194Z,2026-09-18T10:45:30.194Z
LCLN,"Lincoln International, Inc.",NYSE,nasdaq_trader,2026-09-18T10:45:30.194Z,2026-09-18T10:45:30.194Z
LCNB,LCNB Corporation,NASDAQ,nasdaq_trader,2026-09-18T10:45:30.194Z,2026-09-18T10:45:30.194Z
LCTX,"Lineage Cell Therapeutics, Inc.",AMEX,nasdaq_trader,2026-09-18T10:45:30.194Z,2026-09-18T10:45:30.194Z
LCUT,"Lifetime Brands, Inc.",NASDAQ,nasdaq_trader,2026-09-18T10:45:30.194Z,2026-09-18T10:45:30.194Z
LCXEF,Lycos Energy Inc.,OTC,excel_import,2026-09-18T09:57:12.863Z,2026-09-18T09:57:12.863Z
LDI,"loanDepot, Inc.",NYSE,nasdaq_trader,2026-09-18T10:45:30.194Z,2026-09-18T10:45:30.194Z
LDOS,"Leidos Holdings, Inc.",NYSE,nasdaq_trader,2026-09-18T10:45:30.194Z,2026-09-18T10:45:30.194Z
LDP,"Cohen & Steers Limited Duration Preferred and Income Fund, Inc.",NYSE,nasdaq_trader,2026-09-18T10:45:30.194Z,2026-09-18T10:45:30.194Z
LE,"Lands' End, Inc.",NASDAQ,nasdaq_trader,2026-09-18T10:45:30.194Z,2026-09-18T10:45:30.194Z
LEA,Lear Corporation,NYSE,nasdaq_trader,2026-09-18T10:45:30.194Z,2026-09-18T10:45:30.194Z
LECO,"Lincoln Electric Holdings, Inc.",NASDAQ,nasdaq_trader,2026-09-18T10:45:30.194Z,2026-09-18T10:45:30.194Z
LEDS,SemiLEDS Corporation,NASDAQ,nasdaq_trader,2026-09-18T10:45:30.194Z,2026-09-18T10:45:30.194Z
LEE,"Lee Enterprises, Incorporated",NASDAQ,nasdaq_trader,2026-09-18T10:45:30.194Z,2026-09-18T10:45:30.194Z
LEEEF,Leef Brands Inc.,OTC,excel_import,2026-09-18T09:57:12.863Z,2026-09-18T09:57:12.863Z
LEGH,Legacy Housing Corporation,NASDAQ,nasdaq_trader,2026-09-18T10:45:30.194Z,2026-09-18T10:45:30.194Z
LEGN,Legend Biotech Corporation,NASDAQ,nasdaq_trader,2026-09-18T10:45:30.194Z,2026-09-18T10:45:30.194Z
LEGO,Legato Merger Corp. IV,AMEX,nasdaq_trader,2026-09-18T10:45:30.194Z,2026-09-18T10:45:30.194Z
LEGO.U,Legato Merger Corp. IV,AMEX,nasdaq_trader,2026-09-18T10:45:30.194Z,2026-09-18T10:45:30.194Z
LEGO.W,Legato Merger Corp. IV,AMEX,nasdaq_trader,2026-09-18T10:45:30.194Z,2026-09-18T10:45:30.194Z
LEN,Lennar Corporation,NYSE,nasdaq_trader,2026-09-18T10:45:30.194Z,2026-09-18T10:45:30.194Z
LEN.B,Lennar Corporation Class B,NYSE,nasdaq_trader,2026-09-18T10:45:30.194Z,2026-09-18T10:45:30.194Z
LENZ,"LENZ Therapeutics, Inc.",NASDAQ,nasdaq_trader,2026-09-18T10:45:30.194Z,2026-09-18T10:45:30.194Z
LEO,"BNY Mellon Strategic Municipals, Inc.",NYSE,nasdaq_trader,2026-09-18T10:45:30.194Z,2026-09-18T10:45:30.194Z
LESL,"Leslie's, Inc.",NASDAQ,nasdaq_trader,2026-09-18T10:45:30.194Z,2026-09-18T10:45:30.194Z
LEU,Centrus Energy Corp.,NYSE,nasdaq_trader,2026-09-18T10:45:30.194Z,2026-09-18T10:45:30.194Z
LEVI,Levi Strauss & Co,NYSE,nasdaq_trader,2026-09-18T10:45:30.194Z,2026-09-18T10:45:30.194Z
LEXX,Lexaria Bioscience Corp.,NASDAQ,nasdaq_trader,2026-09-18T10:45:30.194Z,2026-09-18T10:45:30.194Z
LFAC,Leapfrog Acquisition Corporation,NASDAQ,nasdaq_trader,2026-09-18T10:45:30.194Z,2026-09-18T10:45:30.194Z
LFACU,Leapfrog Acquisition Corporation,NASDAQ,nasdaq_trader,2026-09-18T10:45:30.194Z,2026-09-18T10:45:30.194Z
LFACW,Leapfrog Acquisition Corporation,NASDAQ,nasdaq_trader,2026-09-18T10:45:30.194Z,2026-09-18T10:45:30.194Z
LFCR,"Lifecore Biomedical, Inc.",NASDAQ,nasdaq_trader,2026-09-18T10:45:30.194Z,2026-09-18T10:45:30.194Z
LFMD,"LifeMD, Inc.",NASDAQ,nasdaq_trader,2026-09-18T10:45:30.194Z,2026-09-18T10:45:30.194Z
LFMDP,"LifeMD, Inc.",NASDAQ,nasdaq_trader,2026-09-18T10:45:30.194Z,2026-09-18T10:45:30.194Z
LFS,"Leifras Co., Ltd.",NASDAQ,excel_import,2026-09-18T09:57:12.863Z,2026-09-18T09:57:12.863Z
LFST,"LifeStance Health Group, Inc.",NASDAQ,nasdaq_trader,2026-09-18T10:45:30.194Z,2026-09-18T10:45:30.194Z
LFSWF,Lifeist Wellness Inc.,OTC,excel_import,2026-09-18T09:57:12.863Z,2026-09-18T09:57:12.863Z
LFT,"Lument Finance Trust, Inc.",NYSE,nasdaq_trader,2026-09-18T10:45:30.194Z,2026-09-18T10:45:30.194Z
LFTO,"Liftoff Mobile, Inc.",NASDAQ,excel_import,2026-09-18T09:57:12.863Z,2026-09-18T09:57:12.863Z
LFTSF,LifeTech Scientific Corporation,OTC,excel_import,2026-09-18T09:57:12.863Z,2026-09-18T09:57:12.863Z
LFUS,"Littelfuse, Inc.",NASDAQ,nasdaq_trader,2026-09-18T10:45:30.194Z,2026-09-18T10:45:30.194Z
LFVN,Lifevantage Corporation,NASDAQ,nasdaq_trader,2026-09-18T10:45:30.194Z,2026-09-18T10:45:30.194Z
LFWD,Lifeward Ltd.,NASDAQ,nasdaq_trader,2026-09-18T10:45:30.194Z,2026-09-18T10:45:30.194Z
LGCL,Lucas GC Limited,NASDAQ,nasdaq_trader,2026-09-18T10:45:30.194Z,2026-09-18T10:45:30.194Z
LGCY,Legacy Education Inc.,AMEX,excel_import,2026-09-18T09:57:12.863Z,2026-09-18T09:57:12.863Z
LGHL,Lion Group Holding Ltd.,NASDAQ,nasdaq_trader,2026-09-18T10:45:30.194Z,2026-09-18T10:45:30.194Z
LGI,Lazard Global Total Return and Income Fund,NYSE,nasdaq_trader,2026-09-18T10:45:30.194Z,2026-09-18T10:45:30.194Z
LGIH,"LGI Homes, Inc.",NASDAQ,nasdaq_trader,2026-09-18T10:45:30.194Z,2026-09-18T10:45:30.194Z
LGL,"LGL Group, Inc. (The)",AMEX,nasdaq_trader,2026-09-18T10:45:30.194Z,2026-09-18T10:45:30.194Z
LGN,Legence Corp.,NASDAQ,nasdaq_trader,2026-09-18T10:45:30.194Z,2026-09-18T10:45:30.194Z
LGND,Ligand Pharmaceuticals Incorporated,NASDAQ,nasdaq_trader,2026-09-18T10:45:30.194Z,2026-09-18T10:45:30.194Z
LGO,Largo Inc.,NASDAQ,nasdaq_trader,2026-09-18T10:45:30.194Z,2026-09-18T10:45:30.194Z
LGPS,LogProstyle Inc. Common Shares,AMEX,nasdaq_trader,2026-09-18T10:45:30.194Z,2026-09-18T10:45:30.194Z
LGVN,Longeveron Inc.,NASDAQ,nasdaq_trader,2026-09-18T10:45:30.194Z,2026-09-18T10:45:30.194Z
LH,Labcorp Holdings Inc.,NYSE,nasdaq_trader,2026-09-18T10:45:30.194Z,2026-09-18T10:45:30.194Z
LHAI,Linkhome Holdings Inc.,NASDAQ,nasdaq_trader,2026-09-18T10:45:30.194Z,2026-09-18T10:45:30.194Z
LHSW,Lianhe Sowell International Group Ltd,NASDAQ,nasdaq_trader,2026-09-18T10:45:30.194Z,2026-09-18T10:45:30.194Z
LHX,"L3Harris Technologies, Inc.",NYSE,nasdaq_trader,2026-09-18T10:45:30.194Z,2026-09-18T10:45:30.194Z
LI,Li Auto Inc.,NASDAQ,nasdaq_trader,2026-09-18T10:45:30.194Z,2026-09-18T10:45:30.194Z
LICN,Lichen International Limited,NASDAQ,nasdaq_trader,2026-09-18T10:45:30.194Z,2026-09-18T10:45:30.194Z
LIDR,"AEye, Inc.",NASDAQ,nasdaq_trader,2026-09-18T10:45:30.194Z,2026-09-18T10:45:30.194Z
LIEN,"Chicago Atlantic BDC, Inc.",NASDAQ,nasdaq_trader,2026-09-18T10:45:30.194Z,2026-09-18T10:45:30.194Z
LIF,"Life360, Inc.",NASDAQ,nasdaq_trader,2026-09-18T10:45:30.194Z,2026-09-18T10:45:30.194Z
LIFE,Ethos Technologies Inc.,NASDAQ,nasdaq_trader,2026-09-18T10:45:30.194Z,2026-09-18T10:45:30.194Z
LII,"Lennox International, Inc.",NYSE,nasdaq_trader,2026-09-18T10:45:30.194Z,2026-09-18T10:45:30.194Z
LILA,Liberty Latin America Ltd.,NASDAQ,nasdaq_trader,2026-09-18T10:45:30.194Z,2026-09-18T10:45:30.194Z
LILAK,Liberty Latin America Ltd.,NASDAQ,nasdaq_trader,2026-09-18T10:45:30.194Z,2026-09-18T10:45:30.194Z
LILAP,Liberty Latin America Ltd.,NASDAQ,nasdaq_trader,2026-09-18T10:45:30.194Z,2026-09-18T10:45:30.194Z
LIME,"Neutron Holdings, Inc.",NASDAQ,nasdaq_trader,2026-09-18T10:45:30.194Z,2026-09-18T10:45:30.194Z
LIMN,"Liminatus Pharma, Inc.",NASDAQ,nasdaq_trader,2026-09-18T10:45:30.194Z,2026-09-18T10:45:30.194Z
LIMNW,"Liminatus Pharma, Inc.",NASDAQ,nasdaq_trader,2026-09-18T10:45:30.194Z,2026-09-18T10:45:30.194Z
LIN,Linde plc,NASDAQ,nasdaq_trader,2026-09-18T10:45:30.194Z,2026-09-18T10:45:30.194Z
LINC,Lincoln Educational Services Corporation,NASDAQ,nasdaq_trader,2026-09-18T10:45:30.194Z,2026-09-18T10:45:30.194Z
LIND,Lindblad Expeditions Holdings Inc.,NASDAQ,nasdaq_trader,2026-09-18T10:45:30.194Z,2026-09-18T10:45:30.194Z
LINE,"Lineage, Inc.",NASDAQ,nasdaq_trader,2026-09-18T10:45:30.194Z,2026-09-18T10:45:30.194Z
LINK,"Interlink Electronics, Inc.",NASDAQ,nasdaq_trader,2026-09-18T10:45:30.194Z,2026-09-18T10:45:30.194Z
LION,Lionsgate Studios Corp Common Shares,NYSE,nasdaq_trader,2026-09-18T10:45:30.194Z,2026-09-18T10:45:30.194Z
LIQT,"LiqTech International, Inc.",NASDAQ,nasdaq_trader,2026-09-18T10:45:30.194Z,2026-09-18T10:45:30.194Z
LITB,"LightInTheBox Holding Co., Ltd.",NYSE,nasdaq_trader,2026-09-18T10:45:30.194Z,2026-09-18T10:45:30.194Z
LITE,Lumentum Holdings Inc.,NASDAQ,nasdaq_trader,2026-09-18T10:45:30.194Z,2026-09-18T10:45:30.194Z
LITS,"Lite Strategy, Inc.",NASDAQ,excel_import,2026-09-18T09:57:12.863Z,2026-09-18T09:57:12.863Z
LIVE,Live Ventures Incorporated,NASDAQ,nasdaq_trader,2026-09-18T10:45:30.194Z,2026-09-18T10:45:30.194Z
LIVN,LivaNova PLC,NASDAQ,nasdaq_trader,2026-09-18T10:45:30.194Z,2026-09-18T10:45:30.194Z
LKFN,Lakeland Financial Corporation,NASDAQ,nasdaq_trader,2026-09-18T10:45:30.194Z,2026-09-18T10:45:30.194Z
LKFT,Lakefront Biotherapeutics NV,NASDAQ,excel_import,2026-09-18T09:57:12.863Z,2026-09-18T09:57:12.863Z
LKQ,LKQ Corporation,NASDAQ,nasdaq_trader,2026-09-18T10:45:30.194Z,2026-09-18T10:45:30.194Z
LKSP,Lake Superior Acquisition Corp.,NASDAQ,nasdaq_trader,2026-09-18T10:45:30.194Z,2026-09-18T10:45:30.194Z
LKSPR,Lake Superior Acquisition Corp.,NASDAQ,nasdaq_trader,2026-09-18T10:45:30.194Z,2026-09-18T10:45:30.194Z
LKSPU,Lake Superior Acquisition Corp.,NASDAQ,nasdaq_trader,2026-09-18T10:45:30.194Z,2026-09-18T10:45:30.194Z
LLY,Eli Lilly and Company,NYSE,nasdaq_trader,2026-09-18T10:45:30.194Z,2026-09-18T10:45:30.194Z
LLYVA,"Liberty Live Holdings, Inc.",NASDAQ,nasdaq_trader,2026-09-18T10:45:30.194Z,2026-09-18T10:45:30.194Z
LLYVK,"Liberty Live Holdings, Inc.",NASDAQ,nasdaq_trader,2026-09-18T10:45:30.194Z,2026-09-18T10:45:30.194Z
LMAT,"LeMaitre Vascular, Inc.",NASDAQ,nasdaq_trader,2026-09-18T10:45:30.194Z,2026-09-18T10:45:30.194Z
LMB,"Limbach Holdings, Inc.",NASDAQ,nasdaq_trader,2026-09-18T10:45:30.194Z,2026-09-18T10:45:30.194Z
LMGIF,Lumine Group Inc.,OTC,excel_import,2026-09-18T09:57:12.863Z,2026-09-18T09:57:12.863Z
LMND,"Lemonade, Inc.",NYSE,nasdaq_trader,2026-09-18T10:45:30.194Z,2026-09-18T10:45:30.194Z
LMNR,Limoneira Co,NASDAQ,nasdaq_trader,2026-09-18T10:45:30.194Z,2026-09-18T10:45:30.194Z
LMRI,"Lumexa Imaging Holdings, Inc.",NASDAQ,excel_import,2026-09-18T09:57:12.863Z,2026-09-18T09:57:12.863Z
LMT,Lockheed Martin Corporation,NYSE,nasdaq_trader,2026-09-18T10:45:30.194Z,2026-09-18T10:45:30.194Z
LNAI,Lunai Bioworks Inc.,NASDAQ,nasdaq_trader,2026-09-18T10:45:30.194Z,2026-09-18T10:45:30.194Z
LNC,Lincoln National Corporation,NYSE,nasdaq_trader,2026-09-18T10:45:30.194Z,2026-09-18T10:45:30.194Z
LNCLF,Lincoln Gold Mining Inc.,OTC,excel_import,2026-09-18T09:57:12.863Z,2026-09-18T09:57:12.863Z
LND,BrasilAgro - Companhia Brasileira de Propriedades Agrícolas,NYSE,nasdaq_trader,2026-09-18T10:45:30.194Z,2026-09-22T07:18:59.409Z
LNG,"Cheniere Energy, Inc.",NYSE,nasdaq_trader,2026-09-18T10:45:30.194Z,2026-09-18T10:45:30.194Z
LNKS,Linkers Industries Limited,NASDAQ,nasdaq_trader,2026-09-18T10:45:30.194Z,2026-09-18T10:45:30.194Z
LNN,Lindsay Corporation,NYSE,nasdaq_trader,2026-09-18T10:45:30.194Z,2026-09-18T10:45:30.194Z
LNRCF,LUNR ROYALTIES CORP,OTC,excel_import,2026-09-18T09:57:12.863Z,2026-09-18T09:57:12.863Z
LNSR,"LENSAR, Inc.",NASDAQ,nasdaq_trader,2026-09-18T10:45:30.194Z,2026-09-18T10:45:30.194Z
LNT,Alliant Energy Corporation,NASDAQ,nasdaq_trader,2026-09-18T10:45:30.194Z,2026-09-18T10:45:30.194Z
LNTH,"Lantheus Holdings, Inc.",NASDAQ,nasdaq_trader,2026-09-18T10:45:30.194Z,2026-09-18T10:45:30.194Z
LNZA,"LanzaTech Global, Inc.",NASDAQ,nasdaq_trader,2026-09-18T10:45:30.194Z,2026-09-18T10:45:30.194Z
LNZAW,"LanzaTech Global, Inc.",NASDAQ,nasdaq_trader,2026-09-18T10:45:30.194Z,2026-09-18T10:45:30.194Z
LOAN,"Manhattan Bridge Capital, Inc",NASDAQ,nasdaq_trader,2026-09-18T10:45:30.194Z,2026-09-18T10:45:30.194Z
LOAR,Loar Holdings Inc.,NYSE,nasdaq_trader,2026-09-18T10:45:30.194Z,2026-09-18T10:45:30.194Z
LOB,"Live Oak Bancshares, Inc.",NYSE,nasdaq_trader,2026-09-18T10:45:30.194Z,2026-09-18T10:45:30.194Z
LOBO,LOBO TECHNOLOGIES LTD.,NASDAQ,nasdaq_trader,2026-09-18T10:45:30.194Z,2026-09-18T10:45:30.194Z
LOCL,Local Bounti Corporation,NYSE,nasdaq_trader,2026-09-18T10:45:30.194Z,2026-09-18T10:45:30.194Z
LOCO,"El Pollo Loco Holdings, Inc.",NASDAQ,nasdaq_trader,2026-09-18T10:45:30.194Z,2026-09-18T10:45:30.194Z
LODE,Comstock Inc.,AMEX,nasdaq_trader,2026-09-18T10:45:30.194Z,2026-09-18T10:45:30.194Z
LOECF,Logan Energy Corp.,OTC,excel_import,2026-09-18T09:57:12.863Z,2026-09-18T09:57:12.863Z
LOGI,Logitech International S.A.,NASDAQ,nasdaq_trader,2026-09-18T10:45:30.194Z,2026-09-18T10:45:30.194Z
LOMA,Loma Negra Compañía Industrial Argentina Sociedad Anónima,NYSE,nasdaq_trader,2026-09-18T10:45:30.194Z,2026-09-22T07:18:59.411Z
LONA,"LeonaBio, Inc.",NASDAQ,nasdaq_trader,2026-09-18T10:45:30.194Z,2026-09-18T10:45:30.194Z
LOOP,"Loop Industries, Inc.",NASDAQ,nasdaq_trader,2026-09-18T10:45:30.194Z,2026-09-18T10:45:30.194Z
LOPE,"Grand Canyon Education, Inc.",NASDAQ,nasdaq_trader,2026-09-18T10:45:30.194Z,2026-09-18T10:45:30.194Z
LOQPF,accesso Technology Group plc,OTC,excel_import,2026-09-18T09:57:12.863Z,2026-09-18T09:57:12.863Z
LOT,Lotus Technology Inc.,NASDAQ,nasdaq_trader,2026-09-18T10:45:30.194Z,2026-09-18T10:45:30.194Z
LOTWW,Lotus Technology Inc.,NASDAQ,nasdaq_trader,2026-09-18T10:45:30.194Z,2026-09-18T10:45:30.194Z
LOVE,The Lovesac Company,NASDAQ,nasdaq_trader,2026-09-18T10:45:30.194Z,2026-09-18T10:45:30.194Z
LOW,"Lowe's Companies, Inc.",NYSE,nasdaq_trader,2026-09-18T10:45:30.194Z,2026-09-18T10:45:30.194Z
LPA,Logistic Properties of the Americas,AMEX,nasdaq_trader,2026-09-18T10:45:30.194Z,2026-09-18T10:45:30.194Z
LPAA,Launch One Acquisition Corp.,NASDAQ,nasdaq_trader,2026-09-18T10:45:30.194Z,2026-09-18T10:45:30.194Z
LPAAU,Launch One Acquisition Corp.,NASDAQ,nasdaq_trader,2026-09-18T10:45:30.194Z,2026-09-18T10:45:30.194Z
LPAAW,Launch One Acquisition Corp.,NASDAQ,nasdaq_trader,2026-09-18T10:45:30.194Z,2026-09-18T10:45:30.194Z
LPBB,Launch Two Acquisition Corp.,NASDAQ,nasdaq_trader,2026-09-18T10:45:30.194Z,2026-09-18T10:45:30.194Z
LPBBU,Launch Two Acquisition Corp.,NASDAQ,nasdaq_trader,2026-09-18T10:45:30.194Z,2026-09-18T10:45:30.194Z
LPBBW,Launch Two Acquisition Corp.,NASDAQ,nasdaq_trader,2026-09-18T10:45:30.194Z,2026-09-18T10:45:30.194Z
LPCN,Lipocine Inc.,NASDAQ,nasdaq_trader,2026-09-18T10:45:30.194Z,2026-09-18T10:45:30.194Z
LPCV,Launchpad Cadenza Acquisition Corp I,NASDAQ,nasdaq_trader,2026-09-18T10:45:30.194Z,2026-09-18T10:45:30.194Z
LPCVU,Launchpad Cadenza Acquisition Corp I,NASDAQ,nasdaq_trader,2026-09-18T10:45:30.194Z,2026-09-18T10:45:30.194Z
LPCVW,Launchpad Cadenza Acquisition Corp I,NASDAQ,nasdaq_trader,2026-09-18T10:45:30.194Z,2026-09-18T10:45:30.194Z
LPG,Dorian LPG Ltd.,NYSE,nasdaq_trader,2026-09-18T10:45:30.194Z,2026-09-18T10:45:30.194Z
LPGIF,LSL Pharma Group Inc.,OTC,excel_import,2026-09-18T09:57:12.863Z,2026-09-18T09:57:12.863Z
LPL,"LG Display Co., Ltd.",NYSE,nasdaq_trader,2026-09-18T10:45:30.194Z,2026-09-22T07:18:59.412Z
LPLA,LPL Financial Holdings Inc.,NASDAQ,nasdaq_trader,2026-09-18T10:45:30.194Z,2026-09-18T10:45:30.194Z
LPTH,"LightPath Technologies, Inc.",NASDAQ,nasdaq_trader,2026-09-18T10:45:30.194Z,2026-09-18T10:45:30.194Z
LPX,Louisiana-Pacific Corporation,NYSE,nasdaq_trader,2026-09-18T10:45:30.194Z,2026-09-18T10:45:30.194Z
LQDA,Liquidia Corporation,NASDAQ,nasdaq_trader,2026-09-18T10:45:30.194Z,2026-09-18T10:45:30.194Z
LQDT,"Liquidity Services, Inc.",NASDAQ,nasdaq_trader,2026-09-18T10:45:30.194Z,2026-09-18T10:45:30.194Z
LRBI,"Lake Ridge Bancorp, Inc.",OTC,excel_import,2026-09-18T09:57:12.863Z,2026-09-18T09:57:12.863Z
LRCX,Lam Research Corporation,NASDAQ,nasdaq_trader,2026-09-18T10:45:30.194Z,2026-09-18T10:45:30.194Z
LRE,"Lead Real Estate Co., Ltd",NASDAQ,nasdaq_trader,2026-09-18T10:45:30.194Z,2026-09-18T10:45:30.194Z
LRHC,La Rosa Holdings Corp.,NASDAQ,nasdaq_trader,2026-09-18T10:45:30.194Z,2026-09-18T10:45:30.194Z
LRMR,"Larimar Therapeutics, Inc.",NASDAQ,nasdaq_trader,2026-09-18T10:45:30.194Z,2026-09-18T10:45:30.194Z
LRN,"Stride, Inc.",NYSE,nasdaq_trader,2026-09-18T10:45:30.194Z,2026-09-18T10:45:30.194Z
LSAK,"Lesaka Technologies, Inc.",NASDAQ,nasdaq_trader,2026-09-18T10:45:30.194Z,2026-09-18T10:45:30.194Z
LSBK,"Lake Shore Bancorp, Inc.",NASDAQ,nasdaq_trader,2026-09-18T10:45:30.194Z,2026-09-18T10:45:30.194Z
LSCC,Lattice Semiconductor Corporation,NASDAQ,nasdaq_trader,2026-09-18T10:45:30.194Z,2026-09-18T10:45:30.194Z
LSE,"Leishen Energy Holding Co., Ltd.",NASDAQ,nasdaq_trader,2026-09-18T10:45:30.194Z,2026-09-18T10:45:30.194Z
LSF,"Laird Superfood, Inc.",AMEX,nasdaq_trader,2026-09-18T10:45:30.194Z,2026-09-18T10:45:30.194Z
LSPD,Lightspeed Commerce Inc.,NYSE,nasdaq_trader,2026-09-18T10:45:30.194Z,2026-09-22T07:18:59.414Z
LSTA,"Lisata Therapeutics, Inc.",NASDAQ,nasdaq_trader,2026-09-18T10:45:30.194Z,2026-09-18T10:45:30.194Z
LSTR,"Landstar System, Inc.",NASDAQ,nasdaq_trader,2026-09-18T10:45:30.194Z,2026-09-18T10:45:30.194Z
LTBR,Lightbridge Corporation,NASDAQ,nasdaq_trader,2026-09-18T10:45:30.194Z,2026-09-18T10:45:30.194Z
LTC,"LTC Properties, Inc.",NYSE,nasdaq_trader,2026-09-18T10:45:30.194Z,2026-09-18T10:45:30.194Z
LTCEF,Lotus Creek Exploration Inc.,OTC,excel_import,2026-09-18T09:57:12.863Z,2026-09-22T07:18:58.883Z
LTGO,"Latigo Biotherapeutics, Inc.",NASDAQ,excel_import,2026-09-18T09:57:12.863Z,2026-09-18T09:57:12.863Z
LTGR,Long Table Growth Corp.,NASDAQ,nasdaq_trader,2026-09-18T10:45:30.194Z,2026-09-18T10:45:30.194Z
LTGRU,Long Table Growth Corp.,NASDAQ,nasdaq_trader,2026-09-18T10:45:30.194Z,2026-09-18T10:45:30.194Z
LTGRW,Long Table Growth Corp.,NASDAQ,nasdaq_trader,2026-09-18T10:45:30.194Z,2026-09-18T10:45:30.194Z
LTH,"Life Time Group Holdings, Inc.",NYSE,nasdaq_trader,2026-09-18T10:45:30.194Z,2026-09-18T10:45:30.194Z
LTM,LATAM Airlines Group S.A.,NYSE,nasdaq_trader,2026-09-18T10:45:30.194Z,2026-09-18T10:45:30.194Z
LTRN,Lantern Pharma Inc.,NASDAQ,nasdaq_trader,2026-09-18T10:45:30.194Z,2026-09-18T10:45:30.194Z
LTRX,"Lantronix, Inc.",NASDAQ,nasdaq_trader,2026-09-18T10:45:30.194Z,2026-09-18T10:45:30.194Z
LTRYW,Sports Entertainment Gaming Global Corporation,NASDAQ,nasdaq_trader,2026-09-18T10:45:30.194Z,2026-09-18T10:45:30.194Z
LU,Lufax Holding Ltd,NYSE,nasdaq_trader,2026-09-18T10:45:30.194Z,2026-09-18T10:45:30.194Z
LUCD,Lucid Diagnostics Inc.,NASDAQ,nasdaq_trader,2026-09-18T10:45:30.194Z,2026-09-18T10:45:30.194Z
LUCK,Lucky Strike Entertainment Corporation,NYSE,excel_import,2026-09-18T09:57:12.863Z,2026-09-18T09:57:12.863Z
LUCY,"Lucyd, Inc",NASDAQ,nasdaq_trader,2026-09-18T10:45:30.194Z,2026-09-22T07:18:59.012Z
LUCYW,"Lucyd, Inc",NASDAQ,nasdaq_trader,2026-09-18T10:45:30.194Z,2026-09-22T07:18:59.014Z
LUD,Luda Technology Group Limited,AMEX,nasdaq_trader,2026-09-18T10:45:30.194Z,2026-09-18T10:45:30.194Z
LUFFF,Herbal Dispatch Inc.,OTC,excel_import,2026-09-18T09:57:12.863Z,2026-09-18T09:57:12.863Z
LULU,lululemon athletica inc.,NASDAQ,nasdaq_trader,2026-09-18T10:45:30.194Z,2026-09-18T10:45:30.194Z
LUMN,"Lumen Technologies, Inc.",NYSE,nasdaq_trader,2026-09-18T10:45:30.194Z,2026-09-18T10:45:30.194Z
LUNG,Pulmonx Corporation,NASDAQ,nasdaq_trader,2026-09-18T10:45:30.194Z,2026-09-18T10:45:30.194Z
LUNR,"Intuitive Machines, Inc.",NASDAQ,nasdaq_trader,2026-09-18T10:45:30.194Z,2026-09-18T10:45:30.194Z
LUV,Southwest Airlines Company,NYSE,nasdaq_trader,2026-09-18T10:45:30.194Z,2026-09-18T10:45:30.194Z
LUXE,LuxExperience B.V.,NYSE,nasdaq_trader,2026-09-18T10:45:30.194Z,2026-09-18T10:45:30.194Z
LVLU,"Lulu's Fashion Lounge Holdings, Inc.",NASDAQ,nasdaq_trader,2026-09-18T10:45:30.194Z,2026-09-18T10:45:30.194Z
LVO,"LiveOne, Inc.",NASDAQ,nasdaq_trader,2026-09-18T10:45:30.194Z,2026-09-18T10:45:30.194Z
LVS,Las Vegas Sands Corp.,NYSE,nasdaq_trader,2026-09-18T10:45:30.194Z,2026-09-18T10:45:30.194Z
LVWR,"LiveWire Group, Inc.",NYSE,nasdaq_trader,2026-09-18T10:45:30.194Z,2026-09-18T10:45:30.194Z
LVWR.W,"LiveWire Group, Inc.",NYSE,nasdaq_trader,2026-09-18T10:45:30.194Z,2026-09-18T10:45:30.194Z
LW,"Lamb Weston Holdings, Inc.",NYSE,nasdaq_trader,2026-09-18T10:45:30.194Z,2026-09-18T10:45:30.194Z
LWAC,LightWave Acquisition Corp.,NASDAQ,nasdaq_trader,2026-09-18T10:45:30.194Z,2026-09-18T10:45:30.194Z
LWACU,LightWave Acquisition Corp.,NASDAQ,nasdaq_trader,2026-09-18T10:45:30.194Z,2026-09-18T10:45:30.194Z
LWACW,LightWave Acquisition Corp.,NASDAQ,nasdaq_trader,2026-09-18T10:45:30.194Z,2026-09-18T10:45:30.194Z
LWAY,"Lifeway Foods, Inc.",NASDAQ,nasdaq_trader,2026-09-18T10:45:30.194Z,2026-09-18T10:45:30.194Z
LWLG,"Lightwave Logic, Inc.",NASDAQ,nasdaq_trader,2026-09-18T10:45:30.194Z,2026-09-18T10:45:30.194Z
LX,LexinFintech Holdings Ltd.,NASDAQ,nasdaq_trader,2026-09-18T10:45:30.194Z,2026-09-18T10:45:30.194Z
LXEH,"Lixiang Education Holding Co., Ltd.",NASDAQ,nasdaq_trader,2026-09-18T10:45:30.194Z,2026-09-18T10:45:30.194Z
LXEO,"Lexeo Therapeutics, Inc.",NASDAQ,nasdaq_trader,2026-09-18T10:45:30.194Z,2026-09-18T10:45:30.194Z
LXFR,Luxfer Holdings PLC,NYSE,nasdaq_trader,2026-09-18T10:45:30.194Z,2026-09-18T10:45:30.194Z
LXP,LXP Industrial Trust,NYSE,nasdaq_trader,2026-09-18T10:45:30.194Z,2026-09-22T07:18:59.416Z
LXRX,"Lexicon Pharmaceuticals, Inc.",NASDAQ,nasdaq_trader,2026-09-18T10:45:30.194Z,2026-09-18T10:45:30.194Z
LXU,"LSB Industries, Inc.",NYSE,nasdaq_trader,2026-09-18T10:45:30.194Z,2026-09-18T10:45:30.194Z
LYB,LyondellBasell Industries N.V.,NYSE,nasdaq_trader,2026-09-18T10:45:30.194Z,2026-09-22T07:18:59.417Z
LYEL,"Lyell Immunopharma, Inc.",NASDAQ,nasdaq_trader,2026-09-18T10:45:30.194Z,2026-09-18T10:45:30.194Z
LYFT,"Lyft, Inc.",NASDAQ,nasdaq_trader,2026-09-18T10:45:30.194Z,2026-09-18T10:45:30.194Z
LYG,Lloyds Banking Group Plc,NYSE,nasdaq_trader,2026-09-18T10:45:30.194Z,2026-09-18T10:45:30.194Z
LYNX,Lyntris Inc.,NYSE,nasdaq_trader,2026-09-18T10:45:30.194Z,2026-09-18T10:45:30.194Z
LYTS,LSI Industries Inc.,NASDAQ,nasdaq_trader,2026-09-18T10:45:30.194Z,2026-09-18T10:45:30.194Z
LYV,"Live Nation Entertainment, Inc.",NYSE,nasdaq_trader,2026-09-18T10:45:30.194Z,2026-09-18T10:45:30.194Z
LZ,"LegalZoom.com, Inc.",NASDAQ,nasdaq_trader,2026-09-18T10:45:30.194Z,2026-09-18T10:45:30.194Z
LZB,La-Z-Boy Incorporated,NYSE,nasdaq_trader,2026-09-18T10:45:30.194Z,2026-09-18T10:45:30.194Z
LZM,Lifezone Metals Limited,NYSE,nasdaq_trader,2026-09-18T10:45:30.194Z,2026-09-18T10:45:30.194Z
LZM.W,Lifezone Metals Limited,NYSE,nasdaq_trader,2026-09-18T10:45:30.194Z,2026-09-18T10:45:30.194Z
LZMH,LZ Technology Holdings Limited,NASDAQ,nasdaq_trader,2026-09-18T10:45:30.194Z,2026-09-18T10:45:30.194Z
M,Macy's Inc,NYSE,nasdaq_trader,2026-09-18T10:45:30.194Z,2026-09-18T10:45:30.194Z
MA,Mastercard Incorporated,NYSE,nasdaq_trader,2026-09-18T10:45:30.194Z,2026-09-18T10:45:30.194Z
MAA,"Mid-America Apartment Communities, Inc.",NYSE,nasdaq_trader,2026-09-18T10:45:30.194Z,2026-09-18T10:45:30.194Z
MAAS,Maase Inc.,NASDAQ,nasdaq_trader,2026-09-18T10:45:30.194Z,2026-09-18T10:45:30.194Z
MAC,Macerich Company (The),NYSE,nasdaq_trader,2026-09-18T10:45:30.194Z,2026-09-18T10:45:30.194Z
MACI,Melar Acquisition Corp. I,NASDAQ,nasdaq_trader,2026-09-18T10:45:30.194Z,2026-09-18T10:45:30.194Z
MACIU,Melar Acquisition Corp. I,NASDAQ,nasdaq_trader,2026-09-18T10:45:30.194Z,2026-09-18T10:45:30.194Z
MACIW,Melar Acquisition Corp. I,NASDAQ,nasdaq_trader,2026-09-18T10:45:30.194Z,2026-09-18T10:45:30.194Z
MACT,"MachTen, Inc.",OTC,excel_import,2026-09-18T09:57:12.863Z,2026-09-18T09:57:12.863Z
MAGH,Magnitude International Ltd,NASDAQ,nasdaq_trader,2026-09-18T10:45:30.194Z,2026-09-18T10:45:30.194Z
MAGN,Magnera Corporation,NYSE,nasdaq_trader,2026-09-18T10:45:30.194Z,2026-09-18T10:45:30.194Z
MAIA,"MAIA Biotechnology, Inc.",AMEX,nasdaq_trader,2026-09-18T10:45:30.194Z,2026-09-18T10:45:30.194Z
MAIN,Main Street Capital Corporation,NYSE,nasdaq_trader,2026-09-18T10:45:30.194Z,2026-09-18T10:45:30.194Z
MAIR,Madison Air Solutions Corporation,NYSE,nasdaq_trader,2026-09-18T10:45:30.194Z,2026-09-18T10:45:30.194Z
MAKO,Mako Mining Corp,NASDAQ,nasdaq_trader,2026-09-18T10:45:30.194Z,2026-09-18T10:45:30.194Z
MAMA,"Mama's Creations, Inc.",NASDAQ,nasdaq_trader,2026-09-18T10:45:30.194Z,2026-09-18T10:45:30.194Z
MAMK,MaxsMaking Inc.,NASDAQ,nasdaq_trader,2026-09-18T10:45:30.194Z,2026-09-18T10:45:30.194Z
MAMO,Massimo Group,NASDAQ,nasdaq_trader,2026-09-18T10:45:30.194Z,2026-09-18T10:45:30.194Z
MAN,ManpowerGroup,NYSE,nasdaq_trader,2026-09-18T10:45:30.194Z,2026-09-18T10:45:30.194Z
MANE,"Veradermics, Incorporated",NYSE,nasdaq_trader,2026-09-18T10:45:30.194Z,2026-09-18T10:45:30.194Z
MANH,"Manhattan Associates, Inc.",NASDAQ,nasdaq_trader,2026-09-18T10:45:30.194Z,2026-09-18T10:45:30.194Z
MANU,Manchester United Ltd.,NYSE,nasdaq_trader,2026-09-18T10:45:30.194Z,2026-09-18T10:45:30.194Z
MAR,Marriott International,NASDAQ,nasdaq_trader,2026-09-18T10:45:30.194Z,2026-09-18T10:45:30.194Z
MARA,"MARA Holdings, Inc.",NASDAQ,nasdaq_trader,2026-09-18T10:45:30.194Z,2026-09-18T10:45:30.194Z
MARPS,Marine Petroleum Trust,NASDAQ,nasdaq_trader,2026-09-18T10:45:30.194Z,2026-09-18T10:45:30.194Z
MAS,Masco Corporation,NYSE,nasdaq_trader,2026-09-18T10:45:30.194Z,2026-09-18T10:45:30.194Z
MASK,3 E Network Technology Group Ltd,NASDAQ,nasdaq_trader,2026-09-18T10:45:30.194Z,2026-09-18T10:45:30.194Z
MASS,908 Devices Inc.,NASDAQ,nasdaq_trader,2026-09-18T10:45:30.194Z,2026-09-18T10:45:30.194Z
MAT,"Mattel, Inc.",NASDAQ,nasdaq_trader,2026-09-18T10:45:30.194Z,2026-09-18T10:45:30.194Z
MATAF,Matador Technologies Inc.,OTC,excel_import,2026-09-18T09:57:12.863Z,2026-09-18T09:57:12.863Z
MATH,Metalpha Technology Holding Limited,NASDAQ,nasdaq_trader,2026-09-18T10:45:30.194Z,2026-09-18T10:45:30.194Z
MATPF,MaaT Pharma SA,OTC,excel_import,2026-09-18T09:57:12.863Z,2026-09-18T09:57:12.863Z
MATV,"Mativ Holdings, Inc.",NYSE,nasdaq_trader,2026-09-18T10:45:30.194Z,2026-09-18T10:45:30.194Z
MATW,Matthews International Corporation,NASDAQ,nasdaq_trader,2026-09-18T10:45:30.194Z,2026-09-18T10:45:30.194Z
MATX,"Matson, Inc.",NYSE,nasdaq_trader,2026-09-18T10:45:30.194Z,2026-09-18T10:45:30.194Z
MAX,"MediaAlpha, Inc.",NYSE,nasdaq_trader,2026-09-18T10:45:30.194Z,2026-09-18T10:45:30.194Z
MAXFF,Max Stock Limited,OTC,excel_import,2026-09-18T09:57:12.863Z,2026-09-18T09:57:12.863Z
MAYS,"J. W. Mays, Inc.",NASDAQ,nasdaq_trader,2026-09-18T10:45:30.194Z,2026-09-18T10:45:30.194Z
MAZE,"Maze Therapeutics, Inc.",NASDAQ,nasdaq_trader,2026-09-18T10:45:30.194Z,2026-09-18T10:45:30.194Z
MB,MasterBeef Group,NASDAQ,nasdaq_trader,2026-09-18T10:45:30.194Z,2026-09-18T10:45:30.194Z
MBAI,MBody AI Ltd.,NASDAQ,nasdaq_trader,2026-09-18T10:45:30.194Z,2026-09-18T10:45:30.194Z
MBBC,"Marathon Bancorp, Inc.",NASDAQ,nasdaq_trader,2026-09-18T10:45:30.194Z,2026-09-18T10:45:30.194Z
MBC,"MasterBrand, Inc.",NYSE,nasdaq_trader,2026-09-18T10:45:30.194Z,2026-09-18T10:45:30.194Z
MBGL,Mobility Global Inc.,NYSE,nasdaq_trader,2026-09-18T10:45:30.194Z,2026-09-18T10:45:30.194Z
MBI,MBIA Inc.,NYSE,nasdaq_trader,2026-09-18T10:45:30.194Z,2026-09-18T10:45:30.194Z
MBIN,Merchants Bancorp,NASDAQ,nasdaq_trader,2026-09-18T10:45:30.194Z,2026-09-18T10:45:30.194Z
MBINL,Merchants Bancorp,NASDAQ,nasdaq_trader,2026-09-18T10:45:30.194Z,2026-09-18T10:45:30.194Z
MBINM,Merchants Bancorp,NASDAQ,nasdaq_trader,2026-09-18T10:45:30.194Z,2026-09-18T10:45:30.194Z
MBINN,Merchants Bancorp,NASDAQ,nasdaq_trader,2026-09-18T10:45:30.194Z,2026-09-18T10:45:30.194Z
MBIO,"Mustang Bio, Inc.",NASDAQ,nasdaq_trader,2026-09-18T10:45:30.194Z,2026-09-18T10:45:30.194Z
MBLY,Mobileye Global Inc.,NASDAQ,nasdaq_trader,2026-09-18T10:45:30.194Z,2026-09-18T10:45:30.194Z
MBNKO,Medallion Bank,NASDAQ,excel_import,2026-09-18T09:57:12.863Z,2026-09-18T09:57:12.863Z
MBOT,Microbot Medical Inc.,NASDAQ,nasdaq_trader,2026-09-18T10:45:30.194Z,2026-09-18T10:45:30.194Z
MBRX,"Moleculin Biotech, Inc.",NASDAQ,nasdaq_trader,2026-09-18T10:45:30.194Z,2026-09-18T10:45:30.194Z
MBUU,"Malibu Boats, Inc.",NASDAQ,nasdaq_trader,2026-09-18T10:45:30.194Z,2026-09-18T10:45:30.194Z
MBVI,M3-Brigade Acquisition VI Corp.,NASDAQ,nasdaq_trader,2026-09-18T10:45:30.194Z,2026-09-18T10:45:30.194Z
MBVIU,M3-Brigade Acquisition VI Corp.,NASDAQ,nasdaq_trader,2026-09-18T10:45:30.194Z,2026-09-18T10:45:30.194Z
MBVIW,M3-Brigade Acquisition VI Corp.,NASDAQ,nasdaq_trader,2026-09-18T10:45:30.194Z,2026-09-18T10:45:30.194Z
MBWM,Mercantile Bank Corporation,NASDAQ,nasdaq_trader,2026-09-18T10:45:30.194Z,2026-09-18T10:45:30.194Z
MBX,"MBX Biosciences, Inc.",NASDAQ,nasdaq_trader,2026-09-18T10:45:30.194Z,2026-09-18T10:45:30.194Z
MC,Moelis & Company,NYSE,nasdaq_trader,2026-09-18T10:45:30.194Z,2026-09-18T10:45:30.194Z
MCAH,Mountain Crest Acquisition 6 Corp.,NASDAQ,nasdaq_trader,2026-09-18T10:45:30.194Z,2026-09-18T10:45:30.194Z
MCAHR,Mountain Crest Acquisition 6 Corp.,NASDAQ,nasdaq_trader,2026-09-18T10:45:30.194Z,2026-09-18T10:45:30.194Z
MCAHU,Mountain Crest Acquisition 6 Corp.,NASDAQ,nasdaq_trader,2026-09-18T10:45:30.194Z,2026-09-18T10:45:30.194Z
MCB,Metropolitan Bank Holding Corp.,NYSE,nasdaq_trader,2026-09-18T10:45:30.194Z,2026-09-18T10:45:30.194Z
MCBS,"MetroCity Bankshares, Inc.",NASDAQ,nasdaq_trader,2026-09-18T10:45:30.194Z,2026-09-18T10:45:30.194Z
MCD,McDonald's Corporation,NYSE,nasdaq_trader,2026-09-18T10:45:30.194Z,2026-09-18T10:45:30.194Z
MCFT,"MasterCraft Boat Holdings, Inc.",NASDAQ,nasdaq_trader,2026-09-18T10:45:30.194Z,2026-09-18T10:45:30.194Z
MCGA,Yorkville Acquisition Corp.,NASDAQ,nasdaq_trader,2026-09-18T10:45:30.194Z,2026-09-18T10:45:30.194Z
MCGAU,Yorkville Acquisition Corp.,NASDAQ,nasdaq_trader,2026-09-18T10:45:30.194Z,2026-09-18T10:45:30.194Z
MCGAW,Yorkville Acquisition Corp.,NASDAQ,nasdaq_trader,2026-09-18T10:45:30.194Z,2026-09-18T10:45:30.194Z
MCHB,Mechanics Bancorp,NASDAQ,nasdaq_trader,2026-09-18T10:45:30.194Z,2026-09-18T10:45:30.194Z
MCHP,Microchip Technology Incorporated,NASDAQ,nasdaq_trader,2026-09-18T10:45:30.194Z,2026-09-18T10:45:30.194Z
MCHPP,Microchip Technology Incorporated,NASDAQ,nasdaq_trader,2026-09-18T10:45:30.194Z,2026-09-18T10:45:30.194Z
MCHVF,MGM China Holdings Limited,OTC,excel_import,2026-09-18T09:57:12.863Z,2026-09-18T09:57:12.863Z
MCHX,"Marchex, Inc.",NASDAQ,nasdaq_trader,2026-09-18T10:45:30.194Z,2026-09-18T10:45:30.194Z
MCI,Barings Corporate Investors,NYSE,nasdaq_trader,2026-09-18T10:45:30.194Z,2026-09-18T10:45:30.194Z
MCK,McKesson Corporation,NYSE,nasdaq_trader,2026-09-18T10:45:30.194Z,2026-09-18T10:45:30.194Z
MCN,XAI Madison Equity Premium Income Fund Common Shares,NYSE,nasdaq_trader,2026-09-18T10:45:30.194Z,2026-09-18T10:45:30.194Z
MCO,Moody's Corporation,NYSE,nasdaq_trader,2026-09-18T10:45:30.194Z,2026-09-18T10:45:30.194Z
MCRB,"Seres Therapeutics, Inc.",NASDAQ,nasdaq_trader,2026-09-18T10:45:30.194Z,2026-09-18T10:45:30.194Z
MCRI,"Monarch Casino & Resort, Inc.",NASDAQ,nasdaq_trader,2026-09-18T10:45:30.194Z,2026-09-18T10:45:30.194Z
MCRP,Micropolis AI Robotics,AMEX,nasdaq_trader,2026-09-18T10:45:30.194Z,2026-09-18T10:45:30.194Z
MCS,Marcus Corporation (The),NYSE,nasdaq_trader,2026-09-18T10:45:30.194Z,2026-09-18T10:45:30.194Z
MCTA,Charming Medical Limited,NASDAQ,excel_import,2026-09-18T09:57:12.863Z,2026-09-18T09:57:12.863Z
MCY,Mercury General Corporation,NYSE,nasdaq_trader,2026-09-18T10:45:30.194Z,2026-09-18T10:45:30.194Z
MD,"Pediatrix Medical Group, Inc.",NYSE,nasdaq_trader,2026-09-18T10:45:30.194Z,2026-09-18T10:45:30.194Z
MDA,MDA Space Ltd. Common Shares,NYSE,nasdaq_trader,2026-09-18T10:45:30.194Z,2026-09-18T10:45:30.194Z
MDAI,"Spectral AI, Inc.",NASDAQ,nasdaq_trader,2026-09-18T10:45:30.194Z,2026-09-18T10:45:30.194Z
MDAIW,"Spectral AI, Inc.",NASDAQ,nasdaq_trader,2026-09-18T10:45:30.194Z,2026-09-18T10:45:30.194Z
MDB,"MongoDB, Inc.",NASDAQ,nasdaq_trader,2026-09-18T10:45:30.194Z,2026-09-18T10:45:30.194Z
MDBH,"MDB Capital Holdings, LLC",NASDAQ,nasdaq_trader,2026-09-18T10:45:30.194Z,2026-09-18T10:45:30.194Z
MDCLF,MedinCell S.A.,OTC,excel_import,2026-09-18T09:57:12.863Z,2026-09-18T09:57:12.863Z
MDCX,Medicus Pharma Ltd.,NASDAQ,nasdaq_trader,2026-09-18T10:45:30.194Z,2026-09-18T10:45:30.194Z
MDCXW,Medicus Pharma Ltd.,NASDAQ,nasdaq_trader,2026-09-18T10:45:30.194Z,2026-09-18T10:45:30.194Z
MDGL,"Madrigal Pharmaceuticals, Inc.",NASDAQ,nasdaq_trader,2026-09-18T10:45:30.194Z,2026-09-18T10:45:30.194Z
MDIA,Mediaco Holding Inc.,NASDAQ,nasdaq_trader,2026-09-18T10:45:30.194Z,2026-09-18T10:45:30.194Z
MDLN,Medline Inc.,NASDAQ,nasdaq_trader,2026-09-18T10:45:30.194Z,2026-09-18T10:45:30.194Z
MDLZ,"Mondelez International, Inc.",NASDAQ,nasdaq_trader,2026-09-18T10:45:30.194Z,2026-09-18T10:45:30.194Z
MDRR,"Medalist Diversified, Inc.",NASDAQ,nasdaq_trader,2026-09-18T10:45:30.194Z,2026-09-18T10:45:30.194Z
MDT,Medtronic plc.,NYSE,nasdaq_trader,2026-09-18T10:45:30.194Z,2026-09-18T10:45:30.194Z
MDU,"MDU Resources Group, Inc. Common Stock (Holding Company)",NYSE,nasdaq_trader,2026-09-18T10:45:30.194Z,2026-09-18T10:45:30.194Z
MDWD,MediWound Ltd.,NASDAQ,nasdaq_trader,2026-09-18T10:45:30.194Z,2026-09-18T10:45:30.194Z
MDXG,"MiMedx Group, Inc",NASDAQ,nasdaq_trader,2026-09-18T10:45:30.194Z,2026-09-18T10:45:30.194Z
MDXH,MDxHealth SA,NASDAQ,nasdaq_trader,2026-09-18T10:45:30.194Z,2026-09-18T10:45:30.194Z
MEC,"Mayville Engineering Company, Inc.",NYSE,nasdaq_trader,2026-09-18T10:45:30.194Z,2026-09-18T10:45:30.194Z
MED,MEDIFAST INC,NYSE,nasdaq_trader,2026-09-18T10:45:30.194Z,2026-09-18T10:45:30.194Z
MEDP,"Medpace Holdings, Inc.",NASDAQ,nasdaq_trader,2026-09-18T10:45:30.194Z,2026-09-18T10:45:30.194Z
MEDS,"DataMeds AI, Inc.",NASDAQ,nasdaq_trader,2026-09-18T10:45:30.194Z,2026-09-18T10:45:30.194Z
MEGI,NYLI CBRE Global Infrastructure Megatrends Term Fund,NYSE,nasdaq_trader,2026-09-18T10:45:30.194Z,2026-09-22T07:18:59.419Z
MEGL,Magic Empire Global Limited,NASDAQ,nasdaq_trader,2026-09-18T10:45:30.194Z,2026-09-18T10:45:30.194Z
MEI,"Methode Electronics, Inc.",NYSE,nasdaq_trader,2026-09-18T10:45:30.194Z,2026-09-18T10:45:30.194Z
MELI,"MercadoLibre, Inc.",NASDAQ,nasdaq_trader,2026-09-18T10:45:30.194Z,2026-09-18T10:45:30.194Z
MENS,Jyong Biotech Ltd.,NASDAQ,nasdaq_trader,2026-09-18T10:45:30.194Z,2026-09-18T10:45:30.194Z
MEOH,Methanex Corporation,NASDAQ,nasdaq_trader,2026-09-18T10:45:30.194Z,2026-09-18T10:45:30.194Z
MERC,Mercer International Inc.,NASDAQ,nasdaq_trader,2026-09-18T10:45:30.194Z,2026-09-18T10:45:30.194Z
MESH,Meshflow Acquisition Corp.,NASDAQ,nasdaq_trader,2026-09-18T10:45:30.194Z,2026-09-18T10:45:30.194Z
MESHU,Meshflow Acquisition Corp.,NASDAQ,nasdaq_trader,2026-09-18T10:45:30.194Z,2026-09-18T10:45:30.194Z
MESHW,Meshflow Acquisition Corp.,NASDAQ,nasdaq_trader,2026-09-18T10:45:30.194Z,2026-09-18T10:45:30.194Z
MESO,Mesoblast Limited,NASDAQ,nasdaq_trader,2026-09-18T10:45:30.194Z,2026-09-18T10:45:30.194Z
MET,"MetLife, Inc.",NYSE,nasdaq_trader,2026-09-18T10:45:30.194Z,2026-09-18T10:45:30.194Z
META,"Meta Platforms, Inc.",NASDAQ,nasdaq_trader,2026-09-18T10:45:30.194Z,2026-09-18T10:45:30.194Z
METC,"Ramaco Resources, Inc.",NASDAQ,nasdaq_trader,2026-09-18T10:45:30.194Z,2026-09-18T10:45:30.194Z
METCB,"Ramaco Resources, Inc.",NASDAQ,nasdaq_trader,2026-09-18T10:45:30.194Z,2026-09-18T10:45:30.194Z
METCI,"Ramaco Resources, Inc.",NASDAQ,nasdaq_trader,2026-09-18T10:45:30.194Z,2026-09-18T10:45:30.194Z
METCZ,"Ramaco Resources, Inc.",NASDAQ,nasdaq_trader,2026-09-18T10:45:30.194Z,2026-09-18T10:45:30.194Z
MEVO,M Evo Global Acquisition Corp II,NASDAQ,nasdaq_trader,2026-09-18T10:45:30.194Z,2026-09-18T10:45:30.194Z
MEVOU,M Evo Global Acquisition Corp II,NASDAQ,nasdaq_trader,2026-09-18T10:45:30.194Z,2026-09-18T10:45:30.194Z
MEVOW,M Evo Global Acquisition Corp II,NASDAQ,nasdaq_trader,2026-09-18T10:45:30.194Z,2026-09-18T10:45:30.194Z
MF,MindForge Inc.,NASDAQ,nasdaq_trader,2026-09-18T10:45:30.194Z,2026-09-18T10:45:30.194Z
MFA,"MFA Financial, Inc.",NYSE,nasdaq_trader,2026-09-18T10:45:30.194Z,2026-09-18T10:45:30.194Z
MFAN,"MFA Financial, Inc. 8.875% Seni",NYSE,nasdaq_trader,2026-09-18T10:45:30.194Z,2026-09-22T07:18:59.420Z
MFAO,"MFA Financial, Inc. 9.000% Seni",NYSE,nasdaq_trader,2026-09-18T10:45:30.194Z,2026-09-22T07:18:59.422Z
MFC,Manulife Financial Corporation,NYSE,nasdaq_trader,2026-09-18T10:45:30.194Z,2026-09-18T10:45:30.194Z
MFG,"Mizuho Financial Group, Inc.",NYSE,nasdaq_trader,2026-09-18T10:45:30.194Z,2026-09-22T07:18:59.423Z
MFI,mF International Limited,NASDAQ,nasdaq_trader,2026-09-18T10:45:30.194Z,2026-09-18T10:45:30.194Z
MFIC,MidCap Financial Investment Corporation,NASDAQ,nasdaq_trader,2026-09-18T10:45:30.194Z,2026-09-18T10:45:30.194Z
MFICL,MidCap Financial Investment Corporation,NASDAQ,nasdaq_trader,2026-09-18T10:45:30.194Z,2026-09-18T10:45:30.194Z
MFIN,Medallion Financial Corp.,NASDAQ,nasdaq_trader,2026-09-18T10:45:30.194Z,2026-09-18T10:45:30.194Z
MFM,Aberdeen Municipal Income Fund,NYSE,nasdaq_trader,2026-09-18T10:45:30.194Z,2026-09-18T10:45:30.194Z
MFP,"Midera Food Processing, Inc.",NASDAQ,excel_import,2026-09-18T09:57:12.863Z,2026-09-18T09:57:12.863Z
MG,Mistras Group Inc,NYSE,nasdaq_trader,2026-09-18T10:45:30.194Z,2026-09-18T10:45:30.194Z
MGA,"Magna International, Inc.",NYSE,nasdaq_trader,2026-09-18T10:45:30.194Z,2026-09-18T10:45:30.194Z
MGEE,MGE Energy Inc.,NASDAQ,nasdaq_trader,2026-09-18T10:45:30.194Z,2026-09-18T10:45:30.194Z
MGF,Aberdeen Government Markets Income Fund,NYSE,nasdaq_trader,2026-09-18T10:45:30.194Z,2026-09-18T10:45:30.194Z
MGIH,Millennium Group International Holdings Limited,NASDAQ,nasdaq_trader,2026-09-18T10:45:30.194Z,2026-09-18T10:45:30.194Z
MGLD,"The Marygold Companies, Inc.",AMEX,nasdaq_trader,2026-09-18T10:45:30.194Z,2026-09-18T10:45:30.194Z
MGM,MGM Resorts International,NYSE,nasdaq_trader,2026-09-18T10:45:30.194Z,2026-09-18T10:45:30.194Z
MGN,Megan Holdings Limited,NASDAQ,nasdaq_trader,2026-09-18T10:45:30.194Z,2026-09-18T10:45:30.194Z
MGNI,"Magnite, Inc.",NASDAQ,nasdaq_trader,2026-09-18T10:45:30.194Z,2026-09-18T10:45:30.194Z
MGNX,"MacroGenics, Inc.",NASDAQ,nasdaq_trader,2026-09-18T10:45:30.194Z,2026-09-18T10:45:30.194Z
MGPI,"MGP Ingredients, Inc.",NASDAQ,nasdaq_trader,2026-09-18T10:45:30.194Z,2026-09-18T10:45:30.194Z
MGR,"Affiliated Managers Group, Inc.",NYSE,nasdaq_trader,2026-09-18T10:45:30.194Z,2026-09-18T10:45:30.194Z
MGRB,"Affiliated Managers Group, Inc.",NYSE,nasdaq_trader,2026-09-18T10:45:30.194Z,2026-09-18T10:45:30.194Z
MGRC,McGrath RentCorp,NASDAQ,nasdaq_trader,2026-09-18T10:45:30.194Z,2026-09-18T10:45:30.194Z
MGRD,"Affiliated Managers Group, Inc.",NYSE,nasdaq_trader,2026-09-18T10:45:30.194Z,2026-09-18T10:45:30.194Z
MGRE,"Affiliated Managers Group, Inc.",NYSE,nasdaq_trader,2026-09-18T10:45:30.194Z,2026-09-18T10:45:30.194Z
MGRT,Mega Fortune Company Limited,NASDAQ,nasdaq_trader,2026-09-18T10:45:30.194Z,2026-09-18T10:45:30.194Z
MGRX,"Mangoceuticals, Inc.",NASDAQ,nasdaq_trader,2026-09-18T10:45:30.194Z,2026-09-18T10:45:30.194Z
MGTX,MeiraGTx Holdings plc,NASDAQ,nasdaq_trader,2026-09-18T10:45:30.194Z,2026-09-18T10:45:30.194Z
MGX,"Metagenomi Therapeutics, Inc.",NASDAQ,nasdaq_trader,2026-09-18T10:45:30.194Z,2026-09-18T10:45:30.194Z
MGY,Magnolia Oil & Gas Corporation,NYSE,nasdaq_trader,2026-09-18T10:45:30.194Z,2026-09-18T10:45:30.194Z
MGYR,"Magyar Bancorp, Inc.",NASDAQ,nasdaq_trader,2026-09-18T10:45:30.194Z,2026-09-18T10:45:30.194Z
MH,"McGraw Hill, Inc.",NYSE,nasdaq_trader,2026-09-18T10:45:30.194Z,2026-09-18T10:45:30.194Z
MHD,"Blackrock MuniHoldings Fund, Inc.",NYSE,nasdaq_trader,2026-09-18T10:45:30.194Z,2026-09-18T10:45:30.194Z
MHF,"Western Asset Municipal High Income Fund, Inc.",NYSE,nasdaq_trader,2026-09-18T10:45:30.194Z,2026-09-18T10:45:30.194Z
MHH,"Mastech Digital, Inc",AMEX,nasdaq_trader,2026-09-18T10:45:30.194Z,2026-09-18T10:45:30.194Z
MHK,"Mohawk Industries, Inc.",NYSE,nasdaq_trader,2026-09-18T10:45:30.194Z,2026-09-18T10:45:30.194Z
MHLA,"Maiden Holdings, Ltd. 6.625 NT 2046",NYSE,nasdaq_trader,2026-09-18T10:45:30.194Z,2026-09-22T07:18:59.425Z
MHNC,"Maiden Holdings North America, Ltd.",NYSE,nasdaq_trader,2026-09-18T10:45:30.194Z,2026-09-18T10:45:30.194Z
MHO,"M/I Homes, Inc.",NYSE,nasdaq_trader,2026-09-18T10:45:30.194Z,2026-09-18T10:45:30.194Z
MI,NFT Limited,AMEX,nasdaq_trader,2026-09-18T10:45:30.194Z,2026-09-18T10:45:30.194Z
MIAC,Meridian3 Industrials Acquisition Corp,NASDAQ,nasdaq_trader,2026-09-18T10:45:30.194Z,2026-09-18T10:45:30.194Z
MIACU,Meridian3 Industrials Acquisition Corp,NASDAQ,nasdaq_trader,2026-09-18T10:45:30.194Z,2026-09-18T10:45:30.194Z
MIACW,Meridian3 Industrials Acquisition Corp,NASDAQ,nasdaq_trader,2026-09-18T10:45:30.194Z,2026-09-18T10:45:30.194Z
MIAPF,MINTO APARTMENT REAL ESTATE INV,OTC,excel_import,2026-09-18T09:57:12.863Z,2026-09-18T09:57:12.863Z
MIAX,"Miami International Holdings, Inc.",NYSE,nasdaq_trader,2026-09-18T10:45:30.194Z,2026-09-18T10:45:30.194Z
MICC,The Magnum Ice Cream Company N.V.,NYSE,nasdaq_trader,2026-09-18T10:45:30.194Z,2026-09-18T10:45:30.194Z
MIDD,The Middleby Corporation,NASDAQ,nasdaq_trader,2026-09-18T10:45:30.194Z,2026-09-18T10:45:30.194Z
MIMI,Mint Incorporation Limited,NASDAQ,nasdaq_trader,2026-09-18T10:45:30.194Z,2026-09-18T10:45:30.194Z
MIN,Aberdeen Intermediate Income Fund,NYSE,nasdaq_trader,2026-09-18T10:45:30.194Z,2026-09-18T10:45:30.194Z
MIND,"MIND Technology, Inc.",NASDAQ,nasdaq_trader,2026-09-18T10:45:30.194Z,2026-09-18T10:45:30.194Z
MINE,Mayfair Gold Corp. Common Shares,AMEX,nasdaq_trader,2026-09-18T10:45:30.194Z,2026-09-18T10:45:30.194Z
MIR,"Mirion Technologies, Inc.",NYSE,nasdaq_trader,2026-09-18T10:45:30.194Z,2026-09-18T10:45:30.194Z
MIRA,"MIRA Pharmaceuticals, Inc.",NASDAQ,nasdaq_trader,2026-09-18T10:45:30.194Z,2026-09-18T10:45:30.194Z
MIRM,"Mirum Pharmaceuticals, Inc.",NASDAQ,nasdaq_trader,2026-09-18T10:45:30.194Z,2026-09-18T10:45:30.194Z
MIST,Milestone Pharmaceuticals Inc.,NASDAQ,nasdaq_trader,2026-09-18T10:45:30.194Z,2026-09-18T10:45:30.194Z
MITK,"Mitek Systems, Inc.",NASDAQ,nasdaq_trader,2026-09-18T10:45:30.194Z,2026-09-18T10:45:30.194Z
MITN,"TPG Mortgage Investment Trust, Inc.",NYSE,nasdaq_trader,2026-09-18T10:45:30.194Z,2026-09-18T10:45:30.194Z
MITP,"TPG Mortgage Investment Trust, Inc.",NYSE,nasdaq_trader,2026-09-18T10:45:30.194Z,2026-09-18T10:45:30.194Z
MITQ,"Moving iMage Technologies, Inc.",AMEX,nasdaq_trader,2026-09-18T10:45:30.194Z,2026-09-18T10:45:30.194Z
MITT,"TPG Mortgage Investment Trust, Inc.",NYSE,nasdaq_trader,2026-09-18T10:45:30.194Z,2026-09-18T10:45:30.194Z
MIY,"Blackrock MuniYield Michigan Quality Fund, Inc.",NYSE,nasdaq_trader,2026-09-18T10:45:30.194Z,2026-09-18T10:45:30.194Z
MKC,"McCormick & Company, Incorporated",NYSE,nasdaq_trader,2026-09-18T10:45:30.194Z,2026-09-18T10:45:30.194Z
MKC.V,"McCormick & Company, Incorporated",NYSE,nasdaq_trader,2026-09-18T10:45:30.194Z,2026-09-18T10:45:30.194Z
MKDW,MKDWELL Tech Inc.,NASDAQ,nasdaq_trader,2026-09-18T10:45:30.194Z,2026-09-18T10:45:30.194Z
MKDWW,MKDWELL Tech Inc.,NASDAQ,nasdaq_trader,2026-09-18T10:45:30.194Z,2026-09-18T10:45:30.194Z
MKL,Markel Group Inc.,NYSE,nasdaq_trader,2026-09-18T10:45:30.194Z,2026-09-18T10:45:30.194Z
MKLY,McKinley Acquisition Corporation,NASDAQ,nasdaq_trader,2026-09-18T10:45:30.194Z,2026-09-18T10:45:30.194Z
MKLYR,McKinley Acquisition Corporation,NASDAQ,nasdaq_trader,2026-09-18T10:45:30.194Z,2026-09-18T10:45:30.194Z
MKLYU,McKinley Acquisition Corporation,NASDAQ,nasdaq_trader,2026-09-18T10:45:30.194Z,2026-09-18T10:45:30.194Z
MKSI,MKS Inc.,NASDAQ,nasdaq_trader,2026-09-18T10:45:30.194Z,2026-09-18T10:45:30.194Z
MKTW,"MarketWise, Inc.",NASDAQ,nasdaq_trader,2026-09-18T10:45:30.194Z,2026-09-18T10:45:30.194Z
MKTX,"MarketAxess Holdings, Inc.",NASDAQ,nasdaq_trader,2026-09-18T10:45:30.194Z,2026-09-18T10:45:30.194Z
MKZR,"MacKenzie Realty Capital, Inc.",NASDAQ,nasdaq_trader,2026-09-18T10:45:30.194Z,2026-09-18T10:45:30.194Z
MLAA,Mountain Lake Acquisition Corp. II,NASDAQ,nasdaq_trader,2026-09-18T10:45:30.194Z,2026-09-18T10:45:30.194Z
MLAAU,Mountain Lake Acquisition Corp. II,NASDAQ,nasdaq_trader,2026-09-18T10:45:30.194Z,2026-09-18T10:45:30.194Z
MLAAW,Mountain Lake Acquisition Corp. II,NASDAQ,nasdaq_trader,2026-09-18T10:45:30.194Z,2026-09-18T10:45:30.194Z
MLAB,"Mesa Laboratories, Inc.",NASDAQ,nasdaq_trader,2026-09-18T10:45:30.194Z,2026-09-18T10:45:30.194Z
MLCI,Mount Logan Capital Inc.,NASDAQ,nasdaq_trader,2026-09-18T10:45:30.194Z,2026-09-18T10:45:30.194Z
MLCIL,Mount Logan Capital Inc. 8.00% Notes Due 2031,NASDAQ,nasdaq_trader,2026-09-18T10:45:30.194Z,2026-09-22T07:18:59.015Z
MLCO,Melco Resorts & Entertainment Limited,NASDAQ,nasdaq_trader,2026-09-18T10:45:30.194Z,2026-09-18T10:45:30.194Z
MLEC,Moolec Science SA,NASDAQ,nasdaq_trader,2026-09-18T10:45:30.194Z,2026-09-18T10:45:30.194Z
MLECW,Moolec Science SA,NASDAQ,nasdaq_trader,2026-09-18T10:45:30.194Z,2026-09-18T10:45:30.194Z
MLGO,"MicroAlgo, Inc.",NASDAQ,nasdaq_trader,2026-09-18T10:45:30.194Z,2026-09-18T10:45:30.194Z
MLI,"Mueller Industries, Inc.",NYSE,nasdaq_trader,2026-09-18T10:45:30.194Z,2026-09-18T10:45:30.194Z
MLKN,"MillerKnoll, Inc.",NASDAQ,nasdaq_trader,2026-09-18T10:45:30.194Z,2026-09-18T10:45:30.194Z
MLM,"Martin Marietta Materials, Inc.",NYSE,nasdaq_trader,2026-09-18T10:45:30.194Z,2026-09-18T10:45:30.194Z
MLP,"Maui Land & Pineapple Company, Inc.",NYSE,nasdaq_trader,2026-09-18T10:45:30.194Z,2026-09-18T10:45:30.194Z
MLR,"Miller Industries, Inc.",NYSE,nasdaq_trader,2026-09-18T10:45:30.194Z,2026-09-18T10:45:30.194Z
MLSS,"Milestone Scientific, Inc.",AMEX,nasdaq_trader,2026-09-18T10:45:30.194Z,2026-09-18T10:45:30.194Z
MLTX,MoonLake Immunotherapeutics,NASDAQ,nasdaq_trader,2026-09-18T10:45:30.194Z,2026-09-18T10:45:30.194Z
MLYS,"Mineralys Therapeutics, Inc.",NASDAQ,nasdaq_trader,2026-09-18T10:45:30.194Z,2026-09-18T10:45:30.194Z
MMA,Mixed Martial Arts Group Limited,AMEX,nasdaq_trader,2026-09-18T10:45:30.194Z,2026-09-18T10:45:30.194Z
MMD,NYLI MacKay DefinedTerm Muni Opportunities Fund,NYSE,nasdaq_trader,2026-09-18T10:45:30.194Z,2026-09-22T07:18:59.426Z
MMED,"MiniMed Group, Inc.",NASDAQ,nasdaq_trader,2026-09-18T10:45:30.194Z,2026-09-18T10:45:30.194Z
MMI,"Marcus & Millichap, Inc.",NYSE,nasdaq_trader,2026-09-18T10:45:30.194Z,2026-09-18T10:45:30.194Z
MMIRF,MedMira Inc.,OTC,excel_import,2026-09-18T09:57:12.863Z,2026-09-18T09:57:12.863Z
MMLP,Martin Midstream Partners L.P.,NASDAQ,nasdaq_trader,2026-09-18T10:45:30.194Z,2026-09-18T10:45:30.194Z
MMM,3M Company,NYSE,nasdaq_trader,2026-09-18T10:45:30.194Z,2026-09-18T10:45:30.194Z
MMNNF,Munters Group AB (publ),OTC,excel_import,2026-09-18T09:57:12.863Z,2026-09-22T07:18:58.891Z
MMS,"Maximus, Inc.",NYSE,nasdaq_trader,2026-09-18T10:45:30.194Z,2026-09-18T10:45:30.194Z
MMSI,"Merit Medical Systems, Inc.",NASDAQ,nasdaq_trader,2026-09-18T10:45:30.194Z,2026-09-18T10:45:30.194Z
MMT,Aberdeen Multi-Market Income Fund,NYSE,nasdaq_trader,2026-09-18T10:45:30.194Z,2026-09-18T10:45:30.194Z
MMTX,Miluna Acquisition Corp,NASDAQ,nasdaq_trader,2026-09-18T10:45:30.194Z,2026-09-18T10:45:30.194Z
MMTXU,Miluna Acquisition Corp,NASDAQ,nasdaq_trader,2026-09-18T10:45:30.194Z,2026-09-18T10:45:30.194Z
MMTXW,Miluna Acquisition Corp,NASDAQ,nasdaq_trader,2026-09-18T10:45:30.194Z,2026-09-18T10:45:30.194Z
MMU,"Western Asset Managed Municipals Fund, Inc.",NYSE,nasdaq_trader,2026-09-18T10:45:30.194Z,2026-09-18T10:45:30.194Z
MMYT,MakeMyTrip Limited,NASDAQ,nasdaq_trader,2026-09-18T10:45:30.194Z,2026-09-18T10:45:30.194Z
MNDO,MIND C.T.I. Ltd.,NASDAQ,nasdaq_trader,2026-09-18T10:45:30.194Z,2026-09-18T10:45:30.194Z
MNDR,Mobile-health Network Solutions,NASDAQ,nasdaq_trader,2026-09-18T10:45:30.194Z,2026-09-18T10:45:30.194Z
MNDY,monday.com Ltd.,NASDAQ,nasdaq_trader,2026-09-18T10:45:30.194Z,2026-09-18T10:45:30.194Z
MNKD,MannKind Corporation,NASDAQ,nasdaq_trader,2026-09-18T10:45:30.194Z,2026-09-18T10:45:30.194Z
MNLXF,MiniLuxe Holding Corp.,OTC,excel_import,2026-09-18T09:57:12.863Z,2026-09-18T09:57:12.863Z
MNOV,"MediciNova, Inc.",NASDAQ,nasdaq_trader,2026-09-18T10:45:30.194Z,2026-09-18T10:45:30.194Z
MNPR,Monopar Therapeutics Inc.,NASDAQ,nasdaq_trader,2026-09-18T10:45:30.194Z,2026-09-18T10:45:30.194Z
MNR,Mach Natural Resources LP Common,NYSE,nasdaq_trader,2026-09-18T10:45:30.194Z,2026-09-18T10:45:30.194Z
MNRO,"Monro, Inc.",NASDAQ,nasdaq_trader,2026-09-18T10:45:30.194Z,2026-09-18T10:45:30.194Z
MNSAF,Mineros S.A.,OTC,excel_import,2026-09-18T09:57:12.863Z,2026-09-18T09:57:12.863Z
MNSB,"MainStreet Bancshares, Inc.",NASDAQ,nasdaq_trader,2026-09-18T10:45:30.194Z,2026-09-18T10:45:30.194Z
MNSBP,"MainStreet Bancshares, Inc.",NASDAQ,nasdaq_trader,2026-09-18T10:45:30.194Z,2026-09-18T10:45:30.194Z
MNSO,MINISO Group Holding Limited,NYSE,nasdaq_trader,2026-09-18T10:45:30.194Z,2026-09-18T10:45:30.194Z
MNST,Monster Beverage Corporation,NASDAQ,nasdaq_trader,2026-09-18T10:45:30.194Z,2026-09-18T10:45:30.194Z
MNTK,"Montauk Renewables, Inc.",NASDAQ,nasdaq_trader,2026-09-18T10:45:30.194Z,2026-09-18T10:45:30.194Z
MNTN,"MNTN, Inc.",NYSE,nasdaq_trader,2026-09-18T10:45:30.194Z,2026-09-18T10:45:30.194Z
MNTS,Momentus Inc.,NASDAQ,nasdaq_trader,2026-09-18T10:45:30.194Z,2026-09-18T10:45:30.194Z
MNY,MoneyHero Limited,NASDAQ,nasdaq_trader,2026-09-18T10:45:30.194Z,2026-09-18T10:45:30.194Z
MNYWW,MoneyHero Limited,NASDAQ,nasdaq_trader,2026-09-18T10:45:30.194Z,2026-09-18T10:45:30.194Z
MO,"Altria Group, Inc.",NYSE,nasdaq_trader,2026-09-18T10:45:30.194Z,2026-09-18T10:45:30.194Z
MOB,Mobilicom Limited,NASDAQ,nasdaq_trader,2026-09-18T10:45:30.194Z,2026-09-18T10:45:30.194Z
MOBBW,Mobilicom Limited,NASDAQ,nasdaq_trader,2026-09-18T10:45:30.194Z,2026-09-18T10:45:30.194Z
MOBI,"Mobia Medical, Inc.",NASDAQ,excel_import,2026-09-18T09:57:12.863Z,2026-09-18T09:57:12.863Z
MOBX,"Mobix Labs, Inc.",NASDAQ,nasdaq_trader,2026-09-18T10:45:30.194Z,2026-09-18T10:45:30.194Z
MOBXW,"Mobix Labs, Inc.",NASDAQ,nasdaq_trader,2026-09-18T10:45:30.194Z,2026-09-18T10:45:30.194Z
MOD,Modine Manufacturing Company,NYSE,nasdaq_trader,2026-09-18T10:45:30.194Z,2026-09-18T10:45:30.194Z
MODD,"Modular Medical, Inc.",NASDAQ,nasdaq_trader,2026-09-18T10:45:30.194Z,2026-09-18T10:45:30.194Z
MOG.A,Moog Inc.,NYSE,nasdaq_trader,2026-09-18T10:45:30.194Z,2026-09-18T10:45:30.194Z
MOG.B,Moog Inc.,NYSE,nasdaq_trader,2026-09-18T10:45:30.194Z,2026-09-18T10:45:30.194Z
MOGU,MOGU Inc.,NYSE,nasdaq_trader,2026-09-18T10:45:30.194Z,2026-09-18T10:45:30.194Z
MOH,Molina Healthcare Inc,NYSE,nasdaq_trader,2026-09-18T10:45:30.194Z,2026-09-18T10:45:30.194Z
MOLN,Molecular Partners AG,NASDAQ,nasdaq_trader,2026-09-18T10:45:30.194Z,2026-09-18T10:45:30.194Z
MOMO,Hello Group Inc.,NASDAQ,nasdaq_trader,2026-09-18T10:45:30.194Z,2026-09-18T10:45:30.194Z
MONTF,Montfort Capital Corp.,OTC,excel_import,2026-09-18T09:57:12.863Z,2026-09-18T09:57:12.863Z
MORN,"Morningstar, Inc.",NASDAQ,nasdaq_trader,2026-09-18T10:45:30.194Z,2026-09-18T10:45:30.194Z
MOS,Mosaic Company (The),NYSE,nasdaq_trader,2026-09-18T10:45:30.194Z,2026-09-18T10:45:30.194Z
MOV,Movado Group Inc.,NYSE,nasdaq_trader,2026-09-18T10:45:30.194Z,2026-09-18T10:45:30.194Z
MOVE,"Corvex, Inc.",NASDAQ,nasdaq_trader,2026-09-18T10:45:30.194Z,2026-09-18T10:45:30.194Z
MP,MP Materials Corp.,NYSE,nasdaq_trader,2026-09-18T10:45:30.194Z,2026-09-18T10:45:30.194Z
MPA,Blackrock MuniYield Pennsylvania Quality Fund,NYSE,nasdaq_trader,2026-09-18T10:45:30.194Z,2026-09-18T10:45:30.194Z
MPAA,"Motorcar Parts of America, Inc.",NASDAQ,nasdaq_trader,2026-09-18T10:45:30.194Z,2026-09-18T10:45:30.194Z
MPB,Mid Penn Bancorp,NASDAQ,nasdaq_trader,2026-09-18T10:45:30.194Z,2026-09-18T10:45:30.194Z
MPC,Marathon Petroleum Corporation,NYSE,nasdaq_trader,2026-09-18T10:45:30.194Z,2026-09-18T10:45:30.194Z
MPCCF,Madison Pacific Properties Inc.,OTC,excel_import,2026-09-18T09:57:12.863Z,2026-09-18T09:57:12.863Z
MPLT,"MapLight Therapeutics, Inc.",NASDAQ,nasdaq_trader,2026-09-18T10:45:30.194Z,2026-09-18T10:45:30.194Z
MPLX,MPLX LP Common,NYSE,nasdaq_trader,2026-09-18T10:45:30.194Z,2026-09-18T10:45:30.194Z
MPT,"Medical Properties Trust, Inc.",NYSE,nasdaq_trader,2026-09-18T10:45:30.194Z,2026-09-18T10:45:30.194Z
MPTI,"M-tron Industries, Inc.",AMEX,nasdaq_trader,2026-09-18T10:45:30.194Z,2026-09-18T10:45:30.194Z
MPU,Mega Matrix Inc.,AMEX,nasdaq_trader,2026-09-18T10:45:30.194Z,2026-09-18T10:45:30.194Z
MPV,Barings Participation Investors,NYSE,nasdaq_trader,2026-09-18T10:45:30.194Z,2026-09-18T10:45:30.194Z
MPWR,"Monolithic Power Systems, Inc.",NASDAQ,nasdaq_trader,2026-09-18T10:45:30.194Z,2026-09-18T10:45:30.194Z
MQ,"Marqeta, Inc.",NASDAQ,nasdaq_trader,2026-09-18T10:45:30.194Z,2026-09-18T10:45:30.194Z
MQY,"Blackrock MuniYield Quality Fund, Inc.",NYSE,nasdaq_trader,2026-09-18T10:45:30.194Z,2026-09-18T10:45:30.194Z
MRAM,"Everspin Technologies, Inc.",NASDAQ,nasdaq_trader,2026-09-18T10:45:30.194Z,2026-09-18T10:45:30.194Z
MRBK,Meridian Corporation,NASDAQ,nasdaq_trader,2026-09-18T10:45:30.194Z,2026-09-18T10:45:30.194Z
MRCO,Mercator Acquisition Corp.,NASDAQ,nasdaq_trader,2026-09-18T10:45:30.194Z,2026-09-18T10:45:30.194Z
MRCOU,Mercator Acquisition Corp.,NASDAQ,nasdaq_trader,2026-09-18T10:45:30.194Z,2026-09-18T10:45:30.194Z
MRCOW,Mercator Acquisition Corp.,NASDAQ,nasdaq_trader,2026-09-18T10:45:30.194Z,2026-09-18T10:45:30.194Z
MRCY,Mercury Systems Inc,NASDAQ,nasdaq_trader,2026-09-18T10:45:30.194Z,2026-09-18T10:45:30.194Z
MRDN,Meridian Holdings Inc.,NASDAQ,nasdaq_trader,2026-09-18T10:45:30.194Z,2026-09-18T10:45:30.194Z
MREO,Mereo BioPharma Group plc,NASDAQ,nasdaq_trader,2026-09-18T10:45:30.194Z,2026-09-18T10:45:30.194Z
MRK,"Merck & Co., Inc.",NYSE,nasdaq_trader,2026-09-18T10:45:30.194Z,2026-09-22T07:18:59.428Z
MRKR,"Marker Therapeutics, Inc.",NASDAQ,nasdaq_trader,2026-09-18T10:45:30.194Z,2026-09-18T10:45:30.194Z
MRLN,"Merlin, Inc.",NASDAQ,nasdaq_trader,2026-09-18T10:45:30.194Z,2026-09-18T10:45:30.194Z
MRM,MEDIROM Healthcare Technologies Inc.,NASDAQ,nasdaq_trader,2026-09-18T10:45:30.194Z,2026-09-18T10:45:30.194Z
MRNA,"Moderna, Inc.",NASDAQ,nasdaq_trader,2026-09-18T10:45:30.194Z,2026-09-18T10:45:30.194Z
MRNFF,Meren Energy Inc.,OTC,excel_import,2026-09-18T09:57:12.863Z,2026-09-18T09:57:12.863Z
MRNO,Murano Global Investments PLC,NASDAQ,nasdaq_trader,2026-09-18T10:45:30.194Z,2026-09-18T10:45:30.194Z
MRNOW,Murano Global Investments PLC,NASDAQ,nasdaq_trader,2026-09-18T10:45:30.194Z,2026-09-18T10:45:30.194Z
MRP,"Millrose Properties, Inc.",NYSE,nasdaq_trader,2026-09-18T10:45:30.194Z,2026-09-18T10:45:30.194Z
MRSH,"Marsh & McLennan Companies, Inc.",NYSE,excel_import,2026-09-18T09:57:12.863Z,2026-09-18T09:57:12.863Z
MRT,"Marti Technologies, Inc.",AMEX,nasdaq_trader,2026-09-18T10:45:30.194Z,2026-09-18T10:45:30.194Z
MRTN,"Marten Transport, Ltd.",NASDAQ,nasdaq_trader,2026-09-18T10:45:30.194Z,2026-09-18T10:45:30.194Z
MRVI,"Maravai LifeSciences Holdings, Inc.",NASDAQ,nasdaq_trader,2026-09-18T10:45:30.194Z,2026-09-18T10:45:30.194Z
MRVL,"Marvell Technology, Inc.",NASDAQ,nasdaq_trader,2026-09-18T10:45:30.194Z,2026-09-18T10:45:30.194Z
MRX,Marex Group Limited,NASDAQ,nasdaq_trader,2026-09-18T10:45:30.194Z,2026-09-18T10:45:30.194Z
MS,Morgan Stanley,NYSE,nasdaq_trader,2026-09-18T10:45:30.194Z,2026-09-18T10:45:30.194Z
MSA,MSA Safety Incorporated,NYSE,nasdaq_trader,2026-09-18T10:45:30.194Z,2026-09-18T10:45:30.194Z
MSAI,"MultiSensor AI Holdings, Inc.",NASDAQ,nasdaq_trader,2026-09-18T10:45:30.194Z,2026-09-18T10:45:30.194Z
MSAIW,"MultiSensor AI Holdings, Inc.",NASDAQ,nasdaq_trader,2026-09-18T10:45:30.194Z,2026-09-18T10:45:30.194Z
MSB,Mesabi Trust,NYSE,nasdaq_trader,2026-09-18T10:45:30.194Z,2026-09-18T10:45:30.194Z
MSBI,"Midland States Bancorp, Inc.",NASDAQ,nasdaq_trader,2026-09-18T10:45:30.194Z,2026-09-18T10:45:30.194Z
MSBIP,"Midland States Bancorp, Inc.",NASDAQ,nasdaq_trader,2026-09-18T10:45:30.194Z,2026-09-18T10:45:30.194Z
MSC,Studio City International Holdings Limited,NYSE,nasdaq_trader,2026-09-18T10:45:30.194Z,2026-09-18T10:45:30.194Z
MSCI,MSCI Inc.,NYSE,nasdaq_trader,2026-09-18T10:45:30.194Z,2026-09-18T10:45:30.194Z
MSD,"Morgan Stanley Emerging Markets Debt Fund, Inc.",NYSE,nasdaq_trader,2026-09-18T10:45:30.194Z,2026-09-18T10:45:30.194Z
MSDL,Morgan Stanley Direct Lending Fund,NYSE,nasdaq_trader,2026-09-18T10:45:30.194Z,2026-09-18T10:45:30.194Z
MSEX,Middlesex Water Company,NASDAQ,nasdaq_trader,2026-09-18T10:45:30.194Z,2026-09-18T10:45:30.194Z
MSFT,Microsoft Corporation,NASDAQ,yahoo,2026-09-18T09:36:00.208Z,2026-09-18T09:36:00.208Z
MSGE,Madison Square Garden Entertainment Corp.,NYSE,nasdaq_trader,2026-09-18T10:45:30.194Z,2026-09-18T10:45:30.194Z
MSGM,Motorsport Games Inc.,NASDAQ,nasdaq_trader,2026-09-18T10:45:30.194Z,2026-09-18T10:45:30.194Z
MSGS,Madison Square Garden Sports Corp.,NYSE,nasdaq_trader,2026-09-18T10:45:30.194Z,2026-09-22T07:18:59.429Z
MSGY,Masonglory Limited,NASDAQ,nasdaq_trader,2026-09-18T10:45:30.194Z,2026-09-18T10:45:30.194Z
MSI,"Motorola Solutions, Inc.",NYSE,nasdaq_trader,2026-09-18T10:45:30.194Z,2026-09-18T10:45:30.194Z
MSIF,"MSC Income Fund, Inc.",NYSE,nasdaq_trader,2026-09-18T10:45:30.194Z,2026-09-18T10:45:30.194Z
MSLE,Satellos Bioscience Inc.,NASDAQ,nasdaq_trader,2026-09-18T10:45:30.194Z,2026-09-18T10:45:30.194Z
MSM,"MSC Industrial Direct Company, Inc.",NYSE,nasdaq_trader,2026-09-18T10:45:30.194Z,2026-09-18T10:45:30.194Z
MSN,Emerson Radio Corporation,AMEX,nasdaq_trader,2026-09-18T10:45:30.194Z,2026-09-18T10:45:30.194Z
MSS,Maison Solutions Inc.,NASDAQ,nasdaq_trader,2026-09-18T10:45:30.194Z,2026-09-18T10:45:30.194Z
MSTR,Strategy Inc,NASDAQ,nasdaq_trader,2026-09-18T10:45:30.194Z,2026-09-18T10:45:30.194Z
MT,ArcelorMittal S.A.,NYSE,nasdaq_trader,2026-09-18T10:45:30.194Z,2026-09-22T07:18:59.431Z
MTA,Metalla Royalty & Streaming Ltd. Common Shares,AMEX,nasdaq_trader,2026-09-18T10:45:30.194Z,2026-09-18T10:45:30.194Z
MTAK,Market Technology Acquisition Corp,NASDAQ,nasdaq_trader,2026-09-18T10:45:30.194Z,2026-09-18T10:45:30.194Z
MTAKU,Market Technology Acquisition Corp,NASDAQ,nasdaq_trader,2026-09-18T10:45:30.194Z,2026-09-18T10:45:30.194Z
MTAKW,Market Technology Acquisition Corp,NASDAQ,nasdaq_trader,2026-09-18T10:45:30.194Z,2026-09-18T10:45:30.194Z
MTAL,Metals Acquisition Corp. II,NYSE,nasdaq_trader,2026-09-18T10:45:30.194Z,2026-09-18T10:45:30.194Z
MTAL.U,Metals Acquisition Corp. II,NYSE,nasdaq_trader,2026-09-18T10:45:30.194Z,2026-09-18T10:45:30.194Z
MTAL.W,Metals Acquisition Corp. II,NYSE,nasdaq_trader,2026-09-18T10:45:30.194Z,2026-09-18T10:45:30.194Z
MTAVF,Meitav Investment House Ltd,OTC,excel_import,2026-09-18T09:57:12.863Z,2026-09-18T09:57:12.863Z
MTB,M&T Bank Corporation,NYSE,nasdaq_trader,2026-09-18T10:45:30.194Z,2026-09-18T10:45:30.194Z
MTC,"MMTec, Inc.",NASDAQ,nasdaq_trader,2026-09-18T10:45:30.194Z,2026-09-18T10:45:30.194Z
MTCH,"Match Group, Inc.",NASDAQ,nasdaq_trader,2026-09-18T10:45:30.194Z,2026-09-18T10:45:30.194Z
MTD,"Mettler-Toledo International, Inc.",NYSE,nasdaq_trader,2026-09-18T10:45:30.194Z,2026-09-18T10:45:30.194Z
MTDR,Matador Resources Company,NYSE,nasdaq_trader,2026-09-18T10:45:30.194Z,2026-09-18T10:45:30.194Z
MTEK,Maris-Tech Ltd.,NASDAQ,nasdaq_trader,2026-09-18T10:45:30.194Z,2026-09-18T10:45:30.194Z
MTEKW,Maris-Tech Ltd.,NASDAQ,nasdaq_trader,2026-09-18T10:45:30.194Z,2026-09-18T10:45:30.194Z
MTEN,Mingteng International Corporation Inc.,NASDAQ,nasdaq_trader,2026-09-18T10:45:30.194Z,2026-09-18T10:45:30.194Z
MTEX,"Mannatech, Incorporated",NASDAQ,nasdaq_trader,2026-09-18T10:45:30.194Z,2026-09-18T10:45:30.194Z
MTG,MGIC Investment Corporation,NYSE,nasdaq_trader,2026-09-18T10:45:30.194Z,2026-09-18T10:45:30.194Z
MTH,Meritage Homes Corporation,NYSE,nasdaq_trader,2026-09-18T10:45:30.194Z,2026-09-18T10:45:30.194Z
MTLS,Materialise NV,NASDAQ,nasdaq_trader,2026-09-18T10:45:30.194Z,2026-09-18T10:45:30.194Z
MTN,"Vail Resorts, Inc.",NYSE,nasdaq_trader,2026-09-18T10:45:30.194Z,2026-09-18T10:45:30.194Z
MTNB,"Matinas Biopharma Holdings, Inc.",AMEX,nasdaq_trader,2026-09-18T10:45:30.194Z,2026-09-18T10:45:30.194Z
MTNE,CH4 Natural Solutions Corporation,NYSE,nasdaq_trader,2026-09-18T10:45:30.194Z,2026-09-18T10:45:30.194Z
MTNE.U,CH4 Natural Solutions Corporation,NYSE,nasdaq_trader,2026-09-18T10:45:30.194Z,2026-09-18T10:45:30.194Z
MTNE.W,CH4 Natural Solutions Corporation,NYSE,nasdaq_trader,2026-09-18T10:45:30.194Z,2026-09-18T10:45:30.194Z
MTR,Mesa Royalty Trust,NYSE,nasdaq_trader,2026-09-18T10:45:30.194Z,2026-09-18T10:45:30.194Z
MTRN,Materion Corporation,NYSE,nasdaq_trader,2026-09-18T10:45:30.194Z,2026-09-18T10:45:30.194Z
MTRX,Matrix Service Company,NASDAQ,nasdaq_trader,2026-09-18T10:45:30.194Z,2026-09-18T10:45:30.194Z
MTSI,"MACOM Technology Solutions Holdings, Inc.",NASDAQ,nasdaq_trader,2026-09-18T10:45:30.194Z,2026-09-18T10:45:30.194Z
MTTRF,Mattr Corp.,OTC,excel_import,2026-09-18T09:57:12.863Z,2026-09-18T09:57:12.863Z
MTUS,Metallus Inc. Common Shares,NYSE,nasdaq_trader,2026-09-18T10:45:30.194Z,2026-09-18T10:45:30.194Z
MTVA,MetaVia Inc.,NASDAQ,nasdaq_trader,2026-09-18T10:45:30.194Z,2026-09-18T10:45:30.194Z
MTW,"Manitowoc Company, Inc. (The)",NYSE,nasdaq_trader,2026-09-18T10:45:30.194Z,2026-09-18T10:45:30.194Z
MTX,Minerals Technologies Inc.,NYSE,nasdaq_trader,2026-09-18T10:45:30.194Z,2026-09-18T10:45:30.194Z
MTZ,"MasTec, Inc.",NYSE,nasdaq_trader,2026-09-18T10:45:30.194Z,2026-09-18T10:45:30.194Z
MU,"Micron Technology, Inc.",NASDAQ,nasdaq_trader,2026-09-18T10:45:30.194Z,2026-09-18T10:45:30.194Z
MUA,"Blackrock MuniAssets Fund, Inc",NYSE,nasdaq_trader,2026-09-18T10:45:30.194Z,2026-09-18T10:45:30.194Z
MUC,"Blackrock MuniHoldings California Quality Fund, Inc.",NYSE,nasdaq_trader,2026-09-18T10:45:30.194Z,2026-09-18T10:45:30.194Z
MUFG,"Mitsubishi UFJ Financial Group, Inc.",NYSE,nasdaq_trader,2026-09-18T10:45:30.194Z,2026-09-18T10:45:30.194Z
MUJ,"Blackrock MuniHoldings New Jersey Quality Fund, Inc.",NYSE,nasdaq_trader,2026-09-18T10:45:30.194Z,2026-09-18T10:45:30.194Z
MUR,Murphy Oil Corporation,NYSE,nasdaq_trader,2026-09-18T10:45:30.194Z,2026-09-18T10:45:30.194Z
MUSA,Murphy USA Inc.,NYSE,nasdaq_trader,2026-09-18T10:45:30.194Z,2026-09-18T10:45:30.194Z
MUX,McEwen Inc.,NYSE,nasdaq_trader,2026-09-18T10:45:30.194Z,2026-09-18T10:45:30.194Z
MUZE,Muzero Acquisition Corp,NASDAQ,nasdaq_trader,2026-09-18T10:45:30.194Z,2026-09-18T10:45:30.194Z
MUZEU,Muzero Acquisition Corp,NASDAQ,nasdaq_trader,2026-09-18T10:45:30.194Z,2026-09-18T10:45:30.194Z
MUZEW,Muzero Acquisition Corp,NASDAQ,nasdaq_trader,2026-09-18T10:45:30.194Z,2026-09-18T10:45:30.194Z
MVBF,MVB Financial Corp.,NASDAQ,nasdaq_trader,2026-09-18T10:45:30.194Z,2026-09-18T10:45:30.194Z
MVIS,"MicroVision, Inc.",NASDAQ,nasdaq_trader,2026-09-18T10:45:30.194Z,2026-09-18T10:45:30.194Z
MVST,"Microvast Holdings, Inc.",NASDAQ,nasdaq_trader,2026-09-18T10:45:30.194Z,2026-09-18T10:45:30.194Z
MWA,MUELLER WATER PRODUCTS,NYSE,nasdaq_trader,2026-09-18T10:45:30.194Z,2026-09-18T10:45:30.194Z
MWC,"Micware Co., Ltd.",NASDAQ,excel_import,2026-09-18T09:57:12.863Z,2026-09-18T09:57:12.863Z
MWCAF,"Matachewan Consolidated Mines, Limited",OTC,excel_import,2026-09-18T09:57:12.863Z,2026-09-18T09:57:12.863Z
MWG,Multi Ways Holdings Limited,AMEX,nasdaq_trader,2026-09-18T10:45:30.194Z,2026-09-18T10:45:30.194Z
MWH,"SOLV Energy, Inc.",NASDAQ,excel_import,2026-09-18T09:57:12.863Z,2026-09-18T09:57:12.863Z
MWYN,"Marwynn Holdings, Inc.",NASDAQ,nasdaq_trader,2026-09-18T10:45:30.194Z,2026-09-18T10:45:30.194Z
MX,Magnachip Semiconductor Corporation,NYSE,nasdaq_trader,2026-09-18T10:45:30.194Z,2026-09-18T10:45:30.194Z
MXC,Mexco Energy Corporation,AMEX,nasdaq_trader,2026-09-18T10:45:30.194Z,2026-09-18T10:45:30.194Z
MXCT,"MaxCyte, Inc.",NASDAQ,nasdaq_trader,2026-09-18T10:45:30.194Z,2026-09-18T10:45:30.194Z
MXE,Mexico Equity & Income Fund Inc.,NYSE,nasdaq_trader,2026-09-18T10:45:30.194Z,2026-09-22T07:18:59.433Z
MXF,"Mexico Fund, Inc. (The)",NYSE,nasdaq_trader,2026-09-18T10:45:30.194Z,2026-09-18T10:45:30.194Z
MXL,"MaxLinear, Inc",NASDAQ,nasdaq_trader,2026-09-18T10:45:30.194Z,2026-09-18T10:45:30.194Z
MYE,"Myers Industries, Inc.",NYSE,nasdaq_trader,2026-09-18T10:45:30.194Z,2026-09-18T10:45:30.194Z
MYFW,"First Western Financial, Inc.",NASDAQ,nasdaq_trader,2026-09-18T10:45:30.194Z,2026-09-18T10:45:30.194Z
MYGN,"Myriad Genetics, Inc.",NASDAQ,nasdaq_trader,2026-09-18T10:45:30.194Z,2026-09-18T10:45:30.194Z
MYI,"Blackrock MuniYield Quality Fund III, Inc",NYSE,nasdaq_trader,2026-09-18T10:45:30.194Z,2026-09-18T10:45:30.194Z
MYN,"Blackrock MuniYield New York Quality Fund, Inc.",NYSE,nasdaq_trader,2026-09-18T10:45:30.194Z,2026-09-18T10:45:30.194Z
MYND,"Mynd.ai, Inc.",AMEX,nasdaq_trader,2026-09-18T10:45:30.194Z,2026-09-18T10:45:30.194Z
MYO,Myomo Inc.,AMEX,nasdaq_trader,2026-09-18T10:45:30.194Z,2026-09-18T10:45:30.194Z
MYPS,"PLAYSTUDIOS, Inc.",NASDAQ,nasdaq_trader,2026-09-18T10:45:30.194Z,2026-09-18T10:45:30.194Z
MYRG,"MYR Group, Inc.",NASDAQ,nasdaq_trader,2026-09-18T10:45:30.194Z,2026-09-18T10:45:30.194Z
MYSE,"Myseum.AI, Inc.",NASDAQ,nasdaq_trader,2026-09-18T10:45:30.194Z,2026-09-18T10:45:30.194Z
MYSZ,"My Size, Inc.",NASDAQ,nasdaq_trader,2026-09-18T10:45:30.194Z,2026-09-18T10:45:30.194Z
MYX,Maywood Acquisition Corp. 2,NASDAQ,nasdaq_trader,2026-09-18T10:45:30.194Z,2026-09-18T10:45:30.194Z
MYXXR,Maywood Acquisition Corp. 2,NASDAQ,nasdaq_trader,2026-09-18T10:45:30.194Z,2026-09-18T10:45:30.194Z
MYXXU,Maywood Acquisition Corp. 2,NASDAQ,nasdaq_trader,2026-09-18T10:45:30.194Z,2026-09-18T10:45:30.194Z
MYXXW,Maywood Acquisition Corp. 2,NASDAQ,nasdaq_trader,2026-09-18T10:45:30.194Z,2026-09-18T10:45:30.194Z
MZTI,The Marzetti Company,NASDAQ,nasdaq_trader,2026-09-18T10:45:30.194Z,2026-09-18T10:45:30.194Z
MZYX,MOZAYYX Acquisition Corp.,NYSE,nasdaq_trader,2026-09-18T10:45:30.194Z,2026-09-18T10:45:30.194Z
MZYX.U,MOZAYYX Acquisition Corp.,NYSE,nasdaq_trader,2026-09-18T10:45:30.194Z,2026-09-18T10:45:30.194Z
MZYX.W,MOZAYYX Acquisition Corp.,NYSE,nasdaq_trader,2026-09-18T10:45:30.194Z,2026-09-18T10:45:30.194Z
NA,Nano Labs Ltd,NASDAQ,nasdaq_trader,2026-09-18T10:45:30.194Z,2026-09-18T10:45:30.194Z
NAAS,NaaS Technology Inc.,NASDAQ,nasdaq_trader,2026-09-18T10:45:30.194Z,2026-09-18T10:45:30.194Z
NABL,"N-able, Inc.",NYSE,nasdaq_trader,2026-09-18T10:45:30.194Z,2026-09-18T10:45:30.194Z
NAC,Nuveen California Quality Municipal Income Fund,NYSE,nasdaq_trader,2026-09-18T10:45:30.194Z,2026-09-18T10:45:30.194Z
NACB,"National Capital Bancorp, Inc.",OTC,excel_import,2026-09-18T09:57:12.863Z,2026-09-18T09:57:12.863Z
NAD,Nuveen Quality Municipal Income Fund,NYSE,nasdaq_trader,2026-09-18T10:45:30.194Z,2026-09-18T10:45:30.194Z
NAGE,"Niagen Bioscience, Inc.",NASDAQ,nasdaq_trader,2026-09-18T10:45:30.194Z,2026-09-18T10:45:30.194Z
NAII,"Natural Alternatives International, Inc.",NASDAQ,nasdaq_trader,2026-09-18T10:45:30.194Z,2026-09-18T10:45:30.194Z
NAK,Northern Dynasty Minerals Ltd.,AMEX,yahoo,2026-09-18T09:36:00.513Z,2026-09-18T09:36:00.513Z
NAKA,Nakamoto Inc.,NASDAQ,nasdaq_trader,2026-09-18T10:45:30.194Z,2026-09-18T10:45:30.194Z
NAMI,Jinxin Technology Holding Company,NASDAQ,nasdaq_trader,2026-09-18T10:45:30.194Z,2026-09-18T10:45:30.194Z
NAMM,Namib Minerals,NASDAQ,nasdaq_trader,2026-09-18T10:45:30.194Z,2026-09-18T10:45:30.194Z
NAMMW,Namib Minerals,NASDAQ,nasdaq_trader,2026-09-18T10:45:30.194Z,2026-09-18T10:45:30.194Z
NAMS,NewAmsterdam Pharma Company N.V.,NASDAQ,nasdaq_trader,2026-09-18T10:45:30.194Z,2026-09-18T10:45:30.194Z
NAMSW,NewAmsterdam Pharma Company N.V.,NASDAQ,nasdaq_trader,2026-09-18T10:45:30.194Z,2026-09-18T10:45:30.194Z
NAN,Nuveen New York Quality Municipal Income Fund,NYSE,nasdaq_trader,2026-09-18T10:45:30.194Z,2026-09-18T10:45:30.194Z
NAT,Nordic American Tankers Limited,NYSE,nasdaq_trader,2026-09-18T10:45:30.194Z,2026-09-18T10:45:30.194Z
NATH,"Nathan's Famous, Inc.",NASDAQ,nasdaq_trader,2026-09-18T10:45:30.194Z,2026-09-18T10:45:30.194Z
NATL,NCR Atleos Corporation,NYSE,nasdaq_trader,2026-09-18T10:45:30.194Z,2026-09-18T10:45:30.194Z
NATR,"Nature's Sunshine Products, Inc.",NASDAQ,nasdaq_trader,2026-09-18T10:45:30.194Z,2026-09-18T10:45:30.194Z
NAUT,"Nautilus Biotechnology, Inc.",NASDAQ,nasdaq_trader,2026-09-18T10:45:30.194Z,2026-09-18T10:45:30.194Z
NAVI,Navient Corporation,NASDAQ,nasdaq_trader,2026-09-18T10:45:30.194Z,2026-09-18T10:45:30.194Z
NAVN,"Navan, Inc.",NASDAQ,nasdaq_trader,2026-09-18T10:45:30.194Z,2026-09-18T10:45:30.194Z
NAZ,Nuveen Arizona Quality Municipal Income Fund,NYSE,nasdaq_trader,2026-09-18T10:45:30.194Z,2026-09-18T10:45:30.194Z
NB,NioCorp Developments Ltd.,NASDAQ,nasdaq_trader,2026-09-18T10:45:30.194Z,2026-09-18T10:45:30.194Z
NBB,Nuveen Taxable Municipal Income Fund,NYSE,nasdaq_trader,2026-09-18T10:45:30.194Z,2026-09-18T10:45:30.194Z
NBBK,"NB Bancorp, Inc.",NASDAQ,nasdaq_trader,2026-09-18T10:45:30.194Z,2026-09-18T10:45:30.194Z
NBH,Neuberger Berman Income Funds - Neuberger Municipal Fund Inc.,AMEX,nasdaq_trader,2026-09-18T10:45:30.194Z,2026-09-22T07:18:59.435Z
NBHC,National Bank Holdings Corporation,NYSE,nasdaq_trader,2026-09-18T10:45:30.194Z,2026-09-18T10:45:30.194Z
NBIS,Nebius Group N.V.,NASDAQ,nasdaq_trader,2026-09-18T10:45:30.194Z,2026-09-18T10:45:30.194Z
NBIX,"Neurocrine Biosciences, Inc.",NASDAQ,nasdaq_trader,2026-09-18T10:45:30.194Z,2026-09-18T10:45:30.194Z
NBN,Northeast Bank,NASDAQ,nasdaq_trader,2026-09-18T10:45:30.194Z,2026-09-18T10:45:30.194Z
NBP,NovaBridge Biosciences,NASDAQ,nasdaq_trader,2026-09-18T10:45:30.194Z,2026-09-18T10:45:30.194Z
NBR,Nabors Industries Ltd.,NYSE,nasdaq_trader,2026-09-18T10:45:30.194Z,2026-09-18T10:45:30.194Z
NBRG,Newbridge Acquisition Limited,NASDAQ,nasdaq_trader,2026-09-18T10:45:30.194Z,2026-09-18T10:45:30.194Z
NBRGR,Newbridge Acquisition Limited,NASDAQ,nasdaq_trader,2026-09-18T10:45:30.194Z,2026-09-18T10:45:30.194Z
NBRGU,Newbridge Acquisition Limited,NASDAQ,nasdaq_trader,2026-09-18T10:45:30.194Z,2026-09-18T10:45:30.194Z
NBTB,NBT Bancorp Inc.,NASDAQ,nasdaq_trader,2026-09-18T10:45:30.194Z,2026-09-18T10:45:30.194Z
NBTX,Nanobiotix S.A.,NASDAQ,nasdaq_trader,2026-09-18T10:45:30.194Z,2026-09-18T10:45:30.194Z
NBXG,Neuberger Berman Income Funds - Neuberger Next Generation Connectivity Fund Inc.,NYSE,nasdaq_trader,2026-09-18T10:45:30.194Z,2026-09-22T07:18:59.436Z
NC,"NACCO Industries, Inc.",NYSE,nasdaq_trader,2026-09-18T10:45:30.194Z,2026-09-18T10:45:30.194Z
NCA,Nuveen California Municipal Value Fund,NYSE,nasdaq_trader,2026-09-18T10:45:30.194Z,2026-09-18T10:45:30.194Z
NCDL,Nuveen Churchill Direct Lending Corp.,NYSE,nasdaq_trader,2026-09-18T10:45:30.194Z,2026-09-18T10:45:30.194Z
NCEL,NewcelX Ltd.,NASDAQ,nasdaq_trader,2026-09-18T10:45:30.194Z,2026-09-18T10:45:30.194Z
NCEW,New Century Logistics (BVI) Limited,NASDAQ,nasdaq_trader,2026-09-18T10:45:30.194Z,2026-09-18T10:45:30.194Z
NCI,Neo-Concept International Group Holdings Limited,NASDAQ,nasdaq_trader,2026-09-18T10:45:30.194Z,2026-09-18T10:45:30.194Z
NCLH,Norwegian Cruise Line Holdings Ltd.,NYSE,nasdaq_trader,2026-09-18T10:45:30.194Z,2026-09-18T10:45:30.194Z
NCMI,"National CineMedia, Inc.",NASDAQ,nasdaq_trader,2026-09-18T10:45:30.194Z,2026-09-18T10:45:30.194Z
NCNA,NuCana plc,NASDAQ,nasdaq_trader,2026-09-18T10:45:30.194Z,2026-09-18T10:45:30.194Z
NCNO,"nCino, Inc.",NASDAQ,nasdaq_trader,2026-09-18T10:45:30.194Z,2026-09-18T10:45:30.194Z
NCO,Southern Cross Acquisition I Corp.,NASDAQ,nasdaq_trader,2026-09-18T10:45:30.194Z,2026-09-18T10:45:30.194Z
NCOOR,Southern Cross Acquisition I Corp.,NASDAQ,nasdaq_trader,2026-09-18T10:45:30.194Z,2026-09-18T10:45:30.194Z
NCOOU,Southern Cross Acquisition I Corp.,NASDAQ,nasdaq_trader,2026-09-18T10:45:30.194Z,2026-09-18T10:45:30.194Z
NCOOW,Southern Cross Acquisition I Corp.,NASDAQ,nasdaq_trader,2026-09-18T10:45:30.194Z,2026-09-18T10:45:30.194Z
NCPL,Netcapital Inc.,NASDAQ,nasdaq_trader,2026-09-18T10:45:30.194Z,2026-09-18T10:45:30.194Z
NCPLW,Netcapital Inc.,NASDAQ,nasdaq_trader,2026-09-18T10:45:30.194Z,2026-09-18T10:45:30.194Z
NCRA,"Nocera, Inc.",NASDAQ,nasdaq_trader,2026-09-18T10:45:30.194Z,2026-09-18T10:45:30.194Z
NCT,Intercont (Cayman) Limited,NASDAQ,nasdaq_trader,2026-09-18T10:45:30.194Z,2026-09-18T10:45:30.194Z
NCTY,The9 Limited,NASDAQ,nasdaq_trader,2026-09-18T10:45:30.194Z,2026-09-18T10:45:30.194Z
NCV,Virtus Convertible & Income Fund,NYSE,nasdaq_trader,2026-09-18T10:45:30.194Z,2026-09-18T10:45:30.194Z
NCZ,Virtus Convertible & Income Fund II,NYSE,nasdaq_trader,2026-09-18T10:45:30.194Z,2026-09-18T10:45:30.194Z
NDAQ,"Nasdaq, Inc.",NASDAQ,nasdaq_trader,2026-09-18T10:45:30.194Z,2026-09-18T10:45:30.194Z
NDLS,Noodles & Company,NASDAQ,nasdaq_trader,2026-09-18T10:45:30.194Z,2026-09-18T10:45:30.194Z
NDMO,Nuveen Dynamic Municipal Opportunities Fund,NYSE,nasdaq_trader,2026-09-18T10:45:30.194Z,2026-09-18T10:45:30.194Z
NDRA,ENDRA Life Sciences Inc.,NASDAQ,nasdaq_trader,2026-09-18T10:45:30.194Z,2026-09-18T10:45:30.194Z
NDSN,Nordson Corporation,NASDAQ,nasdaq_trader,2026-09-18T10:45:30.194Z,2026-09-18T10:45:30.194Z
NE,Noble Corporation plc A,NYSE,nasdaq_trader,2026-09-18T10:45:30.194Z,2026-09-18T10:45:30.194Z
NE.A,Noble Corporation plc Tranche 2,NYSE,nasdaq_trader,2026-09-18T10:45:30.194Z,2026-09-18T10:45:30.194Z
NE.W,Noble Corporation plc Tranche 1,NYSE,nasdaq_trader,2026-09-18T10:45:30.194Z,2026-09-18T10:45:30.194Z
NEA,Nuveen AMT-Free Quality Municipal Income Fund,NYSE,nasdaq_trader,2026-09-18T10:45:30.194Z,2026-09-18T10:45:30.194Z
NECB,"NorthEast Community Bancorp, Inc.",NASDAQ,nasdaq_trader,2026-09-18T10:45:30.194Z,2026-09-18T10:45:30.194Z
NEE,"NextEra Energy, Inc.",NYSE,nasdaq_trader,2026-09-18T10:45:30.194Z,2026-09-18T10:45:30.194Z
NEGG,"Newegg Commerce, Inc.",NASDAQ,nasdaq_trader,2026-09-18T10:45:30.194Z,2026-09-18T10:45:30.194Z
NEGXF,NexgenRx Inc.,OTC,excel_import,2026-09-18T09:57:12.863Z,2026-09-18T09:57:12.863Z
NEM,Newmont Corporation,NYSE,nasdaq_trader,2026-09-18T10:45:30.194Z,2026-09-18T10:45:30.194Z
NEN,New England Realty Associates Limited Partnership Class A,AMEX,nasdaq_trader,2026-09-18T10:45:30.194Z,2026-09-18T10:45:30.194Z
NEO,"NeoGenomics, Inc.",NASDAQ,nasdaq_trader,2026-09-18T10:45:30.194Z,2026-09-18T10:45:30.194Z
NEOG,Neogen Corporation,NASDAQ,nasdaq_trader,2026-09-18T10:45:30.194Z,2026-09-18T10:45:30.194Z
NEON,Neonode Inc.,NASDAQ,nasdaq_trader,2026-09-18T10:45:30.194Z,2026-09-18T10:45:30.194Z
NEOV,NeoVolta Inc.,NASDAQ,nasdaq_trader,2026-09-18T10:45:30.194Z,2026-09-18T10:45:30.194Z
NEOVW,NeoVolta Inc.,NASDAQ,nasdaq_trader,2026-09-18T10:45:30.194Z,2026-09-18T10:45:30.194Z
NEPH,"Nephros, Inc.",NASDAQ,nasdaq_trader,2026-09-18T10:45:30.194Z,2026-09-18T10:45:30.194Z
NERV,"Minerva Neurosciences, Inc",NASDAQ,nasdaq_trader,2026-09-18T10:45:30.194Z,2026-09-18T10:45:30.194Z
NESR,National Energy Services Reunited Corp,NASDAQ,nasdaq_trader,2026-09-18T10:45:30.194Z,2026-09-18T10:45:30.194Z
NET,"Cloudflare, Inc.",NYSE,nasdaq_trader,2026-09-18T10:45:30.194Z,2026-09-18T10:45:30.194Z
NETWF,Network Media Group Inc.,OTC,excel_import,2026-09-18T09:57:12.863Z,2026-09-18T09:57:12.863Z
NEU,NewMarket Corp,NYSE,nasdaq_trader,2026-09-18T10:45:30.194Z,2026-09-18T10:45:30.194Z
NEUP,Neuphoria Therapeutics Inc.,NASDAQ,nasdaq_trader,2026-09-18T10:45:30.194Z,2026-09-18T10:45:30.194Z
NEVIF,Nevis Brands Inc.,OTC,excel_import,2026-09-18T09:57:12.863Z,2026-09-18T09:57:12.863Z
NEWP,New Pacific Metals Corp. Common Shares,AMEX,nasdaq_trader,2026-09-18T10:45:30.194Z,2026-09-18T10:45:30.194Z
NEWT,"NewtekOne, Inc.",NASDAQ,nasdaq_trader,2026-09-18T10:45:30.194Z,2026-09-18T10:45:30.194Z
NEWTG,"NewtekOne, Inc. 8.50% Fixed Rate Senior Notes due 2029",NASDAQ,nasdaq_trader,2026-09-18T10:45:30.194Z,2026-09-22T07:18:59.017Z
NEWTH,"NewtekOne, Inc.",NASDAQ,nasdaq_trader,2026-09-18T10:45:30.194Z,2026-09-18T10:45:30.194Z
NEWTI,"NewtekOne, Inc. 8.00% Fixed Rate Senior Notes due 2028",NASDAQ,nasdaq_trader,2026-09-18T10:45:30.194Z,2026-09-22T07:18:59.019Z
NEWTO,"NewtekOne, Inc.",NASDAQ,nasdaq_trader,2026-09-18T10:45:30.194Z,2026-09-18T10:45:30.194Z
NEWTP,"NewtekOne, Inc.",NASDAQ,nasdaq_trader,2026-09-18T10:45:30.194Z,2026-09-18T10:45:30.194Z
NEXA,Nexa Resources S.A. Common Shares,NYSE,nasdaq_trader,2026-09-18T10:45:30.194Z,2026-09-18T10:45:30.194Z
NEXM,NexMetals Mining Corp.,NASDAQ,nasdaq_trader,2026-09-18T10:45:30.194Z,2026-09-18T10:45:30.194Z
NEXN,Nexxen International Ltd.,NASDAQ,nasdaq_trader,2026-09-18T10:45:30.194Z,2026-09-18T10:45:30.194Z
NEXR,Nexera Technologies Ltd,NASDAQ,nasdaq_trader,2026-09-18T10:45:30.194Z,2026-09-18T10:45:30.194Z
NEXRW,Nexera Technologies Ltd,NASDAQ,nasdaq_trader,2026-09-18T10:45:30.194Z,2026-09-18T10:45:30.194Z
NEXT,NextDecade Corporation,NASDAQ,nasdaq_trader,2026-09-18T10:45:30.194Z,2026-09-18T10:45:30.194Z
NFE,New Fortress Energy Inc.,NASDAQ,nasdaq_trader,2026-09-18T10:45:30.194Z,2026-09-18T10:45:30.194Z
NFEGP,New Fortress Energy Inc. Series A Mandatorily Convertible Preferred Stock,NASDAQ,nasdaq_trader,2026-09-18T10:45:30.194Z,2026-09-22T07:18:59.021Z
NFG,National Fuel Gas Company,NYSE,nasdaq_trader,2026-09-18T10:45:30.194Z,2026-09-18T10:45:30.194Z
NFGC,New Found Gold Corp Common Shares,AMEX,nasdaq_trader,2026-09-18T10:45:30.194Z,2026-09-18T10:45:30.194Z
NFJ,"Virtus Dividend, Interest & Premium Strategy Fund",NYSE,nasdaq_trader,2026-09-18T10:45:30.194Z,2026-09-18T10:45:30.194Z
NFLX,"Netflix, Inc.",NASDAQ,nasdaq_trader,2026-09-18T10:45:30.194Z,2026-09-18T10:45:30.194Z
NG,Novagold Resources Inc.,AMEX,nasdaq_trader,2026-09-18T10:45:30.194Z,2026-09-18T10:45:30.194Z
NGEN,NervGen Pharma Corp.,NASDAQ,nasdaq_trader,2026-09-18T10:45:30.194Z,2026-09-18T10:45:30.194Z
NGG,National Grid plc,NYSE,nasdaq_trader,2026-09-18T10:45:30.194Z,2026-09-22T07:18:59.438Z
NGL,NGL ENERGY PARTNERS LP Common,NYSE,nasdaq_trader,2026-09-18T10:45:30.194Z,2026-09-18T10:45:30.194Z
NGNE,Neurogene Inc.,NASDAQ,nasdaq_trader,2026-09-18T10:45:30.194Z,2026-09-18T10:45:30.194Z
NGS,"Natural Gas Services Group, Inc.",NYSE,nasdaq_trader,2026-09-18T10:45:30.194Z,2026-09-18T10:45:30.194Z
NGVC,"Natural Grocers by Vitamin Cottage, Inc.",NYSE,nasdaq_trader,2026-09-18T10:45:30.194Z,2026-09-18T10:45:30.194Z
NGVT,Ingevity Corporation,NYSE,nasdaq_trader,2026-09-18T10:45:30.194Z,2026-09-18T10:45:30.194Z
NHC,National HealthCare Corporation,AMEX,nasdaq_trader,2026-09-18T10:45:30.194Z,2026-09-18T10:45:30.194Z
NHI,"National Health Investors, Inc.",NYSE,nasdaq_trader,2026-09-18T10:45:30.194Z,2026-09-18T10:45:30.194Z
NHIC,NewHold Investment Corp III,NASDAQ,nasdaq_trader,2026-09-18T10:45:30.194Z,2026-09-18T10:45:30.194Z
NHICU,NewHold Investment Corp III,NASDAQ,nasdaq_trader,2026-09-18T10:45:30.194Z,2026-09-18T10:45:30.194Z
NHICW,NewHold Investment Corp III,OTC,nasdaq_trader,2026-09-18T10:45:30.194Z,2026-09-22T07:18:59.024Z
NHIV,NewHold Investment Corp IV,NASDAQ,nasdaq_trader,2026-09-18T10:45:30.194Z,2026-09-18T10:45:30.194Z
NHIVU,NewHold Investment Corp IV,NASDAQ,nasdaq_trader,2026-09-18T10:45:30.194Z,2026-09-18T10:45:30.194Z
NHIVW,NewHold Investment Corp IV,NASDAQ,nasdaq_trader,2026-09-18T10:45:30.194Z,2026-09-18T10:45:30.194Z
NHP,"National Healthcare Properties, Inc.",NASDAQ,excel_import,2026-09-18T09:57:12.863Z,2026-09-18T09:57:12.863Z
NHPBP,"National Healthcare Properties, Inc.",NASDAQ,nasdaq_trader,2026-09-18T10:45:30.194Z,2026-09-18T10:45:30.194Z
NHS,Neuberger Berman Income Funds - Neuberger High Yield Strategies Fund Inc.,AMEX,nasdaq_trader,2026-09-18T10:45:30.194Z,2026-09-22T07:18:59.439Z
NHTC,Natural Health Trends Corp.,NASDAQ,nasdaq_trader,2026-09-18T10:45:30.194Z,2026-09-18T10:45:30.194Z
NI,NiSource Inc,NYSE,nasdaq_trader,2026-09-18T10:45:30.194Z,2026-09-18T10:45:30.194Z
NIC,Nicolet Bankshares Inc.,NYSE,nasdaq_trader,2026-09-18T10:45:30.194Z,2026-09-18T10:45:30.194Z
NICE,NICE Ltd,NASDAQ,nasdaq_trader,2026-09-18T10:45:30.194Z,2026-09-18T10:45:30.194Z
NICM,Nicola Mining Inc.,NASDAQ,nasdaq_trader,2026-09-18T10:45:30.194Z,2026-09-18T10:45:30.194Z
NIE,Virtus Equity & Convertible Income Fund,NYSE,nasdaq_trader,2026-09-18T10:45:30.194Z,2026-09-18T10:45:30.194Z
NIKI,"Niki BioSolutions, Inc.",NASDAQ,nasdaq_trader,2026-09-18T10:45:30.194Z,2026-09-18T10:45:30.194Z
NIM,Nuveen Select Maturities Municipal Fund,NYSE,nasdaq_trader,2026-09-18T10:45:30.194Z,2026-09-18T10:45:30.194Z
NINE,"Nine Energy Service, Inc.",AMEX,nasdaq_trader,2026-09-18T10:45:30.194Z,2026-09-18T10:45:30.194Z
NIO,NIO Inc.,NYSE,nasdaq_trader,2026-09-18T10:45:30.194Z,2026-09-18T10:45:30.194Z
NIOBW,NioCorp Developments Ltd.,NASDAQ,nasdaq_trader,2026-09-18T10:45:30.194Z,2026-09-18T10:45:30.194Z
NIPG,NIP Group Inc.,NASDAQ,nasdaq_trader,2026-09-18T10:45:30.194Z,2026-09-18T10:45:30.194Z
NIQ,NIQ Global Intelligence plc,NYSE,nasdaq_trader,2026-09-18T10:45:30.194Z,2026-09-18T10:45:30.194Z
NIU,Niu Technologies,NASDAQ,nasdaq_trader,2026-09-18T10:45:30.194Z,2026-09-18T10:45:30.194Z
NIVF,NewGenIvf Group Limited,NASDAQ,nasdaq_trader,2026-09-18T10:45:30.194Z,2026-09-18T10:45:30.194Z
NIVFW,NewGenIvf Group Limited,NASDAQ,nasdaq_trader,2026-09-18T10:45:30.194Z,2026-09-18T10:45:30.194Z
NIXX,"Nixxy, Inc.",NASDAQ,nasdaq_trader,2026-09-18T10:45:30.194Z,2026-09-18T10:45:30.194Z
NJR,NewJersey Resources Corporation,NYSE,nasdaq_trader,2026-09-18T10:45:30.194Z,2026-09-18T10:45:30.194Z
NKE,"Nike, Inc.",NYSE,nasdaq_trader,2026-09-18T10:45:30.194Z,2026-09-18T10:45:30.194Z
NKLR,Terra Innovatum Global N.V.,NASDAQ,nasdaq_trader,2026-09-18T10:45:30.194Z,2026-09-18T10:45:30.194Z
NKSH,"National Bankshares, Inc.",NASDAQ,nasdaq_trader,2026-09-18T10:45:30.194Z,2026-09-18T10:45:30.194Z
NKTR,Nektar Therapeutics,NASDAQ,nasdaq_trader,2026-09-18T10:45:30.194Z,2026-09-18T10:45:30.194Z
NKTX,"Nkarta, Inc.",NASDAQ,nasdaq_trader,2026-09-18T10:45:30.194Z,2026-09-18T10:45:30.194Z
NKX,Nuveen California AMT-Free Quality Municipal Income Fund,NYSE,nasdaq_trader,2026-09-18T10:45:30.194Z,2026-09-18T10:45:30.194Z
NL,"NLI Holdings, Inc.",NYSE,nasdaq_trader,2026-09-18T10:45:30.194Z,2026-09-18T10:45:30.194Z
NLOP,Net Lease Office Properties,NYSE,nasdaq_trader,2026-09-18T10:45:30.194Z,2026-09-18T10:45:30.194Z
NLY,Annaly Capital Management Inc.,NYSE,nasdaq_trader,2026-09-18T10:45:30.194Z,2026-09-18T10:45:30.194Z
NMAD,"Nomad Power Solutions, Inc.",NASDAQ,nasdaq_trader,2026-09-18T10:45:30.194Z,2026-09-18T10:45:30.194Z
NMAI,Nuveen Multi-Asset Income Fund,NYSE,nasdaq_trader,2026-09-18T10:45:30.194Z,2026-09-18T10:45:30.194Z
NMAX,"Newsmax, Inc.",NYSE,nasdaq_trader,2026-09-18T10:45:30.194Z,2026-09-18T10:45:30.194Z
NMCO,Nuveen Municipal Credit Opportunities Fund Common Shares,NYSE,nasdaq_trader,2026-09-18T10:45:30.194Z,2026-09-18T10:45:30.194Z
NMCO.R,Nuveen Municipal Credit Opportunities Fund,NYSE,nasdaq_trader,2026-09-18T10:45:30.194Z,2026-09-18T10:45:30.194Z
NMFC,New Mountain Finance Corporation,NASDAQ,nasdaq_trader,2026-09-18T10:45:30.194Z,2026-09-18T10:45:30.194Z
NMFCZ,New Mountain Finance Corporation 8.250% Notes due 2028,NASDAQ,nasdaq_trader,2026-09-18T10:45:30.194Z,2026-09-22T07:18:59.025Z
NMG,Nouveau Monde Graphite Inc. Common Shares,NYSE,nasdaq_trader,2026-09-18T10:45:30.194Z,2026-09-18T10:45:30.194Z
NMI,"Nuveen Municipal Income Fund, Inc.",NYSE,nasdaq_trader,2026-09-18T10:45:30.194Z,2026-09-18T10:45:30.194Z
NMIH,NMI Holdings Inc,NASDAQ,nasdaq_trader,2026-09-18T10:45:30.194Z,2026-09-18T10:45:30.194Z
NML,Neuberger Berman Income Funds - Neuberger Energy Infrastructure and Income Fund Inc.,AMEX,nasdaq_trader,2026-09-18T10:45:30.194Z,2026-09-22T07:18:59.441Z
NMM,Navios Maritime Partners L.P.,NYSE,nasdaq_trader,2026-09-18T10:45:30.194Z,2026-09-22T07:18:59.442Z
NMP,NMP Acquisition Corp.,NASDAQ,nasdaq_trader,2026-09-18T10:45:30.194Z,2026-09-18T10:45:30.194Z
NMPAR,NMP Acquisition Corp.,NASDAQ,nasdaq_trader,2026-09-18T10:45:30.194Z,2026-09-18T10:45:30.194Z
NMPAU,NMP Acquisition Corp.,NASDAQ,nasdaq_trader,2026-09-18T10:45:30.194Z,2026-09-18T10:45:30.194Z
NMR,"Nomura Holdings, Inc.",NYSE,nasdaq_trader,2026-09-18T10:45:30.194Z,2026-09-22T07:18:59.444Z
NMRA,"Neumora Therapeutics, Inc.",NASDAQ,nasdaq_trader,2026-09-18T10:45:30.194Z,2026-09-18T10:45:30.194Z
NMRK,"Newmark Group, Inc.",NASDAQ,nasdaq_trader,2026-09-18T10:45:30.194Z,2026-09-18T10:45:30.194Z
NMS,Nuveen Minnesota Quality Municipal Income Fund,NYSE,nasdaq_trader,2026-09-18T10:45:30.194Z,2026-09-18T10:45:30.194Z
NMT,Nuveen Massachusetts Quality Municipal Income Fund,NYSE,nasdaq_trader,2026-09-18T10:45:30.194Z,2026-09-18T10:45:30.194Z
NMTC,NeuroOne Medical Technologies Corporation,NASDAQ,nasdaq_trader,2026-09-18T10:45:30.194Z,2026-09-18T10:45:30.194Z
NMZ,Nuveen Municipal High Income Opportunity Fund,NYSE,nasdaq_trader,2026-09-18T10:45:30.194Z,2026-09-22T07:18:59.445Z
NN,NextNav Inc.,NASDAQ,nasdaq_trader,2026-09-18T10:45:30.194Z,2026-09-18T10:45:30.194Z
NNBR,"NN, Inc.",NASDAQ,nasdaq_trader,2026-09-18T10:45:30.194Z,2026-09-18T10:45:30.194Z
NNDM,Nano Dimension Ltd.,NASDAQ,nasdaq_trader,2026-09-18T10:45:30.194Z,2026-09-18T10:45:30.194Z
NNE,Nano Nuclear Energy Inc.,NASDAQ,nasdaq_trader,2026-09-18T10:45:30.194Z,2026-09-18T10:45:30.194Z
NNI,"Nelnet, Inc.",NYSE,nasdaq_trader,2026-09-18T10:45:30.194Z,2026-09-18T10:45:30.194Z
NNN,"NNN REIT, Inc.",NYSE,nasdaq_trader,2026-09-18T10:45:30.194Z,2026-09-18T10:45:30.194Z
NNNN,Anbio Biotechnology,NASDAQ,nasdaq_trader,2026-09-18T10:45:30.194Z,2026-09-18T10:45:30.194Z
NNOX,NANO-X IMAGING LTD,NASDAQ,nasdaq_trader,2026-09-18T10:45:30.194Z,2026-09-18T10:45:30.194Z
NNVC,"NanoViricides, Inc.",AMEX,nasdaq_trader,2026-09-18T10:45:30.194Z,2026-09-18T10:45:30.194Z
NNY,Nuveen New York Municipal Value Fund,NYSE,nasdaq_trader,2026-09-18T10:45:30.194Z,2026-09-18T10:45:30.194Z
NOA,North American Construction Group Ltd.,NYSE,nasdaq_trader,2026-09-18T10:45:30.194Z,2026-09-22T07:18:59.446Z
NOAH,Noah Holdings Limited,NYSE,nasdaq_trader,2026-09-18T10:45:30.194Z,2026-09-18T10:45:30.194Z
NOC,Northrop Grumman Corporation,NYSE,nasdaq_trader,2026-09-18T10:45:30.194Z,2026-09-18T10:45:30.194Z
NODK,"NI Holdings, Inc.",NASDAQ,nasdaq_trader,2026-09-18T10:45:30.194Z,2026-09-18T10:45:30.194Z
NOEM,CO2 Energy Transition Corp.,NASDAQ,nasdaq_trader,2026-09-18T10:45:30.194Z,2026-09-18T10:45:30.194Z
NOEMR,CO2 Energy Transition Corp.,NASDAQ,nasdaq_trader,2026-09-18T10:45:30.194Z,2026-09-18T10:45:30.194Z
NOEMU,CO2 Energy Transition Corp.,NASDAQ,nasdaq_trader,2026-09-18T10:45:30.194Z,2026-09-18T10:45:30.194Z
NOEMW,CO2 Energy Transition Corp.,NASDAQ,nasdaq_trader,2026-09-18T10:45:30.194Z,2026-09-18T10:45:30.194Z
NOG,"Northern Oil and Gas, Inc.",NYSE,nasdaq_trader,2026-09-18T10:45:30.194Z,2026-09-18T10:45:30.194Z
NOK,Nokia Oyj,NYSE,nasdaq_trader,2026-09-18T10:45:30.194Z,2026-09-22T07:18:59.448Z
NOMA,NOMADAR Corp.,NASDAQ,nasdaq_trader,2026-09-18T10:45:30.194Z,2026-09-18T10:45:30.194Z
NOMD,Nomad Foods Limited,NYSE,nasdaq_trader,2026-09-18T10:45:30.194Z,2026-09-18T10:45:30.194Z
NOSUF,Nerds on Site Inc.,OTC,excel_import,2026-09-18T09:57:12.863Z,2026-09-18T09:57:12.863Z
NOV,NOV Inc.,NYSE,nasdaq_trader,2026-09-18T10:45:30.194Z,2026-09-18T10:45:30.194Z
NOVT,Novanta Inc.,NASDAQ,nasdaq_trader,2026-09-18T10:45:30.194Z,2026-09-18T10:45:30.194Z
NOVTU,Novanta Inc.,NASDAQ,nasdaq_trader,2026-09-18T10:45:30.194Z,2026-09-18T10:45:30.194Z
NOW,"ServiceNow, Inc.",NYSE,nasdaq_trader,2026-09-18T10:45:30.194Z,2026-09-18T10:45:30.194Z
NP,Neptune Insurance Holdings Inc.,NYSE,excel_import,2026-09-18T09:57:12.863Z,2026-09-18T09:57:12.863Z
NPAC,New Providence Acquisition Corp. III,NASDAQ,nasdaq_trader,2026-09-18T10:45:30.194Z,2026-09-18T10:45:30.194Z
NPACU,New Providence Acquisition Corp. III,NASDAQ,nasdaq_trader,2026-09-18T10:45:30.194Z,2026-09-18T10:45:30.194Z
NPACW,New Providence Acquisition Corp. III,NASDAQ,nasdaq_trader,2026-09-18T10:45:30.194Z,2026-09-18T10:45:30.194Z
NPB,"Northpointe Bancshares, Inc.",NYSE,nasdaq_trader,2026-09-18T10:45:30.194Z,2026-09-18T10:45:30.194Z
NPCE,"Neuropace, Inc.",NASDAQ,nasdaq_trader,2026-09-18T10:45:30.194Z,2026-09-18T10:45:30.194Z
NPCT,Nuveen Core Plus Impact Fund,NYSE,nasdaq_trader,2026-09-18T10:45:30.194Z,2026-09-18T10:45:30.194Z
NPFD,Nuveen Variable Rate Preferred & Income Fund Common Shares,NYSE,nasdaq_trader,2026-09-18T10:45:30.194Z,2026-09-18T10:45:30.194Z
NPK,"National Presto Industries, Inc.",NYSE,nasdaq_trader,2026-09-18T10:45:30.194Z,2026-09-18T10:45:30.194Z
NPKI,NPK International Inc.,NYSE,nasdaq_trader,2026-09-18T10:45:30.194Z,2026-09-18T10:45:30.194Z
NPO,Enpro Inc.,NYSE,nasdaq_trader,2026-09-18T10:45:30.194Z,2026-09-18T10:45:30.194Z
NPT,Texxon Holding Limited,NASDAQ,excel_import,2026-09-18T09:57:12.863Z,2026-09-18T09:57:12.863Z
NPV,Nuveen Virginia Quality Municipal Income Fund,NYSE,nasdaq_trader,2026-09-18T10:45:30.194Z,2026-09-18T10:45:30.194Z
NPWR,NET Power Inc.,NYSE,nasdaq_trader,2026-09-18T10:45:30.194Z,2026-09-18T10:45:30.194Z
NPWR.W,NET Power Inc.,NYSE,nasdaq_trader,2026-09-18T10:45:30.194Z,2026-09-18T10:45:30.194Z
NRC,NRC Health,NASDAQ,nasdaq_trader,2026-09-18T10:45:30.194Z,2026-09-18T10:45:30.194Z
NRDS,"NerdWallet, Inc.",NASDAQ,nasdaq_trader,2026-09-18T10:45:30.194Z,2026-09-18T10:45:30.194Z
NRDY,Nerdy Inc.,NYSE,nasdaq_trader,2026-09-18T10:45:30.194Z,2026-09-18T10:45:30.194Z
NREF,"NexPoint Real Estate Finance, Inc.",NYSE,nasdaq_trader,2026-09-18T10:45:30.194Z,2026-09-18T10:45:30.194Z
NRG,"NRG Energy, Inc.",NYSE,nasdaq_trader,2026-09-18T10:45:30.194Z,2026-09-18T10:45:30.194Z
NRGV,"Energy Vault Holdings, Inc.",NYSE,nasdaq_trader,2026-09-18T10:45:30.194Z,2026-09-18T10:45:30.194Z
NRIM,Northrim BanCorp Inc,NASDAQ,nasdaq_trader,2026-09-18T10:45:30.194Z,2026-09-18T10:45:30.194Z
NRIX,"Nurix Therapeutics, Inc.",NASDAQ,nasdaq_trader,2026-09-18T10:45:30.194Z,2026-09-18T10:45:30.194Z
NRK,Nuveen New York AMT-Free Quality Municipal Income Fund,NYSE,nasdaq_trader,2026-09-18T10:45:30.194Z,2026-09-18T10:45:30.194Z
NRO,Neuberger Berman Income Funds - Neuberger Real Estate Securities Income Fund Inc.,AMEX,nasdaq_trader,2026-09-18T10:45:30.194Z,2026-09-22T07:18:59.450Z
NRP,Natural Resource Partners L.P.,NYSE,nasdaq_trader,2026-09-18T10:45:30.194Z,2026-09-22T07:18:59.452Z
NRRUF,Northview Residential REIT,OTC,excel_import,2026-09-18T09:57:12.863Z,2026-09-18T09:57:12.863Z
NRSN,NeuroSense Therapeutics Ltd.,NASDAQ,nasdaq_trader,2026-09-18T10:45:30.194Z,2026-09-18T10:45:30.194Z
NRSNW,NeuroSense Therapeutics Ltd.,NASDAQ,nasdaq_trader,2026-09-18T10:45:30.194Z,2026-09-18T10:45:30.194Z
NRT,North European Oil Royalty Trust,NYSE,nasdaq_trader,2026-09-18T10:45:30.194Z,2026-09-22T07:18:59.454Z
NRUC,National Rural Utilities Cooper,NYSE,nasdaq_trader,2026-09-18T10:45:30.194Z,2026-09-22T07:18:59.455Z
NRXP,"NRX Pharmaceuticals, Inc.",NASDAQ,nasdaq_trader,2026-09-18T10:45:30.194Z,2026-09-18T10:45:30.194Z
NRXS,"Neuraxis, Inc.",AMEX,nasdaq_trader,2026-09-18T10:45:30.194Z,2026-09-18T10:45:30.194Z
NSAI,NorthStrive Acquisition Corp I.,NASDAQ,nasdaq_trader,2026-09-18T10:45:30.194Z,2026-09-18T10:45:30.194Z
NSAIR,NorthStrive Acquisition Corp I.,NASDAQ,nasdaq_trader,2026-09-18T10:45:30.194Z,2026-09-18T10:45:30.194Z
NSAIU,NorthStrive Acquisition Corp I.,NASDAQ,nasdaq_trader,2026-09-18T10:45:30.194Z,2026-09-18T10:45:30.194Z
NSAIW,NorthStrive Acquisition Corp I.,NASDAQ,nasdaq_trader,2026-09-18T10:45:30.194Z,2026-09-18T10:45:30.194Z
NSBBF,NorthStar Gaming Holdings Inc.,OTC,excel_import,2026-09-18T09:57:12.863Z,2026-09-18T09:57:12.863Z
NSC,Norfolk Southern Corporation,NYSE,nasdaq_trader,2026-09-18T10:45:30.194Z,2026-09-18T10:45:30.194Z
NSIT,"Insight Enterprises, Inc.",NASDAQ,nasdaq_trader,2026-09-18T10:45:30.194Z,2026-09-18T10:45:30.194Z
NSLR,Neostellar Capital Corp.,NASDAQ,excel_import,2026-09-18T09:57:12.863Z,2026-09-18T09:57:12.863Z
NSLRL,SuRo Capital Corp. 6.00% Notes due 2026,NASDAQ,nasdaq_trader,2026-09-18T10:45:30.194Z,2026-09-22T07:18:59.027Z
NSP,"Insperity, Inc.",NYSE,nasdaq_trader,2026-09-18T10:45:30.194Z,2026-09-18T10:45:30.194Z
NSPR,InspireMD Inc.,NASDAQ,nasdaq_trader,2026-09-18T10:45:30.194Z,2026-09-18T10:45:30.194Z
NSRX,Nasus Pharma Ltd.,AMEX,nasdaq_trader,2026-09-18T10:45:30.194Z,2026-09-18T10:45:30.194Z
NSSC,"NAPCO Security Technologies, Inc.",NASDAQ,nasdaq_trader,2026-09-18T10:45:30.194Z,2026-09-18T10:45:30.194Z
NSTS,"NSTS Bancorp, Inc.",NASDAQ,nasdaq_trader,2026-09-18T10:45:30.194Z,2026-09-18T10:45:30.194Z
NSYS,Nortech Systems Incorporated,NASDAQ,nasdaq_trader,2026-09-18T10:45:30.194Z,2026-09-18T10:45:30.194Z
NTAP,"NetApp, Inc.",NASDAQ,nasdaq_trader,2026-09-18T10:45:30.194Z,2026-09-18T10:45:30.194Z
NTB,The Bank of N.T. Butterfield & Son Limited,NYSE,nasdaq_trader,2026-09-18T10:45:30.194Z,2026-09-22T07:18:59.457Z
NTCL,NETCLASS TECHNOLOGY INC,NASDAQ,nasdaq_trader,2026-09-18T10:45:30.194Z,2026-09-18T10:45:30.194Z
NTCT,"NetScout Systems, Inc.",NASDAQ,nasdaq_trader,2026-09-18T10:45:30.194Z,2026-09-18T10:45:30.194Z
NTES,"NetEase, Inc.",NASDAQ,nasdaq_trader,2026-09-18T10:45:30.194Z,2026-09-18T10:45:30.194Z
NTGR,"NETGEAR, Inc.",NASDAQ,nasdaq_trader,2026-09-18T10:45:30.194Z,2026-09-18T10:45:30.194Z
NTHI,"NeOnc Technologies Holdings, Inc.",NASDAQ,nasdaq_trader,2026-09-18T10:45:30.194Z,2026-09-18T10:45:30.194Z
NTIC,Northern Technologies International Corporation,NASDAQ,nasdaq_trader,2026-09-18T10:45:30.194Z,2026-09-18T10:45:30.194Z
NTIP,"Network-1 Technologies, Inc.",AMEX,nasdaq_trader,2026-09-18T10:45:30.194Z,2026-09-18T10:45:30.194Z
NTLA,"Intellia Therapeutics, Inc.",NASDAQ,nasdaq_trader,2026-09-18T10:45:30.194Z,2026-09-18T10:45:30.194Z
NTNX,"Nutanix, Inc.",NASDAQ,nasdaq_trader,2026-09-18T10:45:30.194Z,2026-09-18T10:45:30.194Z
NTR,Nutrien Ltd. Common Shares,NYSE,nasdaq_trader,2026-09-18T10:45:30.194Z,2026-09-18T10:45:30.194Z
NTRA,"Natera, Inc.",NASDAQ,nasdaq_trader,2026-09-18T10:45:30.194Z,2026-09-18T10:45:30.194Z
NTRB,Nutriband Inc.,NASDAQ,nasdaq_trader,2026-09-18T10:45:30.194Z,2026-09-18T10:45:30.194Z
NTRBW,Nutriband Inc.,NASDAQ,nasdaq_trader,2026-09-18T10:45:30.194Z,2026-09-18T10:45:30.194Z
NTRP,"NextTrip, Inc.",NASDAQ,nasdaq_trader,2026-09-18T10:45:30.194Z,2026-09-18T10:45:30.194Z
NTRS,Northern Trust Corporation,NASDAQ,nasdaq_trader,2026-09-18T10:45:30.194Z,2026-09-18T10:45:30.194Z
NTRSO,Northern Trust Corporation,NASDAQ,nasdaq_trader,2026-09-18T10:45:30.194Z,2026-09-18T10:45:30.194Z
NTSK,"Netskope, Inc.",NASDAQ,excel_import,2026-09-18T09:57:12.863Z,2026-09-18T09:57:12.863Z
NTST,NetSTREIT Corp.,NYSE,nasdaq_trader,2026-09-18T10:45:30.194Z,2026-09-18T10:45:30.194Z
NTWK,NETSOL Technologies Inc.,NASDAQ,nasdaq_trader,2026-09-18T10:45:30.194Z,2026-09-18T10:45:30.194Z
NTWO,Newbury Street II Acquisition Corp,NASDAQ,nasdaq_trader,2026-09-18T10:45:30.194Z,2026-09-18T10:45:30.194Z
NTWOU,Newbury Street II Acquisition Corp,NASDAQ,nasdaq_trader,2026-09-18T10:45:30.194Z,2026-09-18T10:45:30.194Z
NTWOW,Newbury Street II Acquisition Corp,NASDAQ,nasdaq_trader,2026-09-18T10:45:30.194Z,2026-09-18T10:45:30.194Z
NU,Nu Holdings Ltd.,NYSE,nasdaq_trader,2026-09-18T10:45:30.194Z,2026-09-18T10:45:30.194Z
NUAI,"New Era Energy & Digital, Inc.",NASDAQ,excel_import,2026-09-18T09:57:12.863Z,2026-09-18T09:57:12.863Z
NUAIW,"New Era Energy & Digital, Inc.",NASDAQ,nasdaq_trader,2026-09-18T10:45:30.194Z,2026-09-18T10:45:30.194Z
NUCL,Eagle Nuclear Energy Corp.,NASDAQ,nasdaq_trader,2026-09-18T10:45:30.194Z,2026-09-18T10:45:30.194Z
NUCLW,Eagle Nuclear Energy Corp.,NASDAQ,nasdaq_trader,2026-09-18T10:45:30.194Z,2026-09-18T10:45:30.194Z
NUE,Nucor Corporation,NYSE,nasdaq_trader,2026-09-18T10:45:30.194Z,2026-09-18T10:45:30.194Z
NUR,Nuran Wireless Inc.,NASDAQ,nasdaq_trader,2026-09-18T10:45:30.194Z,2026-09-18T10:45:30.194Z
NUS,"Nu Skin Enterprises, Inc.",NYSE,nasdaq_trader,2026-09-18T10:45:30.194Z,2026-09-18T10:45:30.194Z
NUTX,Nutex Health Inc.,NASDAQ,nasdaq_trader,2026-09-18T10:45:30.194Z,2026-09-18T10:45:30.194Z
NUV,"Nuveen Municipal Value Fund, Inc.",NYSE,nasdaq_trader,2026-09-18T10:45:30.194Z,2026-09-18T10:45:30.194Z
NUVB,Nuvation Bio Inc.,NYSE,nasdaq_trader,2026-09-18T10:45:30.194Z,2026-09-18T10:45:30.194Z
NUW,Nuveen AMT-Free Municipal Value Fund,NYSE,nasdaq_trader,2026-09-18T10:45:30.194Z,2026-09-18T10:45:30.194Z
NUWE,"Nuwellis, Inc.",NASDAQ,nasdaq_trader,2026-09-18T10:45:30.194Z,2026-09-18T10:45:30.194Z
NVA,Nova Minerals Corp,AMEX,nasdaq_trader,2026-09-18T10:45:30.194Z,2026-09-18T10:45:30.194Z
NVA.W,Nova Minerals Corp,AMEX,nasdaq_trader,2026-09-18T10:45:30.194Z,2026-09-18T10:45:30.194Z
NVAX,"Novavax, Inc.",NASDAQ,nasdaq_trader,2026-09-18T10:45:30.194Z,2026-09-18T10:45:30.194Z
NVCR,NovoCure Limited,NASDAQ,nasdaq_trader,2026-09-18T10:45:30.194Z,2026-09-18T10:45:30.194Z
NVCT,"Nuvectis Pharma, Inc.",NASDAQ,nasdaq_trader,2026-09-18T10:45:30.194Z,2026-09-18T10:45:30.194Z
NVDA,NVIDIA Corporation,NASDAQ,nasdaq_trader,2026-09-18T10:45:30.194Z,2026-09-18T10:45:30.194Z
NVEC,NVE Corporation,NASDAQ,nasdaq_trader,2026-09-18T10:45:30.194Z,2026-09-18T10:45:30.194Z
NVG,Nuveen AMT-Free Municipal Credit Income Fund,NYSE,nasdaq_trader,2026-09-18T10:45:30.194Z,2026-09-18T10:45:30.194Z
NVGS,Navigator Holdings Ltd.,NYSE,nasdaq_trader,2026-09-18T10:45:30.194Z,2026-09-22T07:18:59.459Z
NVMI,Nova Ltd.,NASDAQ,nasdaq_trader,2026-09-18T10:45:30.194Z,2026-09-18T10:45:30.194Z
NVNI,Nvni Group Limited,NASDAQ,nasdaq_trader,2026-09-18T10:45:30.194Z,2026-09-18T10:45:30.194Z
NVNIW,Nvni Group Limited,NASDAQ,nasdaq_trader,2026-09-18T10:45:30.194Z,2026-09-18T10:45:30.194Z
NVNO,enVVeno Medical Corporation,NASDAQ,nasdaq_trader,2026-09-18T10:45:30.194Z,2026-09-18T10:45:30.194Z
NVO,Novo Nordisk A/S,NYSE,nasdaq_trader,2026-09-18T10:45:30.194Z,2026-09-18T10:45:30.194Z
NVR,"NVR, Inc.",NYSE,nasdaq_trader,2026-09-18T10:45:30.194Z,2026-09-18T10:45:30.194Z
NVRI,Enviri Corporation,NYSE,nasdaq_trader,2026-09-18T10:45:30.194Z,2026-09-18T10:45:30.194Z
NVS,Novartis AG,NYSE,nasdaq_trader,2026-09-18T10:45:30.194Z,2026-09-18T10:45:30.194Z
NVST,Envista Holdings Corporation,NYSE,nasdaq_trader,2026-09-18T10:45:30.194Z,2026-09-18T10:45:30.194Z
NVT,nVent Electric plc,NYSE,nasdaq_trader,2026-09-18T10:45:30.194Z,2026-09-18T10:45:30.194Z
NVTS,Navitas Semiconductor Corporation,NASDAQ,nasdaq_trader,2026-09-18T10:45:30.194Z,2026-09-18T10:45:30.194Z
NVX,NOVONIX Limited,NASDAQ,nasdaq_trader,2026-09-18T10:45:30.194Z,2026-09-18T10:45:30.194Z
NWAX,New America Acquisition I Corp.,NYSE,nasdaq_trader,2026-09-18T10:45:30.194Z,2026-09-18T10:45:30.194Z
NWAX.U,New America Acquisition I Corp.,NYSE,nasdaq_trader,2026-09-18T10:45:30.194Z,2026-09-18T10:45:30.194Z
NWAX.W,New America Acquisition I Corp.,NYSE,nasdaq_trader,2026-09-18T10:45:30.194Z,2026-09-18T10:45:30.194Z
NWBI,"Northwest Bancshares, Inc.",NASDAQ,nasdaq_trader,2026-09-18T10:45:30.194Z,2026-09-18T10:45:30.194Z
NWE,"NorthWestern Energy Group, Inc.",NASDAQ,nasdaq_trader,2026-09-18T10:45:30.194Z,2026-09-18T10:45:30.194Z
NWFL,Norwood Financial Corp.,NASDAQ,nasdaq_trader,2026-09-18T10:45:30.194Z,2026-09-18T10:45:30.194Z
NWG,NatWest Group plc,NYSE,nasdaq_trader,2026-09-18T10:45:30.194Z,2026-09-18T10:45:30.194Z
NWGL,CL Workshop Group Limited,NASDAQ,nasdaq_trader,2026-09-18T10:45:30.194Z,2026-09-18T10:45:30.194Z
NWL,Newell Brands Inc.,NASDAQ,nasdaq_trader,2026-09-18T10:45:30.194Z,2026-09-18T10:45:30.194Z
NWN,Northwest Natural Holding Company,NYSE,nasdaq_trader,2026-09-18T10:45:30.194Z,2026-09-18T10:45:30.194Z
NWPX,"NWPX Infrastructure, Inc.",NASDAQ,nasdaq_trader,2026-09-18T10:45:30.194Z,2026-09-18T10:45:30.194Z
NWS,News Corporation,NASDAQ,nasdaq_trader,2026-09-18T10:45:30.194Z,2026-09-18T10:45:30.194Z
NWSA,News Corporation,NASDAQ,nasdaq_trader,2026-09-18T10:45:30.194Z,2026-09-18T10:45:30.194Z
NWTG,"Newton Golf Company, Inc.",NASDAQ,nasdaq_trader,2026-09-18T10:45:30.194Z,2026-09-18T10:45:30.194Z
NX,Quanex Building Products Corporation,NYSE,nasdaq_trader,2026-09-18T10:45:30.194Z,2026-09-18T10:45:30.194Z
NXAT,Nexus Advanced Technologies Inc.,NASDAQ,nasdaq_trader,2026-09-18T10:45:30.194Z,2026-09-18T10:45:30.194Z
NXATW,Nexus Advanced Technologies Inc.,NASDAQ,nasdaq_trader,2026-09-18T10:45:30.194Z,2026-09-18T10:45:30.194Z
NXB,NextBoat Inc.,AMEX,excel_import,2026-09-18T09:57:12.863Z,2026-09-22T07:18:58.908Z
NXDR,"Nextdoor Holdings, Inc.",NYSE,nasdaq_trader,2026-09-18T10:45:30.194Z,2026-09-18T10:45:30.194Z
NXDT,NexPoint Diversified Real Estate Trust,NYSE,nasdaq_trader,2026-09-18T10:45:30.194Z,2026-09-18T10:45:30.194Z
NXE,Nexgen Energy Ltd. Common Shares,NYSE,nasdaq_trader,2026-09-18T10:45:30.194Z,2026-09-18T10:45:30.194Z
NXG,NXG NextGen Infrastructure Income Fund,NYSE,nasdaq_trader,2026-09-18T10:45:30.194Z,2026-09-18T10:45:30.194Z
NXGCF,NexGold Mining Corp.,OTC,excel_import,2026-09-18T09:57:12.863Z,2026-09-18T09:57:12.863Z
NXGL,"NexGel, Inc",NASDAQ,nasdaq_trader,2026-09-18T10:45:30.194Z,2026-09-18T10:45:30.194Z
NXGLW,"NexGel, Inc",NASDAQ,nasdaq_trader,2026-09-18T10:45:30.194Z,2026-09-18T10:45:30.194Z
NXH,"Neighborhood Intelligence, Inc.",NASDAQ,nasdaq_trader,2026-09-18T10:45:30.194Z,2026-09-18T10:45:30.194Z
NXL,"Nexalin Technology, Inc.",NASDAQ,nasdaq_trader,2026-09-18T10:45:30.194Z,2026-09-18T10:45:30.194Z
NXP,Nuveen Select Tax Free Income Portfolio,NYSE,nasdaq_trader,2026-09-18T10:45:30.194Z,2026-09-18T10:45:30.194Z
NXPI,NXP Semiconductors N.V.,NASDAQ,nasdaq_trader,2026-09-18T10:45:30.194Z,2026-09-18T10:45:30.194Z
NXPL,NextPlat Corp,NASDAQ,nasdaq_trader,2026-09-18T10:45:30.194Z,2026-09-18T10:45:30.194Z
NXRT,"NexPoint Residential Trust, Inc.",NYSE,nasdaq_trader,2026-09-18T10:45:30.194Z,2026-09-18T10:45:30.194Z
NXST,"Nexstar Media Group, Inc.",NASDAQ,nasdaq_trader,2026-09-18T10:45:30.194Z,2026-09-18T10:45:30.194Z
NXT,Nextpower Inc.,NASDAQ,nasdaq_trader,2026-09-18T10:45:30.194Z,2026-09-18T10:45:30.194Z
NXTC,"NextCure, Inc.",NASDAQ,nasdaq_trader,2026-09-18T10:45:30.194Z,2026-09-18T10:45:30.194Z
NXTS,Nexentis Technologies Inc.,NASDAQ,nasdaq_trader,2026-09-18T10:45:30.194Z,2026-09-18T10:45:30.194Z
NXTT,Next Technology Holding Inc.,NASDAQ,nasdaq_trader,2026-09-18T10:45:30.194Z,2026-09-18T10:45:30.194Z
NXXT,"NextNRG, Inc.",NASDAQ,nasdaq_trader,2026-09-18T10:45:30.194Z,2026-09-18T10:45:30.194Z
NYAX,Nayax Ltd.,NASDAQ,nasdaq_trader,2026-09-18T10:45:30.194Z,2026-09-18T10:45:30.194Z
NYC,American Strategic Investment Co.,NYSE,nasdaq_trader,2026-09-18T10:45:30.194Z,2026-09-18T10:45:30.194Z
NYT,New York Times Company (The),NYSE,nasdaq_trader,2026-09-18T10:45:30.194Z,2026-09-18T10:45:30.194Z
NYXH,Nyxoah SA,NASDAQ,nasdaq_trader,2026-09-18T10:45:30.194Z,2026-09-18T10:45:30.194Z
NZF,Nuveen Municipal Credit Income Fund,NYSE,nasdaq_trader,2026-09-18T10:45:30.194Z,2026-09-18T10:45:30.194Z
O,Realty Income Corporation,NYSE,nasdaq_trader,2026-09-18T10:45:30.194Z,2026-09-18T10:45:30.194Z
OABI,"OmniAb, Inc.",NASDAQ,nasdaq_trader,2026-09-18T10:45:30.194Z,2026-09-18T10:45:30.194Z
OABIW,"OmniAb, Inc.",NASDAQ,nasdaq_trader,2026-09-18T10:45:30.194Z,2026-09-18T10:45:30.194Z
OACC,Oaktree Acquisition Corp. III Life Sciences,NASDAQ,nasdaq_trader,2026-09-18T10:45:30.194Z,2026-09-18T10:45:30.194Z
OACCU,Oaktree Acquisition Corp. III Life Sciences,NASDAQ,nasdaq_trader,2026-09-18T10:45:30.194Z,2026-09-18T10:45:30.194Z
OACCW,Oaktree Acquisition Corp. III Life Sciences,NASDAQ,nasdaq_trader,2026-09-18T10:45:30.194Z,2026-09-18T10:45:30.194Z
OBA,Oxley Bridge Acquisition Limited,NASDAQ,nasdaq_trader,2026-09-18T10:45:30.194Z,2026-09-18T10:45:30.194Z
OBAI,"Our Bond, Inc.",NASDAQ,nasdaq_trader,2026-09-18T10:45:30.194Z,2026-09-18T10:45:30.194Z
OBAWU,Oxley Bridge Acquisition Limited,NASDAQ,nasdaq_trader,2026-09-18T10:45:30.194Z,2026-09-18T10:45:30.194Z
OBAWW,Oxley Bridge Acquisition Limited,NASDAQ,nasdaq_trader,2026-09-18T10:45:30.194Z,2026-09-18T10:45:30.194Z
OBDC,Blue Owl Capital Corporation,NYSE,nasdaq_trader,2026-09-18T10:45:30.194Z,2026-09-18T10:45:30.194Z
OBE,Obsidian Energy Ltd. Common Shares,AMEX,nasdaq_trader,2026-09-18T10:45:30.194Z,2026-09-18T10:45:30.194Z
OBGRF,Orbit Garant Drilling Inc.,OTC,excel_import,2026-09-18T09:57:12.863Z,2026-09-18T09:57:12.863Z
OBIO,"Orchestra BioMed Holdings, Inc.",NASDAQ,nasdaq_trader,2026-09-18T10:45:30.194Z,2026-09-18T10:45:30.194Z
OBK,"Origin Bancorp, Inc.",NYSE,nasdaq_trader,2026-09-18T10:45:30.194Z,2026-09-18T10:45:30.194Z
OBT,"Orange County Bancorp, Inc.",NASDAQ,nasdaq_trader,2026-09-18T10:45:30.194Z,2026-09-18T10:45:30.194Z
OBX,"Obsidian Therapeutics, Inc.",NASDAQ,nasdaq_trader,2026-09-18T10:45:30.194Z,2026-09-18T10:45:30.194Z
OC,Owens Corning,NYSE,nasdaq_trader,2026-09-18T10:45:30.194Z,2026-09-22T07:18:59.460Z
OCAC,Ocean Capital Acquisition Corporation,NYSE,nasdaq_trader,2026-09-18T10:45:30.194Z,2026-09-18T10:45:30.194Z
OCAC.R,Ocean Capital Acquisition Corporation,NYSE,nasdaq_trader,2026-09-18T10:45:30.194Z,2026-09-18T10:45:30.194Z
OCAC.U,Ocean Capital Acquisition Corporation,NYSE,nasdaq_trader,2026-09-18T10:45:30.194Z,2026-09-18T10:45:30.194Z
OCAC.W,Ocean Capital Acquisition Corporation,NYSE,nasdaq_trader,2026-09-18T10:45:30.194Z,2026-09-18T10:45:30.194Z
OCC,Optical Cable Corporation,NASDAQ,nasdaq_trader,2026-09-18T10:45:30.194Z,2026-09-18T10:45:30.194Z
OCCI,"OFS Credit Company, Inc.",NASDAQ,nasdaq_trader,2026-09-18T10:45:30.194Z,2026-09-18T10:45:30.194Z
OCCIM,"OFS Credit Company, Inc.",NASDAQ,nasdaq_trader,2026-09-18T10:45:30.194Z,2026-09-18T10:45:30.194Z
OCCIN,"OFS Credit Company, Inc.",NASDAQ,nasdaq_trader,2026-09-18T10:45:30.194Z,2026-09-18T10:45:30.194Z
OCFC,OceanFirst Financial Corp.,NASDAQ,nasdaq_trader,2026-09-18T10:45:30.194Z,2026-09-18T10:45:30.194Z
OCG,Oriental Culture Holding LTD,NASDAQ,nasdaq_trader,2026-09-18T10:45:30.194Z,2026-09-18T10:45:30.194Z
OCGN,"Ocugen, Inc.",NASDAQ,nasdaq_trader,2026-09-18T10:45:30.194Z,2026-09-18T10:45:30.194Z
OCLT,OceanLight Acquisition Corporation,NASDAQ,nasdaq_trader,2026-09-18T10:45:30.194Z,2026-09-18T10:45:30.194Z
OCLTR,OceanLight Acquisition Corporation,NASDAQ,nasdaq_trader,2026-09-18T10:45:30.194Z,2026-09-18T10:45:30.194Z
OCLTU,OceanLight Acquisition Corporation,NASDAQ,nasdaq_trader,2026-09-18T10:45:30.194Z,2026-09-18T10:45:30.194Z
OCLTW,OceanLight Acquisition Corporation,NASDAQ,nasdaq_trader,2026-09-18T10:45:30.194Z,2026-09-18T10:45:30.194Z
OCS,Oculis Holding AG,NASDAQ,nasdaq_trader,2026-09-18T10:45:30.194Z,2026-09-18T10:45:30.194Z
OCSAW,Oculis Holding AG,NASDAQ,nasdaq_trader,2026-09-18T10:45:30.194Z,2026-09-18T10:45:30.194Z
OCSL,Oaktree Specialty Lending Corporation,NASDAQ,nasdaq_trader,2026-09-18T10:45:30.194Z,2026-09-18T10:45:30.194Z
OCTV,Octave Intelligence plc,NASDAQ,nasdaq_trader,2026-09-18T10:45:30.194Z,2026-09-18T10:45:30.194Z
OCUL,"Ocular Therapeutix, Inc.",NASDAQ,nasdaq_trader,2026-09-18T10:45:30.194Z,2026-09-18T10:45:30.194Z
ODC,Oil-Dri Corporation Of America,NYSE,nasdaq_trader,2026-09-18T10:45:30.194Z,2026-09-18T10:45:30.194Z
ODD,ODDITY Tech Ltd.,NASDAQ,nasdaq_trader,2026-09-18T10:45:30.194Z,2026-09-18T10:45:30.194Z
ODFL,"Old Dominion Freight Line, Inc.",NASDAQ,nasdaq_trader,2026-09-18T10:45:30.194Z,2026-09-18T10:45:30.194Z
ODTX,"Odyssey Therapeutics, Inc.",NASDAQ,excel_import,2026-09-18T09:57:12.863Z,2026-09-18T09:57:12.863Z
ODYS,Odysight.ai Inc.,NASDAQ,nasdaq_trader,2026-09-18T10:45:30.194Z,2026-09-18T10:45:30.194Z
OEC,Orion S.A. Common Shares,NYSE,nasdaq_trader,2026-09-18T10:45:30.194Z,2026-09-18T10:45:30.194Z
OESX,"Orion Energy Systems, Inc.",NASDAQ,nasdaq_trader,2026-09-18T10:45:30.194Z,2026-09-18T10:45:30.194Z
OFAL,OFA Group,NASDAQ,nasdaq_trader,2026-09-18T10:45:30.194Z,2026-09-18T10:45:30.194Z
OFED,Oconee Federal Financial Corp.,OTC,excel_import,2026-09-18T09:57:12.863Z,2026-09-18T09:57:12.863Z
OFG,OFG Bancorp,NYSE,nasdaq_trader,2026-09-18T10:45:30.194Z,2026-09-18T10:45:30.194Z
OFIX,Orthofix Medical Inc.,NASDAQ,nasdaq_trader,2026-09-18T10:45:30.194Z,2026-09-18T10:45:30.194Z
OFLX,"Omega Flex, Inc.",NASDAQ,nasdaq_trader,2026-09-18T10:45:30.194Z,2026-09-18T10:45:30.194Z
OFRM,"Once Upon a Farm, PBC",NYSE,nasdaq_trader,2026-09-18T10:45:30.194Z,2026-09-18T10:45:30.194Z
OFS,OFS Capital Corporation,NASDAQ,nasdaq_trader,2026-09-18T10:45:30.194Z,2026-09-18T10:45:30.194Z
OFSSH,OFS Capital Corporation 4.95% Notes due 2028,NASDAQ,nasdaq_trader,2026-09-18T10:45:30.194Z,2026-09-22T07:18:59.029Z
OFSSO,OFS Capital Corporation,NASDAQ,nasdaq_trader,2026-09-18T10:45:30.194Z,2026-09-18T10:45:30.194Z
OGC,OceanaGold Corporation Common Shares,NYSE,nasdaq_trader,2026-09-18T10:45:30.194Z,2026-09-18T10:45:30.194Z
OGE,OGE Energy Corp,NYSE,nasdaq_trader,2026-09-18T10:45:30.194Z,2026-09-18T10:45:30.194Z
OGEN,Oragenics Inc.,AMEX,nasdaq_trader,2026-09-18T10:45:30.194Z,2026-09-18T10:45:30.194Z
OGG,Osisko Gold Group Inc. Common Shares,NYSE,nasdaq_trader,2026-09-18T10:45:30.194Z,2026-09-18T10:45:30.194Z
OGGWZ,Osisko Gold Group Inc.,NASDAQ,nasdaq_trader,2026-09-18T10:45:30.194Z,2026-09-18T10:45:30.194Z
OGI,Organigram Global Inc.,NASDAQ,nasdaq_trader,2026-09-18T10:45:30.194Z,2026-09-18T10:45:30.194Z
OGN,Organon & Co.,NYSE,nasdaq_trader,2026-09-18T10:45:30.194Z,2026-09-18T10:45:30.194Z
OGS,"ONE Gas, Inc.",NYSE,nasdaq_trader,2026-09-18T10:45:30.194Z,2026-09-18T10:45:30.194Z
OHAC,Oceanhawk Acquisition Corp.,NASDAQ,nasdaq_trader,2026-09-18T10:45:30.194Z,2026-09-18T10:45:30.194Z
OHACR,Oceanhawk Acquisition Corp.,NASDAQ,nasdaq_trader,2026-09-18T10:45:30.194Z,2026-09-18T10:45:30.194Z
OHACU,Oceanhawk Acquisition Corp.,NASDAQ,nasdaq_trader,2026-09-18T10:45:30.194Z,2026-09-18T10:45:30.194Z
OHCFF,LIGHT AI INC.,OTC,excel_import,2026-09-18T09:57:12.863Z,2026-09-18T09:57:12.863Z
OHI,"Omega Healthcare Investors, Inc.",NYSE,nasdaq_trader,2026-09-18T10:45:30.194Z,2026-09-18T10:45:30.194Z
OI,"O-I Glass, Inc.",NYSE,nasdaq_trader,2026-09-18T10:45:30.194Z,2026-09-18T10:45:30.194Z
OIA,Invesco Municipal Income Opportunities Trust,NYSE,nasdaq_trader,2026-09-18T10:45:30.194Z,2026-09-18T10:45:30.194Z
OII,"Oceaneering International, Inc.",NYSE,nasdaq_trader,2026-09-18T10:45:30.194Z,2026-09-18T10:45:30.194Z
OIM,OneIM Acquisition Corp.,NASDAQ,nasdaq_trader,2026-09-18T10:45:30.194Z,2026-09-18T10:45:30.194Z
OIMAU,OneIM Acquisition Corp.,NASDAQ,nasdaq_trader,2026-09-18T10:45:30.194Z,2026-09-18T10:45:30.194Z
OIMAW,OneIM Acquisition Corp.,NASDAQ,nasdaq_trader,2026-09-18T10:45:30.194Z,2026-09-18T10:45:30.194Z
OIO,OIO Group,NASDAQ,nasdaq_trader,2026-09-18T10:45:30.194Z,2026-09-18T10:45:30.194Z
OIOWW,OIO Group,NASDAQ,nasdaq_trader,2026-09-18T10:45:30.194Z,2026-09-18T10:45:30.194Z
OIS,"Oil States International, Inc.",NYSE,nasdaq_trader,2026-09-18T10:45:30.194Z,2026-09-18T10:45:30.194Z
OKE,"ONEOK, Inc.",NYSE,nasdaq_trader,2026-09-18T10:45:30.194Z,2026-09-18T10:45:30.194Z
OKLO,Oklo Inc.,NYSE,nasdaq_trader,2026-09-18T10:45:30.194Z,2026-09-18T10:45:30.194Z
OKTA,"Okta, Inc.",NASDAQ,nasdaq_trader,2026-09-18T10:45:30.194Z,2026-09-18T10:45:30.194Z
OKUR,"OnKure Therapeutics, Inc.",NASDAQ,nasdaq_trader,2026-09-18T10:45:30.194Z,2026-09-18T10:45:30.194Z
OKYO,OKYO Pharma Limited,NASDAQ,nasdaq_trader,2026-09-18T10:45:30.194Z,2026-09-18T10:45:30.194Z
OLB,"The OLB Group, Inc.",NASDAQ,nasdaq_trader,2026-09-18T10:45:30.194Z,2026-09-18T10:45:30.194Z
OLED,Universal Display Corporation,NASDAQ,nasdaq_trader,2026-09-18T10:45:30.194Z,2026-09-18T10:45:30.194Z
OLLI,"Ollie's Bargain Outlet Holdings, Inc.",NASDAQ,nasdaq_trader,2026-09-18T10:45:30.194Z,2026-09-18T10:45:30.194Z
OLMA,"Olema Pharmaceuticals, Inc.",NASDAQ,nasdaq_trader,2026-09-18T10:45:30.194Z,2026-09-18T10:45:30.194Z
OLN,Olin Corporation,NYSE,nasdaq_trader,2026-09-18T10:45:30.194Z,2026-09-18T10:45:30.194Z
OLOX,Olenox Industries Inc.,NASDAQ,nasdaq_trader,2026-09-18T10:45:30.194Z,2026-09-18T10:45:30.194Z
OLP,"One Liberty Properties, Inc.",NYSE,nasdaq_trader,2026-09-18T10:45:30.194Z,2026-09-18T10:45:30.194Z
OLYFF,Olympia Financial Group Inc.,OTC,excel_import,2026-09-18T09:57:12.863Z,2026-09-18T09:57:12.863Z
OLYMY,Olympus Corporation,OTC,excel_import,2026-09-18T09:57:12.863Z,2026-09-18T09:57:12.863Z
OM,"Outset Medical, Inc.",NASDAQ,nasdaq_trader,2026-09-18T10:45:30.194Z,2026-09-18T10:45:30.194Z
OMAB,Grupo Aeroportuario del Centro Norte S.A.B. de C.V.,NASDAQ,nasdaq_trader,2026-09-18T10:45:30.194Z,2026-09-18T10:45:30.194Z
OMC,Omnicom Group Inc.,NYSE,nasdaq_trader,2026-09-18T10:45:30.194Z,2026-09-18T10:45:30.194Z
OMCL,"Omnicell, Inc.",NASDAQ,nasdaq_trader,2026-09-18T10:45:30.194Z,2026-09-18T10:45:30.194Z
OMDA,"Omada Health, Inc.",NASDAQ,nasdaq_trader,2026-09-18T10:45:30.194Z,2026-09-18T10:45:30.194Z
OMER,Omeros Corporation,NASDAQ,nasdaq_trader,2026-09-18T10:45:30.194Z,2026-09-18T10:45:30.194Z
OMEX,"Odyssey Marine Exploration, Inc.",NASDAQ,nasdaq_trader,2026-09-18T10:45:30.194Z,2026-09-18T10:45:30.194Z
OMF,"OneMain Holdings, Inc.",NYSE,nasdaq_trader,2026-09-18T10:45:30.194Z,2026-09-18T10:45:30.194Z
OMH,Ohmyhome Limited,NASDAQ,nasdaq_trader,2026-09-18T10:45:30.194Z,2026-09-18T10:45:30.194Z
OMSE,OMS Energy Technologies Inc.,NASDAQ,excel_import,2026-09-18T09:57:12.863Z,2026-09-18T09:57:12.863Z
ON,ON Semiconductor Corporation,NASDAQ,nasdaq_trader,2026-09-18T10:45:30.194Z,2026-09-18T10:45:30.194Z
ONB,Old National Bancorp,NASDAQ,nasdaq_trader,2026-09-18T10:45:30.194Z,2026-09-18T10:45:30.194Z
ONBPO,Old National Bancorp,NASDAQ,nasdaq_trader,2026-09-18T10:45:30.194Z,2026-09-18T10:45:30.194Z
ONBPP,Old National Bancorp,NASDAQ,nasdaq_trader,2026-09-18T10:45:30.194Z,2026-09-18T10:45:30.194Z
ONC,BeOne Medicines AG,NASDAQ,nasdaq_trader,2026-09-18T10:45:30.194Z,2026-09-22T07:18:59.030Z
ONCH,1RT Acquisition Corp.,NASDAQ,nasdaq_trader,2026-09-18T10:45:30.194Z,2026-09-18T10:45:30.194Z
ONCHU,1RT Acquisition Corp.,NASDAQ,nasdaq_trader,2026-09-18T10:45:30.194Z,2026-09-18T10:45:30.194Z
ONCHW,1RT Acquisition Corp.,NASDAQ,nasdaq_trader,2026-09-18T10:45:30.194Z,2026-09-18T10:45:30.194Z
ONCO,"Onconetix, Inc.",NASDAQ,nasdaq_trader,2026-09-18T10:45:30.194Z,2026-09-18T10:45:30.194Z
ONCY,Oncolytics Biotech Inc.,NASDAQ,nasdaq_trader,2026-09-18T10:45:30.194Z,2026-09-18T10:45:30.194Z
ONDS,Ondas Inc,NASDAQ,nasdaq_trader,2026-09-18T10:45:30.194Z,2026-09-18T10:45:30.194Z
ONEG,OneConstruction Group Limited,NASDAQ,nasdaq_trader,2026-09-18T10:45:30.194Z,2026-09-18T10:45:30.194Z
ONEW,OneWater Marine Inc.,NASDAQ,nasdaq_trader,2026-09-18T10:45:30.194Z,2026-09-18T10:45:30.194Z
ONFO,Onfolio Holdings Inc.,NASDAQ,nasdaq_trader,2026-09-18T10:45:30.194Z,2026-09-18T10:45:30.194Z
ONFOW,Onfolio Holdings Inc.,NASDAQ,nasdaq_trader,2026-09-18T10:45:30.194Z,2026-09-18T10:45:30.194Z
ONIT,Onity Group Inc.,NYSE,nasdaq_trader,2026-09-18T10:45:30.194Z,2026-09-18T10:45:30.194Z
ONL,Orion Properties Inc.,NYSE,nasdaq_trader,2026-09-18T10:45:30.194Z,2026-09-18T10:45:30.194Z
ONMD,OneMedNet Corp,NASDAQ,nasdaq_trader,2026-09-18T10:45:30.194Z,2026-09-18T10:45:30.194Z
ONMDW,OneMedNet Corp,NASDAQ,nasdaq_trader,2026-09-18T10:45:30.194Z,2026-09-18T10:45:30.194Z
ONON,On Holding AG,NYSE,nasdaq_trader,2026-09-18T10:45:30.194Z,2026-09-18T10:45:30.194Z
ONT,"Onterris, Inc.",NYSE,nasdaq_trader,2026-09-18T10:45:30.194Z,2026-09-18T10:45:30.194Z
ONTO,Onto Innovation Inc.,NYSE,nasdaq_trader,2026-09-18T10:45:30.194Z,2026-09-18T10:45:30.194Z
ONWRY,ONWARD Medical N.V.,OTC,excel_import,2026-09-18T09:57:12.863Z,2026-09-18T09:57:12.863Z
OOMA,"Ooma, Inc.",NYSE,nasdaq_trader,2026-09-18T10:45:30.194Z,2026-09-18T10:45:30.194Z
OPAD,Offerpad Solutions Inc.,NASDAQ,nasdaq_trader,2026-09-18T10:45:30.194Z,2026-09-18T10:45:30.194Z
OPAL,OPAL Fuels Inc.,NASDAQ,nasdaq_trader,2026-09-18T10:45:30.194Z,2026-09-18T10:45:30.194Z
OPBK,OP Bancorp,NASDAQ,nasdaq_trader,2026-09-18T10:45:30.194Z,2026-09-18T10:45:30.194Z
OPCH,"Option Care Health, Inc.",NASDAQ,nasdaq_trader,2026-09-18T10:45:30.194Z,2026-09-18T10:45:30.194Z
OPEN,Opendoor Technologies Inc,NASDAQ,nasdaq_trader,2026-09-18T10:45:30.194Z,2026-09-18T10:45:30.194Z
OPENL,Opendoor Technologies Inc,NASDAQ,nasdaq_trader,2026-09-18T10:45:30.194Z,2026-09-18T10:45:30.194Z
OPENW,Opendoor Technologies Inc,NASDAQ,nasdaq_trader,2026-09-18T10:45:30.194Z,2026-09-18T10:45:30.194Z
OPENZ,Opendoor Technologies Inc,NASDAQ,nasdaq_trader,2026-09-18T10:45:30.194Z,2026-09-18T10:45:30.194Z
OPFI,OppFi Inc.,NYSE,nasdaq_trader,2026-09-18T10:45:30.194Z,2026-09-18T10:45:30.194Z
OPHC,"OptimumBank Holdings, Inc.",AMEX,nasdaq_trader,2026-09-18T10:45:30.194Z,2026-09-18T10:45:30.194Z
OPI,Office Properties Income Trust,NASDAQ,nasdaq_trader,2026-09-18T10:45:30.194Z,2026-09-18T10:45:30.194Z
OPK,"Opko Health, Inc.",NASDAQ,nasdaq_trader,2026-09-18T10:45:30.194Z,2026-09-18T10:45:30.194Z
OPLN,"OPENLANE, Inc.",NYSE,nasdaq_trader,2026-09-18T10:45:30.194Z,2026-09-18T10:45:30.194Z
OPP,"RiverNorth/DoubleLine Strategic Opportunity Fund, Inc.",NYSE,nasdaq_trader,2026-09-18T10:45:30.194Z,2026-09-18T10:45:30.194Z
OPRA,Opera Limited,NASDAQ,nasdaq_trader,2026-09-18T10:45:30.194Z,2026-09-18T10:45:30.194Z
OPRT,Oportun Financial Corporation,NASDAQ,nasdaq_trader,2026-09-18T10:45:30.194Z,2026-09-18T10:45:30.194Z
OPRX,OptimizeRx Corporation,NASDAQ,nasdaq_trader,2026-09-18T10:45:30.194Z,2026-09-18T10:45:30.194Z
OPTH,Optimi Health Corp.,NASDAQ,nasdaq_trader,2026-09-18T10:45:30.194Z,2026-09-18T10:45:30.194Z
OPTT,"Ocean Power Technologies, Inc.",AMEX,nasdaq_trader,2026-09-18T10:45:30.194Z,2026-09-18T10:45:30.194Z
OPTU,"Optimum Communications, Inc.",NYSE,nasdaq_trader,2026-09-18T10:45:30.194Z,2026-09-18T10:45:30.194Z
OPTX,"Syntec Optics Holdings, Inc.",NASDAQ,nasdaq_trader,2026-09-18T10:45:30.194Z,2026-09-18T10:45:30.194Z
OPTXW,"Syntec Optics Holdings, Inc.",NASDAQ,nasdaq_trader,2026-09-18T10:45:30.194Z,2026-09-18T10:45:30.194Z
OPXS,"Optex Systems Holdings, Inc.",NASDAQ,nasdaq_trader,2026-09-18T10:45:30.194Z,2026-09-18T10:45:30.194Z
OPY,Oppenheimer Holdings Inc.,NYSE,nasdaq_trader,2026-09-18T10:45:30.194Z,2026-09-22T07:18:59.462Z
OR,OR Royalties Inc. Common Shares,NYSE,nasdaq_trader,2026-09-18T10:45:30.194Z,2026-09-18T10:45:30.194Z
ORA,"Ormat Technologies, Inc.",NYSE,nasdaq_trader,2026-09-18T10:45:30.194Z,2026-09-18T10:45:30.194Z
ORBS,Eightco Holdings Inc.,NASDAQ,excel_import,2026-09-18T09:57:12.863Z,2026-09-18T09:57:12.863Z
ORC,"Orchid Island Capital, Inc.",NYSE,nasdaq_trader,2026-09-18T10:45:30.194Z,2026-09-18T10:45:30.194Z
ORCL,Oracle Corporation,NYSE,nasdaq_trader,2026-09-18T10:45:30.194Z,2026-09-18T10:45:30.194Z
ORGO,Organogenesis Holdings Inc.,NASDAQ,nasdaq_trader,2026-09-18T10:45:30.194Z,2026-09-18T10:45:30.194Z
ORI,Old Republic International Corporation,NYSE,nasdaq_trader,2026-09-18T10:45:30.194Z,2026-09-18T10:45:30.194Z
ORIC,"Oric Pharmaceuticals, Inc.",NASDAQ,nasdaq_trader,2026-09-18T10:45:30.194Z,2026-09-18T10:45:30.194Z
ORIO,Orion Digital Corp.,NASDAQ,nasdaq_trader,2026-09-18T10:45:30.194Z,2026-09-18T10:45:30.194Z
ORIQ,Origin Investment Corp I,NASDAQ,nasdaq_trader,2026-09-18T10:45:30.194Z,2026-09-18T10:45:30.194Z
ORIQU,Origin Investment Corp I,NASDAQ,nasdaq_trader,2026-09-18T10:45:30.194Z,2026-09-18T10:45:30.194Z
ORIQW,Origin Investment Corp I,NASDAQ,nasdaq_trader,2026-09-18T10:45:30.194Z,2026-09-18T10:45:30.194Z
ORKA,"Oruka Therapeutics, Inc.",NASDAQ,nasdaq_trader,2026-09-18T10:45:30.194Z,2026-09-18T10:45:30.194Z
ORKT,Orangekloud Technology Inc.,NASDAQ,nasdaq_trader,2026-09-18T10:45:30.194Z,2026-09-18T10:45:30.194Z
ORLY,"O'Reilly Automotive, Inc.",NASDAQ,nasdaq_trader,2026-09-18T10:45:30.194Z,2026-09-18T10:45:30.194Z
ORMP,Oramed Pharmaceuticals Inc.,NASDAQ,nasdaq_trader,2026-09-18T10:45:30.194Z,2026-09-18T10:45:30.194Z
ORN,"Orion Group Holdings, Inc. Common",NYSE,nasdaq_trader,2026-09-18T10:45:30.194Z,2026-09-18T10:45:30.194Z
ORPOF,OSE Immunotherapeutics SA,OTC,excel_import,2026-09-18T09:57:12.863Z,2026-09-18T09:57:12.863Z
ORRF,"Orrstown Financial Services, Inc.",NASDAQ,nasdaq_trader,2026-09-18T10:45:30.194Z,2026-09-18T10:45:30.194Z
OSBC,"Old Second Bancorp, Inc.",NASDAQ,nasdaq_trader,2026-09-18T10:45:30.194Z,2026-09-18T10:45:30.194Z
OSBGF,OSB Group Plc,OTC,excel_import,2026-09-18T09:57:12.863Z,2026-09-18T09:57:12.863Z
OSCR,"Oscar Health, Inc.",NYSE,nasdaq_trader,2026-09-18T10:45:30.194Z,2026-09-18T10:45:30.194Z
OSG,"Octave Specialty Group, Inc.",NYSE,nasdaq_trader,2026-09-18T10:45:30.194Z,2026-09-18T10:45:30.194Z
OSIS,"OSI Systems, Inc.",NASDAQ,nasdaq_trader,2026-09-18T10:45:30.194Z,2026-09-18T10:45:30.194Z
OSK,Oshkosh Corporation (Holding Company),NYSE,nasdaq_trader,2026-09-18T10:45:30.194Z,2026-09-18T10:45:30.194Z
OSPN,OneSpan Inc.,NASDAQ,nasdaq_trader,2026-09-18T10:45:30.194Z,2026-09-18T10:45:30.194Z
OSPR,Osprey Acquisition Corp. III,NASDAQ,nasdaq_trader,2026-09-18T10:45:30.194Z,2026-09-18T10:45:30.194Z
OSPRU,Osprey Acquisition Corp. III,NASDAQ,nasdaq_trader,2026-09-18T10:45:30.194Z,2026-09-18T10:45:30.194Z
OSPRW,Osprey Acquisition Corp. III,NASDAQ,nasdaq_trader,2026-09-18T10:45:30.194Z,2026-09-18T10:45:30.194Z
OSS,"One Stop Systems, Inc.",NASDAQ,nasdaq_trader,2026-09-18T10:45:30.194Z,2026-09-18T10:45:30.194Z
OST,"Ostin Technology Group Co., Ltd.",NASDAQ,nasdaq_trader,2026-09-18T10:45:30.194Z,2026-09-18T10:45:30.194Z
OSTX,"OS Therapies, Inc.",AMEX,excel_import,2026-09-18T09:57:12.863Z,2026-09-22T07:18:58.869Z
OSUR,"OraSure Technologies, Inc.",NASDAQ,nasdaq_trader,2026-09-18T10:45:30.194Z,2026-09-18T10:45:30.194Z
OSW,OneSpaWorld Holdings Limited,NASDAQ,nasdaq_trader,2026-09-18T10:45:30.194Z,2026-09-18T10:45:30.194Z
OTAI,Starlink AI Acquisition Corporation,NYSE,nasdaq_trader,2026-09-18T10:45:30.194Z,2026-09-18T10:45:30.194Z
OTAI.R,Starlink AI Acquisition Corporation,NYSE,nasdaq_trader,2026-09-18T10:45:30.194Z,2026-09-18T10:45:30.194Z
OTAI.U,Starlink AI Acquisition Corporation,NYSE,nasdaq_trader,2026-09-18T10:45:30.194Z,2026-09-18T10:45:30.194Z
OTEX,Open Text Corporation,NASDAQ,nasdaq_trader,2026-09-18T10:45:30.194Z,2026-09-18T10:45:30.194Z
OTF,Blue Owl Technology Finance Corp.,NYSE,nasdaq_trader,2026-09-18T10:45:30.194Z,2026-09-18T10:45:30.194Z
OTGA,OTG Acquisition Corp. I,NASDAQ,nasdaq_trader,2026-09-18T10:45:30.194Z,2026-09-18T10:45:30.194Z
OTGAU,OTG Acquisition Corp. I,NASDAQ,nasdaq_trader,2026-09-18T10:45:30.194Z,2026-09-18T10:45:30.194Z
OTGAW,OTG Acquisition Corp. I,NASDAQ,nasdaq_trader,2026-09-18T10:45:30.194Z,2026-09-18T10:45:30.194Z
OTH,Off The Hook YS Inc.,NYSE,excel_import,2026-09-18T09:57:12.863Z,2026-09-18T09:57:12.863Z
OTIS,Otis Worldwide Corporation,NYSE,nasdaq_trader,2026-09-18T10:45:30.194Z,2026-09-18T10:45:30.194Z
OTLK,"Outlook Therapeutics, Inc.",NASDAQ,nasdaq_trader,2026-09-18T10:45:30.194Z,2026-09-18T10:45:30.194Z
OTLY,Oatly Group AB,NASDAQ,nasdaq_trader,2026-09-18T10:45:30.194Z,2026-09-18T10:45:30.194Z
OTTR,Otter Tail Corporation,NASDAQ,nasdaq_trader,2026-09-18T10:45:30.194Z,2026-09-18T10:45:30.194Z
OUST,"Ouster, Inc.",NASDAQ,nasdaq_trader,2026-09-18T10:45:30.194Z,2026-09-18T10:45:30.194Z
OUT,OUTFRONT Media Inc.,NYSE,nasdaq_trader,2026-09-18T10:45:30.194Z,2026-09-18T10:45:30.194Z
OVBC,Ohio Valley Banc Corp.,NASDAQ,nasdaq_trader,2026-09-18T10:45:30.194Z,2026-09-18T10:45:30.194Z
OVID,Ovid Therapeutics Inc.,NASDAQ,nasdaq_trader,2026-09-18T10:45:30.194Z,2026-09-18T10:45:30.194Z
OVLY,Oak Valley Bancorp,NASDAQ,nasdaq_trader,2026-09-18T10:45:30.194Z,2026-09-22T07:18:59.032Z
OVV,Ovintiv Inc.,NYSE,nasdaq_trader,2026-09-18T10:45:30.194Z,2026-09-22T07:18:59.464Z
OWL,Blue Owl Capital Inc.,NYSE,nasdaq_trader,2026-09-18T10:45:30.194Z,2026-09-18T10:45:30.194Z
OWLS,OBOOK Holdings Inc.,NASDAQ,excel_import,2026-09-18T09:57:12.863Z,2026-09-18T09:57:12.863Z
OWLT,"Owlet, Inc.",NYSE,nasdaq_trader,2026-09-18T10:45:30.194Z,2026-09-18T10:45:30.194Z
OXBC,Oxford Bank Corporation,OTC,excel_import,2026-09-18T09:57:12.863Z,2026-09-18T09:57:12.863Z
OXBR,Oxbridge Re Holdings Limited,NASDAQ,nasdaq_trader,2026-09-18T10:45:30.194Z,2026-09-18T10:45:30.194Z
OXBRW,Oxbridge Re Holdings Limited,NASDAQ,nasdaq_trader,2026-09-18T10:45:30.194Z,2026-09-18T10:45:30.194Z
OXLC,Oxford Lane Capital Corp.,NASDAQ,nasdaq_trader,2026-09-18T10:45:30.194Z,2026-09-18T10:45:30.194Z
OXLCG,Oxford Lane Capital Corp. 7.95% Notes due 2032,NASDAQ,nasdaq_trader,2026-09-18T10:45:30.194Z,2026-09-22T07:18:59.034Z
OXLCI,Oxford Lane Capital Corp.,NASDAQ,nasdaq_trader,2026-09-18T10:45:30.194Z,2026-09-18T10:45:30.194Z
OXLCL,Oxford Lane Capital Corp. 6.75% Notes due 2031,NASDAQ,nasdaq_trader,2026-09-18T10:45:30.194Z,2026-09-22T07:18:59.035Z
OXLCM,Oxford Lane Capital Corp. 6.75% Series 2024 Term Preferred Stock,NASDAQ,nasdaq_trader,2026-09-18T10:45:30.194Z,2026-09-22T07:18:59.037Z
OXLCN,Oxford Lane Capital Corp.,NASDAQ,nasdaq_trader,2026-09-18T10:45:30.194Z,2026-09-18T10:45:30.194Z
OXLCO,Oxford Lane Capital Corp.,NASDAQ,nasdaq_trader,2026-09-18T10:45:30.194Z,2026-09-18T10:45:30.194Z
OXLCZ,Oxford Lane Capital Corp. 5.00% Notes due 2027,NASDAQ,nasdaq_trader,2026-09-18T10:45:30.194Z,2026-09-22T07:18:59.038Z
OXM,"Oxford Industries, Inc.",NYSE,nasdaq_trader,2026-09-18T10:45:30.194Z,2026-09-18T10:45:30.194Z
OXSQ,Oxford Square Capital Corp.,NASDAQ,nasdaq_trader,2026-09-18T10:45:30.194Z,2026-09-18T10:45:30.194Z
OXSQG,Oxford Square Capital Corp. 5.50% Notes due 2028,NASDAQ,nasdaq_trader,2026-09-18T10:45:30.194Z,2026-09-22T07:18:59.040Z
OXSQH,Oxford Square Capital Corp.,NASDAQ,nasdaq_trader,2026-09-18T10:45:30.194Z,2026-09-18T10:45:30.194Z
OXY,Occidental Petroleum Corporation,NYSE,nasdaq_trader,2026-09-18T10:45:30.194Z,2026-09-18T10:45:30.194Z
OXY.W,Occidental Petroleum Corporation,NYSE,nasdaq_trader,2026-09-18T10:45:30.194Z,2026-09-18T10:45:30.194Z
OYSE,Oyster Enterprises II Acquisition Corp,NASDAQ,nasdaq_trader,2026-09-18T10:45:30.194Z,2026-09-18T10:45:30.194Z
OYSER,Oyster Enterprises II Acquisition Corp,NASDAQ,nasdaq_trader,2026-09-18T10:45:30.194Z,2026-09-18T10:45:30.194Z
OYSEU,Oyster Enterprises II Acquisition Corp,NASDAQ,nasdaq_trader,2026-09-18T10:45:30.194Z,2026-09-18T10:45:30.194Z
OZ,"Belpointe PREP, LLC Class A",AMEX,nasdaq_trader,2026-09-18T10:45:30.194Z,2026-09-18T10:45:30.194Z
OZK,Bank OZK,NASDAQ,nasdaq_trader,2026-09-18T10:45:30.194Z,2026-09-18T10:45:30.194Z
OZKAP,Bank OZK,NASDAQ,nasdaq_trader,2026-09-18T10:45:30.194Z,2026-09-18T10:45:30.194Z
P,"Everpure, Inc.",NYSE,nasdaq_trader,2026-09-18T10:45:30.194Z,2026-09-18T10:45:30.194Z
PAA,"Plains All American Pipeline, L.P.",NASDAQ,nasdaq_trader,2026-09-18T10:45:30.194Z,2026-09-18T10:45:30.194Z
PAAC,Proem Acquisition Corp I,NASDAQ,nasdaq_trader,2026-09-18T10:45:30.194Z,2026-09-18T10:45:30.194Z
PAACU,Proem Acquisition Corp I,NASDAQ,nasdaq_trader,2026-09-18T10:45:30.194Z,2026-09-18T10:45:30.194Z
PAACW,Proem Acquisition Corp I,NASDAQ,nasdaq_trader,2026-09-18T10:45:30.194Z,2026-09-18T10:45:30.194Z
PAAI,"Paradium.AI, Inc.",AMEX,nasdaq_trader,2026-09-18T10:45:30.194Z,2026-09-18T10:45:30.194Z
PAAS,Pan American Silver Corp.,NYSE,nasdaq_trader,2026-09-18T10:45:30.194Z,2026-09-18T10:45:30.194Z
PAC,"Grupo Aeroportuario del Pacífico, S.A.B. de C.V.",NYSE,nasdaq_trader,2026-09-18T10:45:30.194Z,2026-09-22T07:18:59.466Z
PACB,"Pacific Biosciences of California, Inc.",NASDAQ,nasdaq_trader,2026-09-18T10:45:30.194Z,2026-09-18T10:45:30.194Z
PACH,Pioneer Acquisition I Corp,NASDAQ,nasdaq_trader,2026-09-18T10:45:30.194Z,2026-09-18T10:45:30.194Z
PACHU,Pioneer Acquisition I Corp,NASDAQ,nasdaq_trader,2026-09-18T10:45:30.194Z,2026-09-18T10:45:30.194Z
PACHW,Pioneer Acquisition I Corp,NASDAQ,nasdaq_trader,2026-09-18T10:45:30.194Z,2026-09-18T10:45:30.194Z
PACK,Ranpak Holdings Corp,NYSE,nasdaq_trader,2026-09-18T10:45:30.194Z,2026-09-18T10:45:30.194Z
PACS,"PACS Group, Inc.",NYSE,nasdaq_trader,2026-09-18T10:45:30.194Z,2026-09-18T10:45:30.194Z
PAG,"Penske Automotive Group, Inc.",NYSE,nasdaq_trader,2026-09-18T10:45:30.194Z,2026-09-18T10:45:30.194Z
PAGP,"Plains GP Holdings, L.P.",NASDAQ,nasdaq_trader,2026-09-18T10:45:30.194Z,2026-09-18T10:45:30.194Z
PAGS,PagSeguro Digital Ltd. Class A Common Shares,NYSE,nasdaq_trader,2026-09-18T10:45:30.194Z,2026-09-18T10:45:30.194Z
PAHC,Phibro Animal Health Corporation,NASDAQ,nasdaq_trader,2026-09-18T10:45:30.194Z,2026-09-18T10:45:30.194Z
PAI,Western Asset Investment Grade Income Fund Inc.,NYSE,nasdaq_trader,2026-09-18T10:45:30.194Z,2026-09-18T10:45:30.194Z
PAII,Pyrophyte Acquisition Corp. II,NYSE,nasdaq_trader,2026-09-18T10:45:30.194Z,2026-09-18T10:45:30.194Z
PAII.U,Pyrophyte Acquisition Corp. II,NYSE,nasdaq_trader,2026-09-18T10:45:30.194Z,2026-09-18T10:45:30.194Z
PAII.W,Pyrophyte Acquisition Corp. II,NYSE,nasdaq_trader,2026-09-18T10:45:30.194Z,2026-09-18T10:45:30.194Z
PAL,"Proficient Auto Logistics, Inc.",NASDAQ,nasdaq_trader,2026-09-18T10:45:30.194Z,2026-09-18T10:45:30.194Z
PALI,"Palisade Bio, Inc.",NASDAQ,nasdaq_trader,2026-09-18T10:45:30.194Z,2026-09-18T10:45:30.194Z
PALO,Paloma Acquisition Corp I,NASDAQ,nasdaq_trader,2026-09-18T10:45:30.194Z,2026-09-18T10:45:30.194Z
PALOU,Paloma Acquisition Corp I,NASDAQ,nasdaq_trader,2026-09-18T10:45:30.194Z,2026-09-18T10:45:30.194Z
PALOW,Paloma Acquisition Corp I,NASDAQ,nasdaq_trader,2026-09-18T10:45:30.194Z,2026-09-18T10:45:30.194Z
PAM,Pampa Energía S.A.,NYSE,nasdaq_trader,2026-09-18T10:45:30.194Z,2026-09-22T07:18:59.467Z
PAMT,PAMT CORP,NASDAQ,nasdaq_trader,2026-09-18T10:45:30.194Z,2026-09-18T10:45:30.194Z
PANL,Pangaea Logistics Solutions Ltd.,NASDAQ,nasdaq_trader,2026-09-18T10:45:30.194Z,2026-09-18T10:45:30.194Z
PANW,"Palo Alto Networks, Inc.",NASDAQ,nasdaq_trader,2026-09-18T10:45:30.194Z,2026-09-18T10:45:30.194Z
PAPL,Pineapple Financial Inc.,AMEX,nasdaq_trader,2026-09-18T10:45:30.194Z,2026-09-18T10:45:30.194Z
PAR,PAR Technology Corporation,NYSE,nasdaq_trader,2026-09-18T10:45:30.194Z,2026-09-18T10:45:30.194Z
PARA,"Banzai International, Inc.",NASDAQ,excel_import,2026-09-18T09:57:12.863Z,2026-09-18T09:57:12.863Z
PARAW,"Banzai International, Inc.",NASDAQ,nasdaq_trader,2026-09-18T10:45:30.194Z,2026-09-18T10:45:30.194Z
PARK,"Park Dental Partners, Inc.",NASDAQ,nasdaq_trader,2026-09-18T10:45:30.194Z,2026-09-18T10:45:30.194Z
PARR,"Par Pacific Holdings, Inc.",NYSE,nasdaq_trader,2026-09-18T10:45:30.194Z,2026-09-18T10:45:30.194Z
PASG,"Passage Bio, Inc.",NASDAQ,nasdaq_trader,2026-09-18T10:45:30.194Z,2026-09-18T10:45:30.194Z
PASW,"Ping An Biomedical Co., Ltd.",NASDAQ,nasdaq_trader,2026-09-18T10:45:30.194Z,2026-09-18T10:45:30.194Z
PATH,"UiPath, Inc.",NYSE,nasdaq_trader,2026-09-18T10:45:30.194Z,2026-09-18T10:45:30.194Z
PATK,"Patrick Industries, Inc.",NASDAQ,nasdaq_trader,2026-09-18T10:45:30.194Z,2026-09-18T10:45:30.194Z
PAVM,PAVmed Inc.,NASDAQ,nasdaq_trader,2026-09-18T10:45:30.194Z,2026-09-18T10:45:30.194Z
PAVS,Paranovus Entertainment Technology Ltd.,NASDAQ,nasdaq_trader,2026-09-18T10:45:30.194Z,2026-09-18T10:45:30.194Z
PAX,Patria Investments Limited,NASDAQ,nasdaq_trader,2026-09-18T10:45:30.194Z,2026-09-18T10:45:30.194Z
PAXS,PIMCO Access Income Fund,NYSE,nasdaq_trader,2026-09-18T10:45:30.194Z,2026-09-18T10:45:30.194Z
PAY,"Paymentus Holdings, Inc.",NYSE,nasdaq_trader,2026-09-18T10:45:30.194Z,2026-09-18T10:45:30.194Z
PAYC,"Paycom Software, Inc.",NYSE,nasdaq_trader,2026-09-18T10:45:30.194Z,2026-09-18T10:45:30.194Z
PAYO,Payoneer Global Inc.,NASDAQ,nasdaq_trader,2026-09-18T10:45:30.194Z,2026-09-18T10:45:30.194Z
PAYP,PayPay Corporation,NASDAQ,nasdaq_trader,2026-09-18T10:45:30.194Z,2026-09-18T10:45:30.194Z
PAYS,"Paysign, Inc.",NASDAQ,nasdaq_trader,2026-09-18T10:45:30.194Z,2026-09-18T10:45:30.194Z
PAYX,"Paychex, Inc.",NASDAQ,nasdaq_trader,2026-09-18T10:45:30.194Z,2026-09-18T10:45:30.194Z
PB,"Prosperity Bancshares, Inc.",NYSE,nasdaq_trader,2026-09-18T10:45:30.194Z,2026-09-18T10:45:30.194Z
PBA,Pembina Pipeline Corporation,NYSE,nasdaq_trader,2026-09-18T10:45:30.194Z,2026-09-22T07:18:59.469Z
PBAM,"Private Bancorp of America, Inc.",NASDAQ,nasdaq_trader,2026-09-18T10:45:30.194Z,2026-09-18T10:45:30.194Z
PBF,PBF Energy Inc.,NYSE,nasdaq_trader,2026-09-18T10:45:30.194Z,2026-09-18T10:45:30.194Z
PBFS,"Pioneer Bancorp, Inc.",NASDAQ,nasdaq_trader,2026-09-18T10:45:30.194Z,2026-09-18T10:45:30.194Z
PBH,Prestige Consumer Healthcare Inc.,NYSE,nasdaq_trader,2026-09-18T10:45:30.194Z,2026-09-18T10:45:30.194Z
PBHC,"Pathfinder Bancorp, Inc.",NASDAQ,nasdaq_trader,2026-09-18T10:45:30.194Z,2026-09-18T10:45:30.194Z
PBI,Pitney Bowes Inc.,NYSE,nasdaq_trader,2026-09-18T10:45:30.194Z,2026-09-18T10:45:30.194Z
PBK,PowerBank Corporation,NASDAQ,nasdaq_trader,2026-09-18T10:45:30.194Z,2026-09-18T10:45:30.194Z
PBLS,"Parabilis Medicines, Inc.",NASDAQ,nasdaq_trader,2026-09-18T10:45:30.194Z,2026-09-18T10:45:30.194Z
PBM,Psyence Biomedical Ltd.,NASDAQ,nasdaq_trader,2026-09-18T10:45:30.194Z,2026-09-18T10:45:30.194Z
PBMWW,Psyence Biomedical Ltd.,NASDAQ,nasdaq_trader,2026-09-18T10:45:30.194Z,2026-09-18T10:45:30.194Z
PBR,Petróleo Brasileiro S.A. - Petrobras,NYSE,nasdaq_trader,2026-09-18T10:45:30.194Z,2026-09-22T07:18:59.470Z
PBR.A,Petroleo Brasileiro S.A. Petrobras,NYSE,nasdaq_trader,2026-09-18T10:45:30.194Z,2026-09-18T10:45:30.194Z
PBT,Permian Basin Royalty Trust,NYSE,nasdaq_trader,2026-09-18T10:45:30.194Z,2026-09-18T10:45:30.194Z
PBYI,Puma Biotechnology Inc,NASDAQ,nasdaq_trader,2026-09-18T10:45:30.194Z,2026-09-18T10:45:30.194Z
PC,Premium Catering (Holdings) Limited,NASDAQ,nasdaq_trader,2026-09-18T10:45:30.194Z,2026-09-18T10:45:30.194Z
PCAP,ProCap Acquisition Corp,NASDAQ,nasdaq_trader,2026-09-18T10:45:30.194Z,2026-09-18T10:45:30.194Z
PCAPU,ProCap Acquisition Corp,NASDAQ,nasdaq_trader,2026-09-18T10:45:30.194Z,2026-09-18T10:45:30.194Z
PCAPW,ProCap Acquisition Corp,NASDAQ,nasdaq_trader,2026-09-18T10:45:30.194Z,2026-09-18T10:45:30.194Z
PCAR,PACCAR Inc.,NASDAQ,nasdaq_trader,2026-09-18T10:45:30.194Z,2026-09-18T10:45:30.194Z
PCB,PCB Bancorp,NASDAQ,nasdaq_trader,2026-09-18T10:45:30.194Z,2026-09-18T10:45:30.194Z
PCDAF,Postmedia Network Canada Corp.,OTC,excel_import,2026-09-18T09:57:12.863Z,2026-09-18T09:57:12.863Z
PCF,High Income Securities Fund,NYSE,nasdaq_trader,2026-09-18T10:45:30.194Z,2026-09-18T10:45:30.194Z
PCG,PG&E Corporation,NYSE,nasdaq_trader,2026-09-18T10:45:30.194Z,2026-09-22T07:18:59.472Z
PCLA,PicoCELA Inc.,NASDAQ,nasdaq_trader,2026-09-18T10:45:30.194Z,2026-09-18T10:45:30.194Z
PCM,"PCM Fund, Inc.",NYSE,nasdaq_trader,2026-09-18T10:45:30.194Z,2026-09-18T10:45:30.194Z
PCN,Pimco Corporate & Income Strategy Fund,NYSE,nasdaq_trader,2026-09-18T10:45:30.194Z,2026-09-18T10:45:30.194Z
PCOR,"Procore Technologies, Inc.",NYSE,nasdaq_trader,2026-09-18T10:45:30.194Z,2026-09-18T10:45:30.194Z
PCQ,PIMCO California Municipal Income Fund,NYSE,nasdaq_trader,2026-09-18T10:45:30.194Z,2026-09-18T10:45:30.194Z
PCRX,"Pacira BioSciences, Inc.",NASDAQ,nasdaq_trader,2026-09-18T10:45:30.194Z,2026-09-18T10:45:30.194Z
PCSA,"Processa Pharmaceuticals, Inc.",NASDAQ,nasdaq_trader,2026-09-18T10:45:30.194Z,2026-09-18T10:45:30.194Z
PCSV,PCS Edventures! Inc.,OTC,excel_import,2026-09-18T09:57:12.863Z,2026-09-18T09:57:12.863Z
PCT,"PureCycle Technologies, Inc.",NASDAQ,nasdaq_trader,2026-09-18T10:45:30.194Z,2026-09-18T10:45:30.194Z
PCTTU,"PureCycle Technologies, Inc.",NASDAQ,nasdaq_trader,2026-09-18T10:45:30.194Z,2026-09-18T10:45:30.194Z
PCTTW,"PureCycle Technologies, Inc.",NASDAQ,nasdaq_trader,2026-09-18T10:45:30.194Z,2026-09-18T10:45:30.194Z
PCTY,Paylocity Holding Corporation,NASDAQ,nasdaq_trader,2026-09-18T10:45:30.194Z,2026-09-18T10:45:30.194Z
PCVX,"Vaxcyte, Inc.",NASDAQ,nasdaq_trader,2026-09-18T10:45:30.194Z,2026-09-18T10:45:30.194Z
PCYO,Pure Cycle Corporation,NASDAQ,nasdaq_trader,2026-09-18T10:45:30.194Z,2026-09-18T10:45:30.194Z
PD,"PagerDuty, Inc.",NYSE,nasdaq_trader,2026-09-18T10:45:30.194Z,2026-09-18T10:45:30.194Z
PDC,Perpetuals.com Ltd,NASDAQ,nasdaq_trader,2026-09-18T10:45:30.194Z,2026-09-18T10:45:30.194Z
PDCC,Pearl Diver Credit Company Inc.,NYSE,nasdaq_trader,2026-09-18T10:45:30.194Z,2026-09-18T10:45:30.194Z
PDD,PDD Holdings Inc.,NASDAQ,excel_import,2026-09-18T09:57:12.863Z,2026-09-18T09:57:12.863Z
PDEX,"Pro-Dex, Inc.",NASDAQ,nasdaq_trader,2026-09-18T10:45:30.194Z,2026-09-18T10:45:30.194Z
PDFS,"PDF Solutions, Inc.",NASDAQ,nasdaq_trader,2026-09-18T10:45:30.194Z,2026-09-18T10:45:30.194Z
PDI,PIMCO Dynamic Income Fund,NYSE,nasdaq_trader,2026-09-18T10:45:30.194Z,2026-09-18T10:45:30.194Z
PDLB,"Ponce Financial Group, Inc.",NASDAQ,nasdaq_trader,2026-09-18T10:45:30.194Z,2026-09-18T10:45:30.194Z
PDM,"Piedmont Realty Trust, Inc.",NYSE,nasdaq_trader,2026-09-18T10:45:30.194Z,2026-09-18T10:45:30.194Z
PDO,PIMCO Dynamic Income Opportunities Fund,NYSE,nasdaq_trader,2026-09-18T10:45:30.194Z,2026-09-18T10:45:30.194Z
PDPA,Pearl Diver Credit Company Inc.,NYSE,nasdaq_trader,2026-09-18T10:45:30.194Z,2026-09-22T07:18:59.473Z
PDS,Precision Drilling Corporation,NYSE,nasdaq_trader,2026-09-18T10:45:30.194Z,2026-09-18T10:45:30.194Z
PDSB,PDS Biotechnology Corporation,NASDAQ,nasdaq_trader,2026-09-18T10:45:30.194Z,2026-09-18T10:45:30.194Z
PDT,John Hancock Premium Dividend Fund,NYSE,nasdaq_trader,2026-09-18T10:45:30.194Z,2026-09-18T10:45:30.194Z
PDX,PIMCO Dynamic Income Strategy Fund,NYSE,nasdaq_trader,2026-09-18T10:45:30.194Z,2026-09-18T10:45:30.194Z
PDYN,Palladyne AI Corp.,NASDAQ,nasdaq_trader,2026-09-18T10:45:30.194Z,2026-09-18T10:45:30.194Z
PDYNW,Palladyne AI Corp.,NASDAQ,nasdaq_trader,2026-09-18T10:45:30.194Z,2026-09-18T10:45:30.194Z
PEB,Pebblebrook Hotel Trust,NYSE,nasdaq_trader,2026-09-18T10:45:30.194Z,2026-09-18T10:45:30.194Z
PEBK,"Peoples Bancorp of North Carolina, Inc.",NASDAQ,nasdaq_trader,2026-09-18T10:45:30.194Z,2026-09-18T10:45:30.194Z
PEBO,Peoples Bancorp Inc.,NASDAQ,nasdaq_trader,2026-09-18T10:45:30.194Z,2026-09-18T10:45:30.194Z
PECE,Peace Acquisition Corp,NASDAQ,nasdaq_trader,2026-09-18T10:45:30.194Z,2026-09-18T10:45:30.194Z
PECER,Peace Acquisition Corp,NASDAQ,nasdaq_trader,2026-09-18T10:45:30.194Z,2026-09-18T10:45:30.194Z
PECEU,Peace Acquisition Corp,NASDAQ,nasdaq_trader,2026-09-18T10:45:30.194Z,2026-09-18T10:45:30.194Z
PECEW,Peace Acquisition Corp,NASDAQ,nasdaq_trader,2026-09-18T10:45:30.194Z,2026-09-18T10:45:30.194Z
PECO,"Phillips Edison & Company, Inc.",NASDAQ,nasdaq_trader,2026-09-18T10:45:30.194Z,2026-09-18T10:45:30.194Z
PED,Pedevco Corp.,AMEX,nasdaq_trader,2026-09-18T10:45:30.194Z,2026-09-18T10:45:30.194Z
PEG,Public Service Enterprise Group Incorporated,NYSE,nasdaq_trader,2026-09-18T10:45:30.194Z,2026-09-18T10:45:30.194Z
PEGA,Pegasystems Inc.,NASDAQ,nasdaq_trader,2026-09-18T10:45:30.194Z,2026-09-18T10:45:30.194Z
PEN,"Penumbra, Inc.",NYSE,nasdaq_trader,2026-09-18T10:45:30.194Z,2026-09-18T10:45:30.194Z
PENG,"Penguin Solutions, Inc.",NASDAQ,excel_import,2026-09-18T09:57:12.863Z,2026-09-18T09:57:12.863Z
PENN,"PENN Entertainment, Inc.",NASDAQ,nasdaq_trader,2026-09-18T10:45:30.194Z,2026-09-18T10:45:30.194Z
PEO,"Adams Natural Resources Fund, Inc.",NYSE,nasdaq_trader,2026-09-18T10:45:30.194Z,2026-09-18T10:45:30.194Z
PEP,"PepsiCo, Inc.",NASDAQ,nasdaq_trader,2026-09-18T10:45:30.194Z,2026-09-18T10:45:30.194Z
PEPG,PepGen Inc.,NASDAQ,nasdaq_trader,2026-09-18T10:45:30.194Z,2026-09-18T10:45:30.194Z
PERF,Perfect Corp.,NYSE,nasdaq_trader,2026-09-18T10:45:30.194Z,2026-09-18T10:45:30.194Z
PERI,Perion Network Ltd,NASDAQ,nasdaq_trader,2026-09-18T10:45:30.194Z,2026-09-18T10:45:30.194Z
PESI,"Perma-Fix Environmental Services, Inc.",NASDAQ,nasdaq_trader,2026-09-18T10:45:30.194Z,2026-09-18T10:45:30.194Z
PETS,"PetMed Express, Inc.",NASDAQ,nasdaq_trader,2026-09-18T10:45:30.194Z,2026-09-18T10:45:30.194Z
PETZ,"TDH Holdings, Inc.",NASDAQ,nasdaq_trader,2026-09-18T10:45:30.194Z,2026-09-18T10:45:30.194Z
PEW,GrabAGun Digital Holdings Inc.,NYSE,excel_import,2026-09-18T09:57:12.863Z,2026-09-18T09:57:12.863Z
PEW.W,GrabAGun Digital Holdings Inc.,NYSE,nasdaq_trader,2026-09-18T10:45:30.194Z,2026-09-18T10:45:30.194Z
PFAI,Pinnacle Food Group Limited,NASDAQ,nasdaq_trader,2026-09-18T10:45:30.194Z,2026-09-18T10:45:30.194Z
PFBC,Preferred Bank,NASDAQ,nasdaq_trader,2026-09-18T10:45:30.194Z,2026-09-18T10:45:30.194Z
PFD,Flaherty & Crumrine Preferred Income Fund Inc.,NYSE,nasdaq_trader,2026-09-18T10:45:30.194Z,2026-09-22T07:18:59.475Z
PFE,"Pfizer, Inc.",NYSE,nasdaq_trader,2026-09-18T10:45:30.194Z,2026-09-18T10:45:30.194Z
PFG,Principal Financial Group Inc,NASDAQ,nasdaq_trader,2026-09-18T10:45:30.194Z,2026-09-18T10:45:30.194Z
PFGC,Performance Food Group Company,NYSE,nasdaq_trader,2026-09-18T10:45:30.194Z,2026-09-18T10:45:30.194Z
PFH,CABCO Trust for JC Penney Debentures,NYSE,nasdaq_trader,2026-09-18T10:45:30.194Z,2026-09-22T07:18:59.476Z
PFIS,Peoples Financial Services Corp.,NASDAQ,nasdaq_trader,2026-09-18T10:45:30.194Z,2026-09-18T10:45:30.194Z
PFL,PIMCO Income Strategy Fund,NYSE,nasdaq_trader,2026-09-18T10:45:30.194Z,2026-09-18T10:45:30.194Z
PFLA,PennantPark Floating Rate Capital Ltd.,NYSE,nasdaq_trader,2026-09-18T10:45:30.194Z,2026-09-18T10:45:30.194Z
PFLT,PennantPark Floating Rate Capital Ltd.,NYSE,nasdaq_trader,2026-09-18T10:45:30.194Z,2026-09-18T10:45:30.194Z
PFN,PIMCO Income Strategy Fund II,NYSE,nasdaq_trader,2026-09-18T10:45:30.194Z,2026-09-18T10:45:30.194Z
PFO,Flaherty & Crumrine Preferred Income Opportunity Fund Inc.,NYSE,nasdaq_trader,2026-09-18T10:45:30.194Z,2026-09-22T07:18:59.478Z
PFS,"Provident Financial Services, Inc",NYSE,nasdaq_trader,2026-09-18T10:45:30.194Z,2026-09-18T10:45:30.194Z
PFSA,"Profusa, Inc.",NASDAQ,nasdaq_trader,2026-09-18T10:45:30.194Z,2026-09-18T10:45:30.194Z
PFSI,"PennyMac Financial Services, Inc.",NYSE,nasdaq_trader,2026-09-18T10:45:30.194Z,2026-09-18T10:45:30.194Z
PFX,PhenixFIN Corporation,NASDAQ,nasdaq_trader,2026-09-18T10:45:30.194Z,2026-09-18T10:45:30.194Z
PFXNZ,PhenixFIN Corporation  5.25% Notes due 2028,NASDAQ,nasdaq_trader,2026-09-18T10:45:30.194Z,2026-09-22T07:18:59.041Z
PG,Procter & Gamble Company (The),NYSE,nasdaq_trader,2026-09-18T10:45:30.194Z,2026-09-18T10:45:30.194Z
PGAC,Pantages Capital Acquisition Corporation,NASDAQ,nasdaq_trader,2026-09-18T10:45:30.194Z,2026-09-18T10:45:30.194Z
PGACR,Pantages Capital Acquisition Corporation,NASDAQ,nasdaq_trader,2026-09-18T10:45:30.194Z,2026-09-18T10:45:30.194Z
PGACU,Pantages Capital Acquisition Corporation,NASDAQ,nasdaq_trader,2026-09-18T10:45:30.194Z,2026-09-18T10:45:30.194Z
PGC,Peapack-Gladstone Financial Corporation,NASDAQ,nasdaq_trader,2026-09-18T10:45:30.194Z,2026-09-18T10:45:30.194Z
PGEN,"Precigen, Inc.",NASDAQ,nasdaq_trader,2026-09-18T10:45:30.194Z,2026-09-18T10:45:30.194Z
PGNY,"Progyny, Inc.",NASDAQ,nasdaq_trader,2026-09-18T10:45:30.194Z,2026-09-18T10:45:30.194Z
PGP,Pimco Global StocksPlus & Income Fund,NYSE,nasdaq_trader,2026-09-18T10:45:30.194Z,2026-09-18T10:45:30.194Z
PGR,Progressive Corporation (The),NYSE,nasdaq_trader,2026-09-18T10:45:30.194Z,2026-09-18T10:45:30.194Z
PGY,Pagaya Technologies Ltd.,NASDAQ,nasdaq_trader,2026-09-18T10:45:30.194Z,2026-09-18T10:45:30.194Z
PGYWW,Pagaya Technologies Ltd.,NASDAQ,nasdaq_trader,2026-09-18T10:45:30.194Z,2026-09-18T10:45:30.194Z
PGZ,Principal Real Estate Income Fund,NYSE,nasdaq_trader,2026-09-18T10:45:30.194Z,2026-09-18T10:45:30.194Z
PH,Parker-Hannifin Corporation,NYSE,nasdaq_trader,2026-09-18T10:45:30.194Z,2026-09-18T10:45:30.194Z
PHAR,Pharming Group N.V.,NASDAQ,nasdaq_trader,2026-09-18T10:45:30.194Z,2026-09-18T10:45:30.194Z
PHAT,"Phathom Pharmaceuticals, Inc.",NASDAQ,nasdaq_trader,2026-09-18T10:45:30.194Z,2026-09-18T10:45:30.194Z
PHG,Koninklijke Philips N.V.,NYSE,nasdaq_trader,2026-09-18T10:45:30.194Z,2026-09-22T07:18:59.479Z
PHI,PLDT Inc.,NYSE,nasdaq_trader,2026-09-18T10:45:30.194Z,2026-09-22T07:18:59.481Z
PHIN,PHINIA Inc.,NYSE,nasdaq_trader,2026-09-18T10:45:30.194Z,2026-09-18T10:45:30.194Z
PHIO,Phio Pharmaceuticals Corp.,NASDAQ,nasdaq_trader,2026-09-18T10:45:30.194Z,2026-09-18T10:45:30.194Z
PHK,Pimco High Income Fund,NYSE,nasdaq_trader,2026-09-18T10:45:30.194Z,2026-09-18T10:45:30.194Z
PHM,"PulteGroup, Inc.",NYSE,nasdaq_trader,2026-09-18T10:45:30.194Z,2026-09-18T10:45:30.194Z
PHOE,Phoenix Asia Holdings Limited,NASDAQ,nasdaq_trader,2026-09-18T10:45:30.194Z,2026-09-18T10:45:30.194Z
PHOS,First Phosphate Corp.,NASDAQ,nasdaq_trader,2026-09-18T10:45:30.194Z,2026-09-18T10:45:30.194Z
PHR,"Phreesia, Inc.",NYSE,nasdaq_trader,2026-09-18T10:45:30.194Z,2026-09-18T10:45:30.194Z
PHUN,"Phunware, Inc.",NASDAQ,nasdaq_trader,2026-09-18T10:45:30.194Z,2026-09-18T10:45:30.194Z
PHVS,Pharvaris N.V.,NASDAQ,nasdaq_trader,2026-09-18T10:45:30.194Z,2026-09-18T10:45:30.194Z
PHXE-P,"Phoenix Energy One, LLC",AMEX,excel_import,2026-09-18T09:57:12.863Z,2026-09-22T07:18:58.855Z
PI,"Impinj, Inc.",NASDAQ,nasdaq_trader,2026-09-18T10:45:30.194Z,2026-09-18T10:45:30.194Z
PICS,PicS N.V.,NASDAQ,excel_import,2026-09-18T09:57:12.863Z,2026-09-18T09:57:12.863Z
PII,Polaris Inc.,NYSE,nasdaq_trader,2026-09-18T10:45:30.194Z,2026-09-18T10:45:30.194Z
PIII,P3 Health Partners Inc.,NASDAQ,nasdaq_trader,2026-09-18T10:45:30.194Z,2026-09-18T10:45:30.194Z
PIIIW,P3 Health Partners Inc.,NASDAQ,nasdaq_trader,2026-09-18T10:45:30.194Z,2026-09-18T10:45:30.194Z
PIM,Franklin Master Intermediate Income Trust,NYSE,nasdaq_trader,2026-09-18T10:45:30.194Z,2026-09-18T10:45:30.194Z
PINE,"Alpine Income Property Trust, Inc.",NYSE,nasdaq_trader,2026-09-18T10:45:30.194Z,2026-09-18T10:45:30.194Z
PINS,"Pinterest, Inc.",NYSE,nasdaq_trader,2026-09-18T10:45:30.194Z,2026-09-18T10:45:30.194Z
PIPR,Piper Sandler Companies,NYSE,nasdaq_trader,2026-09-18T10:45:30.194Z,2026-09-18T10:45:30.194Z
PJT,PJT Partners Inc.,NYSE,nasdaq_trader,2026-09-18T10:45:30.194Z,2026-09-18T10:45:30.194Z
PK,Park Hotels & Resorts Inc.,NYSE,nasdaq_trader,2026-09-18T10:45:30.194Z,2026-09-18T10:45:30.194Z
PKBK,"Parke Bancorp, Inc.",NASDAQ,nasdaq_trader,2026-09-18T10:45:30.194Z,2026-09-18T10:45:30.194Z
PKE,Park Aerospace Corp.,NYSE,nasdaq_trader,2026-09-18T10:45:30.194Z,2026-09-18T10:45:30.194Z
PKG,Packaging Corporation of America,NYSE,nasdaq_trader,2026-09-18T10:45:30.194Z,2026-09-18T10:45:30.194Z
PKOH,Park-Ohio Holdings Corp.,NASDAQ,nasdaq_trader,2026-09-18T10:45:30.194Z,2026-09-18T10:45:30.194Z
PKTEF,Parkit Enterprise Inc.,OTC,excel_import,2026-09-18T09:57:12.863Z,2026-09-18T09:57:12.863Z
PKX,POSCO HOLDINGS INC.,NYSE,nasdaq_trader,2026-09-18T10:45:30.194Z,2026-09-18T10:45:30.194Z
PL,Planet Labs PBC,NYSE,nasdaq_trader,2026-09-18T10:45:30.194Z,2026-09-18T10:45:30.194Z
PLAB,"Photronics, Inc.",NASDAQ,nasdaq_trader,2026-09-18T10:45:30.194Z,2026-09-18T10:45:30.194Z
PLAG,Planet Green Holdings Corp.,AMEX,nasdaq_trader,2026-09-18T10:45:30.194Z,2026-09-18T10:45:30.194Z
PLAY,"Dave & Buster's Entertainment, Inc.",NASDAQ,nasdaq_trader,2026-09-18T10:45:30.194Z,2026-09-18T10:45:30.194Z
PLBC,Plumas Bancorp,NASDAQ,nasdaq_trader,2026-09-18T10:45:30.194Z,2026-09-18T10:45:30.194Z
PLBL,Polibeli Group Ltd,NASDAQ,nasdaq_trader,2026-09-18T10:45:30.194Z,2026-09-18T10:45:30.194Z
PLBY,"Playboy, Inc.",NASDAQ,nasdaq_trader,2026-09-18T10:45:30.194Z,2026-09-18T10:45:30.194Z
PLCE,"Children's Place, Inc. (The)",NASDAQ,nasdaq_trader,2026-09-18T10:45:30.194Z,2026-09-18T10:45:30.194Z
PLCI,Pelican Acquisition II Corporation,NASDAQ,nasdaq_trader,2026-09-18T10:45:30.194Z,2026-09-18T10:45:30.194Z
PLCIR,Pelican Acquisition II Corporation,NASDAQ,nasdaq_trader,2026-09-18T10:45:30.194Z,2026-09-18T10:45:30.194Z
PLCIU,Pelican Acquisition II Corporation,NASDAQ,nasdaq_trader,2026-09-18T10:45:30.194Z,2026-09-18T10:45:30.194Z
PLD,"Prologis, Inc.",NYSE,nasdaq_trader,2026-09-18T10:45:30.194Z,2026-09-18T10:45:30.194Z
PLG,Platinum Group Metals Ltd.,AMEX,nasdaq_trader,2026-09-18T10:45:30.194Z,2026-09-22T07:18:59.483Z
PLGO,Pelagos Insurance Capital Limit,NYSE,excel_import,2026-09-18T09:57:12.863Z,2026-09-22T07:18:58.907Z
PLMK,Plum Acquisition Corp. IV,NASDAQ,nasdaq_trader,2026-09-18T10:45:30.194Z,2026-09-18T10:45:30.194Z
PLMKU,Plum Acquisition Corp. IV,NASDAQ,nasdaq_trader,2026-09-18T10:45:30.194Z,2026-09-18T10:45:30.194Z
PLMKW,Plum Acquisition Corp. IV,NASDAQ,nasdaq_trader,2026-09-18T10:45:30.194Z,2026-09-18T10:45:30.194Z
PLMR,"Palomar Holdings, Inc.",NASDAQ,nasdaq_trader,2026-09-18T10:45:30.194Z,2026-09-18T10:45:30.194Z
PLNT,"Planet Fitness, Inc.",NYSE,nasdaq_trader,2026-09-18T10:45:30.194Z,2026-09-18T10:45:30.194Z
PLOW,"Douglas Dynamics, Inc.",NYSE,nasdaq_trader,2026-09-18T10:45:30.194Z,2026-09-18T10:45:30.194Z
PLPC,Preformed Line Products Company,NASDAQ,nasdaq_trader,2026-09-18T10:45:30.194Z,2026-09-18T10:45:30.194Z
PLRX,"Pliant Therapeutics, Inc.",NASDAQ,nasdaq_trader,2026-09-18T10:45:30.194Z,2026-09-18T10:45:30.194Z
PLRZ,Polyrizon Ltd.,NASDAQ,nasdaq_trader,2026-09-18T10:45:30.194Z,2026-09-18T10:45:30.194Z
PLSE,"Pulse Biosciences, Inc",NASDAQ,nasdaq_trader,2026-09-18T10:45:30.194Z,2026-09-18T10:45:30.194Z
PLSM,Pulsenmore Ltd.,NASDAQ,nasdaq_trader,2026-09-18T10:45:30.194Z,2026-09-18T10:45:30.194Z
PLTK,Playtika Holding Corp.,NASDAQ,nasdaq_trader,2026-09-18T10:45:30.194Z,2026-09-18T10:45:30.194Z
PLTR,Palantir Technologies Inc.,NASDAQ,nasdaq_trader,2026-09-18T10:45:30.194Z,2026-09-18T10:45:30.194Z
PLTS,Platinum Analytics Cayman Limited,NASDAQ,nasdaq_trader,2026-09-18T10:45:30.194Z,2026-09-18T10:45:30.194Z
PLUG,"Plug Power, Inc.",NASDAQ,nasdaq_trader,2026-09-18T10:45:30.194Z,2026-09-18T10:45:30.194Z
PLUN,Plutonian Acquisition Corp II,NYSE,nasdaq_trader,2026-09-18T10:45:30.194Z,2026-09-18T10:45:30.194Z
PLUN.R,Plutonian Acquisition Corp II,NYSE,nasdaq_trader,2026-09-18T10:45:30.194Z,2026-09-18T10:45:30.194Z
PLUN.U,Plutonian Acquisition Corp II,NYSE,nasdaq_trader,2026-09-18T10:45:30.194Z,2026-09-18T10:45:30.194Z
PLUR,Pluri Inc.,NASDAQ,nasdaq_trader,2026-09-18T10:45:30.194Z,2026-09-18T10:45:30.194Z
PLUS,ePlus inc.,NASDAQ,nasdaq_trader,2026-09-18T10:45:30.194Z,2026-09-18T10:45:30.194Z
PLUT,Plutus Financial Group Limited,NASDAQ,nasdaq_trader,2026-09-18T10:45:30.194Z,2026-09-18T10:45:30.194Z
PLX,"Protalix BioTherapeutics, Inc.",AMEX,nasdaq_trader,2026-09-18T10:45:30.194Z,2026-09-22T07:18:59.485Z
PLXS,Plexus Corp.,NASDAQ,nasdaq_trader,2026-09-18T10:45:30.194Z,2026-09-18T10:45:30.194Z
PLYX,"Polaryx Therapeutics, Inc.",NASDAQ,nasdaq_trader,2026-09-18T10:45:30.194Z,2026-09-18T10:45:30.194Z
PM,Philip Morris International Inc,NYSE,nasdaq_trader,2026-09-18T10:45:30.194Z,2026-09-18T10:45:30.194Z
PMA,PMA Graphene Technology Group Inc.,NASDAQ,nasdaq_trader,2026-09-18T10:45:30.194Z,2026-09-18T10:45:30.194Z
PMAX,Powell Max Limited,NASDAQ,nasdaq_trader,2026-09-18T10:45:30.194Z,2026-09-18T10:45:30.194Z
PMCB,"PharmaCyte  Biotech, Inc.",NASDAQ,nasdaq_trader,2026-09-18T10:45:30.194Z,2026-09-18T10:45:30.194Z
PMEC,Primech Holdings Ltd.,NASDAQ,nasdaq_trader,2026-09-18T10:45:30.194Z,2026-09-18T10:45:30.194Z
PMI,"Picard Medical, Inc.",AMEX,excel_import,2026-09-18T09:57:12.863Z,2026-09-22T07:18:58.875Z
PML,Pimco Municipal Income Fund II,NYSE,nasdaq_trader,2026-09-18T10:45:30.194Z,2026-09-18T10:45:30.194Z
PMM,Franklin Managed Municipal Income Trust,NYSE,nasdaq_trader,2026-09-18T10:45:30.194Z,2026-09-18T10:45:30.194Z
PMN,ProMIS Neurosciences Inc.,NASDAQ,nasdaq_trader,2026-09-18T10:45:30.194Z,2026-09-18T10:45:30.194Z
PMO,Franklin Municipal Opportunities Trust,NYSE,nasdaq_trader,2026-09-18T10:45:30.194Z,2026-09-18T10:45:30.194Z
PMREF,Primaris Real Estate Investment Trust,OTC,excel_import,2026-09-18T09:57:12.863Z,2026-09-18T09:57:12.863Z
PMT,PennyMac Mortgage Investment Trust,NYSE,nasdaq_trader,2026-09-18T10:45:30.194Z,2026-09-18T10:45:30.194Z
PMTR,Perimeter Acquisition Corp. I,NASDAQ,nasdaq_trader,2026-09-18T10:45:30.194Z,2026-09-18T10:45:30.194Z
PMTRU,Perimeter Acquisition Corp. I,NASDAQ,nasdaq_trader,2026-09-18T10:45:30.194Z,2026-09-18T10:45:30.194Z
PMTRW,Perimeter Acquisition Corp. I,NASDAQ,nasdaq_trader,2026-09-18T10:45:30.194Z,2026-09-18T10:45:30.194Z
PMTS,CPI Card Group Inc.,NASDAQ,nasdaq_trader,2026-09-18T10:45:30.194Z,2026-09-18T10:45:30.194Z
PMTU,PennyMac Mortgage Investment Tr,NYSE,nasdaq_trader,2026-09-18T10:45:30.194Z,2026-09-22T07:18:59.487Z
PMTV,PennyMac Mortgage Investment Tr,NYSE,nasdaq_trader,2026-09-18T10:45:30.194Z,2026-09-22T07:18:59.490Z
PMTW,PennyMac Mortgage Investment Trust,NYSE,nasdaq_trader,2026-09-18T10:45:30.194Z,2026-09-18T10:45:30.194Z
PMVP,"PMV Pharmaceuticals, Inc.",NASDAQ,nasdaq_trader,2026-09-18T10:45:30.194Z,2026-09-18T10:45:30.194Z
PN,PN Smart Energy Limited,NASDAQ,nasdaq_trader,2026-09-18T10:45:30.194Z,2026-09-18T10:45:30.194Z
PNAQ.U,Pinnacle Acquisition Corporation,NYSE,nasdaq_trader,2026-09-18T10:45:30.194Z,2026-09-18T10:45:30.194Z
PNBK,Patriot National Bancorp Inc.,NASDAQ,nasdaq_trader,2026-09-18T10:45:30.194Z,2026-09-18T10:45:30.194Z
PNC,"PNC Financial Services Group, Inc. (The)",NYSE,nasdaq_trader,2026-09-18T10:45:30.194Z,2026-09-18T10:45:30.194Z
PNFP,"Pinnacle Financial Partners, Inc.",NYSE,nasdaq_trader,2026-09-18T10:45:30.194Z,2026-09-18T10:45:30.194Z
PNI,Pimco New York Municipal Income Fund II,NYSE,nasdaq_trader,2026-09-18T10:45:30.194Z,2026-09-18T10:45:30.194Z
PNNT,PennantPark Investment Corporation,NYSE,nasdaq_trader,2026-09-18T10:45:30.194Z,2026-09-18T10:45:30.194Z
PNR,Pentair plc.,NYSE,nasdaq_trader,2026-09-18T10:45:30.194Z,2026-09-18T10:45:30.194Z
PNRG,PrimeEnergy Resources Corporation,NASDAQ,nasdaq_trader,2026-09-18T10:45:30.194Z,2026-09-18T10:45:30.194Z
PNTG,"The Pennant Group, Inc.",NASDAQ,nasdaq_trader,2026-09-18T10:45:30.194Z,2026-09-18T10:45:30.194Z
PNW,Pinnacle West Capital Corporation,NYSE,nasdaq_trader,2026-09-18T10:45:30.194Z,2026-09-18T10:45:30.194Z
POAS,Phaos Technology Holdings (Caym,AMEX,nasdaq_trader,2026-09-18T10:45:30.194Z,2026-09-22T07:18:59.492Z
POCI,"Precision Optics Corporation, Inc.",NASDAQ,nasdaq_trader,2026-09-18T10:45:30.194Z,2026-09-18T10:45:30.194Z
PODC,"PodcastOne, Inc.",NASDAQ,nasdaq_trader,2026-09-18T10:45:30.194Z,2026-09-18T10:45:30.194Z
PODD,Insulet Corporation,NASDAQ,nasdaq_trader,2026-09-18T10:45:30.194Z,2026-09-18T10:45:30.194Z
POET,POET Technologies Inc.,NASDAQ,nasdaq_trader,2026-09-18T10:45:30.194Z,2026-09-18T10:45:30.194Z
POLA,"Polar Power, Inc.",NASDAQ,nasdaq_trader,2026-09-18T10:45:30.194Z,2026-09-18T10:45:30.194Z
POLE,Andretti Acquisition Corp. II,NASDAQ,nasdaq_trader,2026-09-18T10:45:30.194Z,2026-09-18T10:45:30.194Z
POLEU,Andretti Acquisition Corp. II,NASDAQ,nasdaq_trader,2026-09-18T10:45:30.194Z,2026-09-18T10:45:30.194Z
POLEW,Andretti Acquisition Corp. II,NASDAQ,nasdaq_trader,2026-09-18T10:45:30.194Z,2026-09-18T10:45:30.194Z
POM,Pomdoctor Limited,NASDAQ,excel_import,2026-09-18T09:57:12.863Z,2026-09-18T09:57:12.863Z
PONO,"Pono Capital Four, Inc.",NASDAQ,nasdaq_trader,2026-09-18T10:45:30.194Z,2026-09-18T10:45:30.194Z
PONOR,"Pono Capital Four, Inc.",NASDAQ,nasdaq_trader,2026-09-18T10:45:30.194Z,2026-09-18T10:45:30.194Z
PONOU,"Pono Capital Four, Inc.",NASDAQ,nasdaq_trader,2026-09-18T10:45:30.194Z,2026-09-18T10:45:30.194Z
PONY,Pony AI Inc.,NASDAQ,nasdaq_trader,2026-09-18T10:45:30.194Z,2026-09-18T10:45:30.194Z
POOL,Pool Corporation,NASDAQ,nasdaq_trader,2026-09-18T10:45:30.194Z,2026-09-18T10:45:30.194Z
POR,Portland General Electric Co,NYSE,nasdaq_trader,2026-09-18T10:45:30.194Z,2026-09-18T10:45:30.194Z
POST,"Post Holdings, Inc.",NYSE,nasdaq_trader,2026-09-18T10:45:30.194Z,2026-09-18T10:45:30.194Z
POWI,"Power Integrations, Inc.",NASDAQ,nasdaq_trader,2026-09-18T10:45:30.194Z,2026-09-18T10:45:30.194Z
POWL,"Powell Industries, Inc.",NASDAQ,nasdaq_trader,2026-09-18T10:45:30.194Z,2026-09-18T10:45:30.194Z
POWW,Outdoor Holding Company,NASDAQ,nasdaq_trader,2026-09-18T10:45:30.194Z,2026-09-18T10:45:30.194Z
POWWP,Outdoor Holding Company,NASDAQ,nasdaq_trader,2026-09-18T10:45:30.194Z,2026-09-18T10:45:30.194Z
PPBT,Purple Biotech Ltd.,NASDAQ,nasdaq_trader,2026-09-18T10:45:30.194Z,2026-09-18T10:45:30.194Z
PPC,Pilgrim's Pride Corporation,NASDAQ,nasdaq_trader,2026-09-18T10:45:30.194Z,2026-09-18T10:45:30.194Z
PPCB,"Propanc Biopharma, Inc.",NASDAQ,nasdaq_trader,2026-09-18T10:45:30.194Z,2026-09-18T10:45:30.194Z
PPG,"PPG Industries, Inc.",NYSE,nasdaq_trader,2026-09-18T10:45:30.194Z,2026-09-18T10:45:30.194Z
PPHC,"Public Policy Holding Company, Inc.",NASDAQ,nasdaq_trader,2026-09-18T10:45:30.194Z,2026-09-18T10:45:30.194Z
PPIH,"Perma-Pipe International Holdings, Inc.",NASDAQ,nasdaq_trader,2026-09-18T10:45:30.194Z,2026-09-18T10:45:30.194Z
PPL,PPL Corporation,NYSE,nasdaq_trader,2026-09-18T10:45:30.194Z,2026-09-18T10:45:30.194Z
PPLC,PPL Corporation,NYSE,nasdaq_trader,2026-09-18T10:45:30.194Z,2026-09-22T07:18:59.494Z
PPLI,People Incorporated,NASDAQ,nasdaq_trader,2026-09-18T10:45:30.194Z,2026-09-18T10:45:30.194Z
PPSI,"Pioneer Power Solutions, Inc.",NASDAQ,nasdaq_trader,2026-09-18T10:45:30.194Z,2026-09-18T10:45:30.194Z
PPT,Franklin Premier Income Trust,NYSE,nasdaq_trader,2026-09-18T10:45:30.194Z,2026-09-18T10:45:30.194Z
PPTA,Perpetua Resources Corp.,NASDAQ,nasdaq_trader,2026-09-18T10:45:30.194Z,2026-09-18T10:45:30.194Z
PR,Permian Resources Corporation,NYSE,nasdaq_trader,2026-09-18T10:45:30.194Z,2026-09-18T10:45:30.194Z
PRAA,"PRA Group, Inc.",NASDAQ,nasdaq_trader,2026-09-18T10:45:30.194Z,2026-09-18T10:45:30.194Z
PRAX,"Praxis Precision Medicines, Inc.",NASDAQ,nasdaq_trader,2026-09-18T10:45:30.194Z,2026-09-18T10:45:30.194Z
PRCH,"Porch Group, Inc.",NASDAQ,nasdaq_trader,2026-09-18T10:45:30.194Z,2026-09-18T10:45:30.194Z
PRCT,PROCEPT BioRobotics Corporation,NASDAQ,nasdaq_trader,2026-09-18T10:45:30.194Z,2026-09-18T10:45:30.194Z
PRDO,Perdoceo Education Corporation,NASDAQ,nasdaq_trader,2026-09-18T10:45:30.194Z,2026-09-18T10:45:30.194Z
PRE,Prenetics Global Limited,NASDAQ,nasdaq_trader,2026-09-18T10:45:30.194Z,2026-09-18T10:45:30.194Z
PREJF,PartnerRe Ltd.,OTC,excel_import,2026-09-18T09:57:12.863Z,2026-09-18T09:57:12.863Z
PRENW,Prenetics Global Limited,NASDAQ,nasdaq_trader,2026-09-18T10:45:30.194Z,2026-09-18T10:45:30.194Z
PRFX,PRF Technologies Ltd.,NASDAQ,nasdaq_trader,2026-09-18T10:45:30.194Z,2026-09-18T10:45:30.194Z
PRG,"PROG Holdings, Inc.",NYSE,nasdaq_trader,2026-09-18T10:45:30.194Z,2026-09-18T10:45:30.194Z
PRGO,Perrigo Company plc,NYSE,nasdaq_trader,2026-09-18T10:45:30.194Z,2026-09-18T10:45:30.194Z
PRGS,Progress Software Corporation,NASDAQ,nasdaq_trader,2026-09-18T10:45:30.194Z,2026-09-18T10:45:30.194Z
PRH,"Prudential Financial, Inc. JR SUB NT 53",NYSE,nasdaq_trader,2026-09-18T10:45:30.194Z,2026-09-22T07:18:59.495Z
PRHI,"Presurance Holdings, Inc.",NASDAQ,excel_import,2026-09-18T09:57:12.863Z,2026-09-18T09:57:12.863Z
PRHIZ,"Presurance Holdings, Inc.",NASDAQ,nasdaq_trader,2026-09-18T10:45:30.194Z,2026-09-18T10:45:30.194Z
PRI,"Primerica, Inc.",NYSE,nasdaq_trader,2026-09-18T10:45:30.194Z,2026-09-18T10:45:30.194Z
PRIM,Primoris Services Corporation,NYSE,nasdaq_trader,2026-09-18T10:45:30.194Z,2026-09-18T10:45:30.194Z
PRK,Park National Corporation,AMEX,nasdaq_trader,2026-09-18T10:45:30.194Z,2026-09-18T10:45:30.194Z
PRKS,United Parks & Resorts Inc.,NYSE,nasdaq_trader,2026-09-18T10:45:30.194Z,2026-09-18T10:45:30.194Z
PRLB,"Proto Labs, Inc.",NYSE,nasdaq_trader,2026-09-18T10:45:30.194Z,2026-09-18T10:45:30.194Z
PRLD,Prelude Therapeutics Incorporated,NASDAQ,nasdaq_trader,2026-09-18T10:45:30.194Z,2026-09-18T10:45:30.194Z
PRM,"Perimeter Solutions, Inc.",NYSE,nasdaq_trader,2026-09-18T10:45:30.194Z,2026-09-22T07:18:59.497Z
PRMB,Primo Brands Corporation,NYSE,nasdaq_trader,2026-09-18T10:45:30.194Z,2026-09-18T10:45:30.194Z
PRME,"Prime Medicine, Inc.",NASDAQ,nasdaq_trader,2026-09-18T10:45:30.194Z,2026-09-18T10:45:30.194Z
PROF,Profound Medical Corp.,NASDAQ,nasdaq_trader,2026-09-18T10:45:30.194Z,2026-09-18T10:45:30.194Z
PROK,ProKidney Corp.,NASDAQ,nasdaq_trader,2026-09-18T10:45:30.194Z,2026-09-18T10:45:30.194Z
PROP,Prairie Operating Co.,NASDAQ,nasdaq_trader,2026-09-18T10:45:30.194Z,2026-09-18T10:45:30.194Z
PROV,"Provident Financial Holdings, Inc.",NASDAQ,nasdaq_trader,2026-09-18T10:45:30.194Z,2026-09-18T10:45:30.194Z
PRPL,"Purple Innovation, Inc.",NASDAQ,nasdaq_trader,2026-09-18T10:45:30.194Z,2026-09-18T10:45:30.194Z
PRPO,"Precipio, Inc.",NASDAQ,nasdaq_trader,2026-09-18T10:45:30.194Z,2026-09-18T10:45:30.194Z
PRQR,ProQR Therapeutics N.V.,NASDAQ,nasdaq_trader,2026-09-18T10:45:30.194Z,2026-09-18T10:45:30.194Z
PRS,"Prudential Financial, Inc. 5.62",NYSE,nasdaq_trader,2026-09-18T10:45:30.194Z,2026-09-22T07:18:59.500Z
PRSO,Peraso Inc.,NASDAQ,nasdaq_trader,2026-09-18T10:45:30.194Z,2026-09-18T10:45:30.194Z
PRSU,"Pursuit Attractions and Hospitality, Inc.",NYSE,nasdaq_trader,2026-09-18T10:45:30.194Z,2026-09-18T10:45:30.194Z
PRT,PermRock Royalty Trust,NYSE,nasdaq_trader,2026-09-18T10:45:30.194Z,2026-09-18T10:45:30.194Z
PRTA,Prothena Corporation plc,NASDAQ,nasdaq_trader,2026-09-18T10:45:30.194Z,2026-09-18T10:45:30.194Z
PRTH,"Priority Technology Holdings, Inc.",NASDAQ,nasdaq_trader,2026-09-18T10:45:30.194Z,2026-09-18T10:45:30.194Z
PRTS,"CarParts.com, Inc.",NASDAQ,nasdaq_trader,2026-09-18T10:45:30.194Z,2026-09-18T10:45:30.194Z
PRU,"Prudential Financial, Inc.",NYSE,nasdaq_trader,2026-09-18T10:45:30.194Z,2026-09-18T10:45:30.194Z
PRVA,"Privia Health Group, Inc.",NASDAQ,nasdaq_trader,2026-09-18T10:45:30.194Z,2026-09-18T10:45:30.194Z
PRVFF,Pro Real Estate Investment Trust,OTC,excel_import,2026-09-18T09:57:12.863Z,2026-09-18T09:57:12.863Z
PRZO,ParaZero Technologies Ltd.,NASDAQ,nasdaq_trader,2026-09-18T10:45:30.194Z,2026-09-18T10:45:30.194Z
PS,Pershing Square Inc.,NYSE,nasdaq_trader,2026-09-18T10:45:30.194Z,2026-09-18T10:45:30.194Z
PSA,Public Storage,NYSE,nasdaq_trader,2026-09-18T10:45:30.194Z,2026-09-18T10:45:30.194Z
PSBD,Palmer Square Capital BDC Inc.,NYSE,nasdaq_trader,2026-09-18T10:45:30.194Z,2026-09-18T10:45:30.194Z
PSDMF,Gaming Realms plc,OTC,excel_import,2026-09-18T09:57:12.863Z,2026-09-18T09:57:12.863Z
PSEC,Prospect Capital Corporation,NASDAQ,nasdaq_trader,2026-09-18T10:45:30.194Z,2026-09-18T10:45:30.194Z
PSF,"Cohen & Steers Select Preferred and Income Fund, Inc.",NYSE,nasdaq_trader,2026-09-18T10:45:30.194Z,2026-09-18T10:45:30.194Z
PSFE,Paysafe Limited Common Shares,NYSE,nasdaq_trader,2026-09-18T10:45:30.194Z,2026-09-18T10:45:30.194Z
PSHG,Performance Shipping Inc.,NASDAQ,nasdaq_trader,2026-09-18T10:45:30.194Z,2026-09-18T10:45:30.194Z
PSIG,PS International Group Ltd.,NASDAQ,nasdaq_trader,2026-09-18T10:45:30.194Z,2026-09-18T10:45:30.194Z
PSIX,"Power Solutions International, Inc.",NASDAQ,nasdaq_trader,2026-09-18T10:45:30.194Z,2026-09-18T10:45:30.194Z
PSKY,Paramount Skydance Corporation,NASDAQ,nasdaq_trader,2026-09-18T10:45:30.194Z,2026-09-18T10:45:30.194Z
PSMT,"PriceSmart, Inc.",NASDAQ,nasdaq_trader,2026-09-18T10:45:30.194Z,2026-09-18T10:45:30.194Z
PSN,Parsons Corporation,NYSE,nasdaq_trader,2026-09-18T10:45:30.194Z,2026-09-18T10:45:30.194Z
PSNL,"Personalis, Inc.",NASDAQ,nasdaq_trader,2026-09-18T10:45:30.194Z,2026-09-18T10:45:30.194Z
PSNY,Polestar Automotive Holding UK Limited,NASDAQ,nasdaq_trader,2026-09-18T10:45:30.194Z,2026-09-18T10:45:30.194Z
PSNYW,Polestar Automotive Holding UK Limited,NASDAQ,nasdaq_trader,2026-09-18T10:45:30.194Z,2026-09-18T10:45:30.194Z
PSO,"Pearson, Plc",NYSE,nasdaq_trader,2026-09-18T10:45:30.194Z,2026-09-18T10:45:30.194Z
PSQH,"PSQ Holdings, Inc.",NYSE,nasdaq_trader,2026-09-18T10:45:30.194Z,2026-09-18T10:45:30.194Z
PSQH.W,"PSQ Holdings, Inc.",NYSE,nasdaq_trader,2026-09-18T10:45:30.194Z,2026-09-18T10:45:30.194Z
PSQL,Pasqal Holding SA,NASDAQ,nasdaq_trader,2026-09-18T10:45:30.194Z,2026-09-18T10:45:30.194Z
PSQLW,Pasqal Holding SA,NASDAQ,nasdaq_trader,2026-09-18T10:45:30.194Z,2026-09-18T10:45:30.194Z
PSSOF,PesoRama Inc.,OTC,manual,2026-09-18T09:04:42.660Z,2026-09-18T09:04:48.664Z
PSTL,"Postal Realty Trust, Inc.",NYSE,nasdaq_trader,2026-09-18T10:45:30.194Z,2026-09-18T10:45:30.194Z
PSUS,"Pershing Square USA, Ltd. Common Shares",NYSE,nasdaq_trader,2026-09-18T10:45:30.194Z,2026-09-18T10:45:30.194Z
PSX,Phillips 66,NYSE,nasdaq_trader,2026-09-18T10:45:30.194Z,2026-09-18T10:45:30.194Z
PTA,Cohen & Steers Tax-Advantaged Preferred Securities and Income Fund,NYSE,nasdaq_trader,2026-09-18T10:45:30.194Z,2026-09-18T10:45:30.194Z
PTAC,Patriot Acquisition Corp.,NASDAQ,nasdaq_trader,2026-09-18T10:45:30.194Z,2026-09-18T10:45:30.194Z
PTACU,Patriot Acquisition Corp.,NASDAQ,nasdaq_trader,2026-09-18T10:45:30.194Z,2026-09-18T10:45:30.194Z
PTACW,Patriot Acquisition Corp.,NASDAQ,nasdaq_trader,2026-09-18T10:45:30.194Z,2026-09-18T10:45:30.194Z
PTC,PTC Inc.,NASDAQ,nasdaq_trader,2026-09-18T10:45:30.194Z,2026-09-18T10:45:30.194Z
PTCT,"PTC Therapeutics, Inc.",NASDAQ,nasdaq_trader,2026-09-18T10:45:30.194Z,2026-09-18T10:45:30.194Z
PTEFF,Pioneering Technology Corp.,OTC,excel_import,2026-09-18T09:57:12.863Z,2026-09-18T09:57:12.863Z
PTEN,"Patterson-UTI Energy, Inc.",NASDAQ,nasdaq_trader,2026-09-18T10:45:30.194Z,2026-09-18T10:45:30.194Z
PTGX,"Protagonist Therapeutics, Inc.",NASDAQ,nasdaq_trader,2026-09-18T10:45:30.194Z,2026-09-18T10:45:30.194Z
PTHS,Pelthos Therapeutics Inc.,AMEX,nasdaq_trader,2026-09-18T10:45:30.194Z,2026-09-18T10:45:30.194Z
PTKN,Primior Holdings Inc.,OTC,excel_import,2026-09-18T09:57:12.863Z,2026-09-18T09:57:12.863Z
PTLE,PTL LTD,NASDAQ,nasdaq_trader,2026-09-18T10:45:30.194Z,2026-09-18T10:45:30.194Z
PTLO,Portillo's Inc.,NASDAQ,nasdaq_trader,2026-09-18T10:45:30.194Z,2026-09-18T10:45:30.194Z
PTN,"Palatin Technologies, Inc.",NASDAQ,nasdaq_trader,2026-09-18T10:45:30.194Z,2026-09-18T10:45:30.194Z
PTON,"Peloton Interactive, Inc.",NASDAQ,nasdaq_trader,2026-09-18T10:45:30.194Z,2026-09-18T10:45:30.194Z
PTOR,Praetorian Acquisition Corp.,NASDAQ,nasdaq_trader,2026-09-18T10:45:30.194Z,2026-09-18T10:45:30.194Z
PTORU,Praetorian Acquisition Corp.,NASDAQ,nasdaq_trader,2026-09-18T10:45:30.194Z,2026-09-18T10:45:30.194Z
PTORW,Praetorian Acquisition Corp.,NASDAQ,nasdaq_trader,2026-09-18T10:45:30.194Z,2026-09-18T10:45:30.194Z
PTRN,Pattern Group Inc.,NASDAQ,excel_import,2026-09-18T09:57:12.863Z,2026-09-18T09:57:12.863Z
PTY,Pimco Corporate & Income Opportunity Fund,NYSE,nasdaq_trader,2026-09-18T10:45:30.194Z,2026-09-18T10:45:30.194Z
PUBM,"PubMatic, Inc.",NASDAQ,nasdaq_trader,2026-09-18T10:45:30.194Z,2026-09-18T10:45:30.194Z
PUK,Prudential plc,NYSE,nasdaq_trader,2026-09-18T10:45:30.194Z,2026-09-22T07:18:59.501Z
PULM,"Pulmatrix, Inc.",NASDAQ,nasdaq_trader,2026-09-18T10:45:30.194Z,2026-09-18T10:45:30.194Z
PUMP,ProPetro Holding Corp.,NYSE,nasdaq_trader,2026-09-18T10:45:30.194Z,2026-09-18T10:45:30.194Z
PURR,Hyperliquid Strategies Inc,NASDAQ,nasdaq_trader,2026-09-18T10:45:30.194Z,2026-09-18T10:45:30.194Z
PUSA,Aureus Greenway Holdings Inc.,NASDAQ,nasdaq_trader,2026-09-18T10:45:30.194Z,2026-09-18T10:45:30.194Z
PVH,PVH Corp.,NYSE,nasdaq_trader,2026-09-18T10:45:30.194Z,2026-09-18T10:45:30.194Z
PVL,Permianville Royalty Trust,NYSE,nasdaq_trader,2026-09-18T10:45:30.194Z,2026-09-18T10:45:30.194Z
PVLA,"Palvella Therapeutics, Inc.",NASDAQ,nasdaq_trader,2026-09-18T10:45:30.194Z,2026-09-18T10:45:30.194Z
PVTRF,Pivotree Inc.,OTC,excel_import,2026-09-18T09:57:12.863Z,2026-09-18T09:57:12.863Z
PW,Power REIT,AMEX,nasdaq_trader,2026-09-18T10:45:30.194Z,2026-09-22T07:18:59.503Z
PWCM,"PowerCompute, Inc.",NASDAQ,nasdaq_trader,2026-09-18T10:45:30.194Z,2026-09-18T10:45:30.194Z
PWP,Perella Weinberg Partners,NASDAQ,nasdaq_trader,2026-09-18T10:45:30.194Z,2026-09-18T10:45:30.194Z
PWR,"Quanta Services, Inc.",NYSE,nasdaq_trader,2026-09-18T10:45:30.194Z,2026-09-18T10:45:30.194Z
PWRL,Powerlaw Corp.,NASDAQ,nasdaq_trader,2026-09-18T10:45:30.194Z,2026-09-18T10:45:30.194Z
PXED,"Phoenix Education Partners, Inc.",NYSE,excel_import,2026-09-18T09:57:12.863Z,2026-09-18T09:57:12.863Z
PXLW,"Pixelworks, Inc.",NASDAQ,nasdaq_trader,2026-09-18T10:45:30.194Z,2026-09-18T10:45:30.194Z
PXS,Pyxis Tankers Inc.,NASDAQ,nasdaq_trader,2026-09-18T10:45:30.194Z,2026-09-18T10:45:30.194Z
PXXLF,Poxel S.A.,OTC,excel_import,2026-09-18T09:57:12.863Z,2026-09-18T09:57:12.863Z
PYPD,PolyPid Ltd.,NASDAQ,nasdaq_trader,2026-09-18T10:45:30.194Z,2026-09-18T10:45:30.194Z
PYPL,"PayPal Holdings, Inc.",NASDAQ,nasdaq_trader,2026-09-18T10:45:30.194Z,2026-09-18T10:45:30.194Z
PYRGF,PyroGenesis Inc.,OTC,excel_import,2026-09-18T09:57:12.863Z,2026-09-18T09:57:12.863Z
PYT,PPLUS Trust Series GSC-2 GSC 2 CT FL RT,NYSE,nasdaq_trader,2026-09-18T10:45:30.194Z,2026-09-22T07:18:59.504Z
PYXS,"Pyxis Oncology, Inc.",NASDAQ,nasdaq_trader,2026-09-18T10:45:30.194Z,2026-09-18T10:45:30.194Z
PZG,Paramount Gold Nevada Corp.,AMEX,nasdaq_trader,2026-09-18T10:45:30.194Z,2026-09-18T10:45:30.194Z
PZZA,"Papa John's International, Inc.",NASDAQ,nasdaq_trader,2026-09-18T10:45:30.194Z,2026-09-18T10:45:30.194Z
Q,"Qnity Electronics, Inc.",NYSE,nasdaq_trader,2026-09-18T10:45:30.194Z,2026-09-18T10:45:30.194Z
QADR,QDRO Acquisition Corp.,NASDAQ,nasdaq_trader,2026-09-18T10:45:30.194Z,2026-09-18T10:45:30.194Z
QADRU,QDRO Acquisition Corp.,NASDAQ,nasdaq_trader,2026-09-18T10:45:30.194Z,2026-09-18T10:45:30.194Z
QADRW,QDRO Acquisition Corp.,NASDAQ,nasdaq_trader,2026-09-18T10:45:30.194Z,2026-09-18T10:45:30.194Z
QBTS,D-Wave Quantum Inc.,NASDAQ,nasdaq_trader,2026-09-18T10:45:30.194Z,2026-09-18T10:45:30.194Z
QCLS,"Q/C Technologies, Inc.",NASDAQ,nasdaq_trader,2026-09-18T10:45:30.194Z,2026-09-18T10:45:30.194Z
QCOM,QUALCOMM Incorporated,NASDAQ,nasdaq_trader,2026-09-18T10:45:30.194Z,2026-09-18T10:45:30.194Z
QCRH,"QCR Holdings, Inc.",NASDAQ,nasdaq_trader,2026-09-18T10:45:30.194Z,2026-09-18T10:45:30.194Z
QDEL,QuidelOrtho Corporation,NASDAQ,nasdaq_trader,2026-09-18T10:45:30.194Z,2026-09-18T10:45:30.194Z
QETA,Quetta Acquisition Corporation,NASDAQ,nasdaq_trader,2026-09-18T10:45:30.194Z,2026-09-18T10:45:30.194Z
QETAR,Quetta Acquisition Corporation,NASDAQ,nasdaq_trader,2026-09-18T10:45:30.194Z,2026-09-18T10:45:30.194Z
QETAU,Quetta Acquisition Corporation,NASDAQ,nasdaq_trader,2026-09-18T10:45:30.194Z,2026-09-18T10:45:30.194Z
QFIN,"Qfin Holdings, Inc.",NASDAQ,nasdaq_trader,2026-09-18T10:45:30.194Z,2026-09-18T10:45:30.194Z
QGEN,Qiagen N.V. Common Shares,NYSE,nasdaq_trader,2026-09-18T10:45:30.194Z,2026-09-18T10:45:30.194Z
QH,Quhuo Limited,NASDAQ,nasdaq_trader,2026-09-18T10:45:30.194Z,2026-09-18T10:45:30.194Z
QLEP,Quantum Leap Acquisition Corp,NYSE,nasdaq_trader,2026-09-18T10:45:30.194Z,2026-09-18T10:45:30.194Z
QLEP.W,Quantum Leap Acquisition Corp,NYSE,nasdaq_trader,2026-09-18T10:45:30.194Z,2026-09-18T10:45:30.194Z
QLYS,"Qualys, Inc.",NASDAQ,nasdaq_trader,2026-09-18T10:45:30.194Z,2026-09-18T10:45:30.194Z
QMCO,Quantum Corporation,NASDAQ,nasdaq_trader,2026-09-18T10:45:30.194Z,2026-09-18T10:45:30.194Z
QMLS,"QumulusAI, Inc.",NASDAQ,nasdaq_trader,2026-09-18T10:45:30.194Z,2026-09-18T10:45:30.194Z
QNBC,QNB Corp.,NASDAQ,nasdaq_trader,2026-09-18T10:45:30.194Z,2026-09-18T10:45:30.194Z
QNC,Quantum eMotion Corp. Common Shares,AMEX,nasdaq_trader,2026-09-18T10:45:30.194Z,2026-09-18T10:45:30.194Z
QNCX,"Quince Therapeutics, Inc.",NASDAQ,excel_import,2026-09-18T09:57:12.863Z,2026-09-18T09:57:12.863Z
QNME,Lakeside Holding Limited,NASDAQ,nasdaq_trader,2026-09-18T10:45:30.194Z,2026-09-22T07:18:59.043Z
QNRX,"Quoin Pharmaceuticals, Ltd.",NASDAQ,nasdaq_trader,2026-09-18T10:45:30.194Z,2026-09-18T10:45:30.194Z
QNST,"QuinStreet, Inc.",NASDAQ,nasdaq_trader,2026-09-18T10:45:30.194Z,2026-09-18T10:45:30.194Z
QNT,Quantinuum Inc.,NASDAQ,excel_import,2026-09-18T09:57:12.863Z,2026-09-18T09:57:12.863Z
QNTM,Quantum Biopharma Ltd.,NASDAQ,nasdaq_trader,2026-09-18T10:45:30.194Z,2026-09-18T10:45:30.194Z
QQQX,Nuveen NASDAQ 100 Dynamic Overwrite Fund,NASDAQ,nasdaq_trader,2026-09-18T10:45:30.194Z,2026-09-18T10:45:30.194Z
QRED,QuasarEdge Acquisition Corporation,NYSE,nasdaq_trader,2026-09-18T10:45:30.194Z,2026-09-18T10:45:30.194Z
QRED.R,QuasarEdge Acquisition Corporation,NYSE,nasdaq_trader,2026-09-18T10:45:30.194Z,2026-09-18T10:45:30.194Z
QRED.U,QuasarEdge Acquisition Corporation,NYSE,nasdaq_trader,2026-09-18T10:45:30.194Z,2026-09-18T10:45:30.194Z
QRHC,Quest Resource Holding Corporation,NASDAQ,nasdaq_trader,2026-09-18T10:45:30.194Z,2026-09-18T10:45:30.194Z
QRVO,"Qorvo, Inc.",NASDAQ,nasdaq_trader,2026-09-18T10:45:30.194Z,2026-09-18T10:45:30.194Z
QS,QuantumScape Corporation,NASDAQ,nasdaq_trader,2026-09-18T10:45:30.194Z,2026-09-18T10:45:30.194Z
QSEA,Quartzsea Acquisition Corporati,NASDAQ,nasdaq_trader,2026-09-18T10:45:30.194Z,2026-09-22T07:18:59.045Z
QSEAR,Quartzsea Acquisition Corporation,NASDAQ,nasdaq_trader,2026-09-18T10:45:30.194Z,2026-09-18T10:45:30.194Z
QSEAU,Quartzsea Acquisition Corporation,NASDAQ,nasdaq_trader,2026-09-18T10:45:30.194Z,2026-09-18T10:45:30.194Z
QSI,Quantum-Si Incorporated,NASDAQ,nasdaq_trader,2026-09-18T10:45:30.194Z,2026-09-18T10:45:30.194Z
QSR,Restaurant Brands International Inc. Common Shares,NYSE,nasdaq_trader,2026-09-18T10:45:30.194Z,2026-09-18T10:45:30.194Z
QTEX,QTREX Quantum Ltd.,NASDAQ,nasdaq_trader,2026-09-18T10:45:30.194Z,2026-09-18T10:45:30.194Z
QTI,"QT Imaging Holdings, Inc.",NASDAQ,nasdaq_trader,2026-09-18T10:45:30.194Z,2026-09-18T10:45:30.194Z
QTRX,Quanterix Corporation,NASDAQ,nasdaq_trader,2026-09-18T10:45:30.194Z,2026-09-18T10:45:30.194Z
QTTB,Q32 Bio Inc.,NASDAQ,nasdaq_trader,2026-09-18T10:45:30.194Z,2026-09-18T10:45:30.194Z
QTWO,"Q2 Holdings, Inc.",NYSE,nasdaq_trader,2026-09-18T10:45:30.194Z,2026-09-18T10:45:30.194Z
QUAD,"Quad Graphics, Inc",NYSE,nasdaq_trader,2026-09-18T10:45:30.194Z,2026-09-18T10:45:30.194Z
QUBT,Quantum Computing Inc.,NASDAQ,nasdaq_trader,2026-09-18T10:45:30.194Z,2026-09-18T10:45:30.194Z
QUCY,Quantum Cyber N.V.,NASDAQ,nasdaq_trader,2026-09-18T10:45:30.194Z,2026-09-18T10:45:30.194Z
QUIK,QuickLogic Corporation,NASDAQ,nasdaq_trader,2026-09-18T10:45:30.194Z,2026-09-18T10:45:30.194Z
QUMS,Quantumsphere Acquisition Corp.,NASDAQ,nasdaq_trader,2026-09-18T10:45:30.194Z,2026-09-18T10:45:30.194Z
QUMSR,Quantumsphere Acquisition Corp.,NASDAQ,nasdaq_trader,2026-09-18T10:45:30.194Z,2026-09-18T10:45:30.194Z
QUMSU,Quantumsphere Acquisition Corp.,NASDAQ,nasdaq_trader,2026-09-18T10:45:30.194Z,2026-09-18T10:45:30.194Z
QURE,uniQure N.V.,NASDAQ,nasdaq_trader,2026-09-18T10:45:30.194Z,2026-09-18T10:45:30.194Z
QUTIF,Questor Technology Inc.,OTC,excel_import,2026-09-18T09:57:12.863Z,2026-09-18T09:57:12.863Z
QVCG,"QVC Group, Inc.",NASDAQ,nasdaq_trader,2026-09-18T10:45:30.194Z,2026-09-18T10:45:30.194Z
QXL,Quantum X Labs Inc.,NASDAQ,nasdaq_trader,2026-09-18T10:45:30.194Z,2026-09-18T10:45:30.194Z
QXO,"QXO, Inc.",NYSE,nasdaq_trader,2026-09-18T10:45:30.194Z,2026-09-18T10:45:30.194Z
R,"Ryder System, Inc.",NYSE,nasdaq_trader,2026-09-18T10:45:30.194Z,2026-09-18T10:45:30.194Z
RA,Brookfield Real Assets Income Fund Inc.,NYSE,nasdaq_trader,2026-09-18T10:45:30.194Z,2026-09-18T10:45:30.194Z
RAC,Rithm Acquisition Corp.,NYSE,nasdaq_trader,2026-09-18T10:45:30.194Z,2026-09-18T10:45:30.194Z
RAC.U,Rithm Acquisition Corp.,NYSE,nasdaq_trader,2026-09-18T10:45:30.194Z,2026-09-18T10:45:30.194Z
RAC.W,Rithm Acquisition Corp.,NYSE,nasdaq_trader,2026-09-18T10:45:30.194Z,2026-09-18T10:45:30.194Z
RACC,Research Alliance Corporation III,NASDAQ,nasdaq_trader,2026-09-18T10:45:30.194Z,2026-09-18T10:45:30.194Z
RACD,Research Alliance Corporation IV,NASDAQ,nasdaq_trader,2026-09-18T10:45:30.194Z,2026-09-18T10:45:30.194Z
RACE,Ferrari N.V. Common Shares,NYSE,nasdaq_trader,2026-09-18T10:45:30.194Z,2026-09-18T10:45:30.194Z
RADX,Radiopharm Theranostics Limited,NASDAQ,nasdaq_trader,2026-09-18T10:45:30.194Z,2026-09-18T10:45:30.194Z
RAIL,"Freightcar America, Inc.",NASDAQ,nasdaq_trader,2026-09-18T10:45:30.194Z,2026-09-18T10:45:30.194Z
RAIN,"Rain Enhancement Technologies Holdco, Inc.",NASDAQ,nasdaq_trader,2026-09-18T10:45:30.194Z,2026-09-18T10:45:30.194Z
RAINW,"Rain Enhancement Technologies Holdco, Inc.",NASDAQ,nasdaq_trader,2026-09-18T10:45:30.194Z,2026-09-18T10:45:30.194Z
RAL,Ralliant Corporation,NYSE,excel_import,2026-09-18T09:57:12.863Z,2026-09-18T09:57:12.863Z
RAMP,"LiveRamp Holdings, Inc.",NYSE,nasdaq_trader,2026-09-18T10:45:30.194Z,2026-09-18T10:45:30.194Z
RAND,Rand Capital Corporation,NASDAQ,nasdaq_trader,2026-09-18T10:45:30.194Z,2026-09-18T10:45:30.194Z
RANG,Range Capital Acquisition Corp.,NASDAQ,nasdaq_trader,2026-09-18T10:45:30.194Z,2026-09-18T10:45:30.194Z
RANGR,Range Capital Acquisition Corp.,NASDAQ,nasdaq_trader,2026-09-18T10:45:30.194Z,2026-09-18T10:45:30.194Z
RANGU,Range Capital Acquisition Corp.,NASDAQ,nasdaq_trader,2026-09-18T10:45:30.194Z,2026-09-18T10:45:30.194Z
RANI,"Rani Therapeutics Holdings, Inc.",NASDAQ,nasdaq_trader,2026-09-18T10:45:30.194Z,2026-09-18T10:45:30.194Z
RAPP,"Rapport Therapeutics, Inc.",NASDAQ,nasdaq_trader,2026-09-18T10:45:30.194Z,2026-09-18T10:45:30.194Z
RARE,Ultragenyx Pharmaceutical Inc.,NASDAQ,nasdaq_trader,2026-09-18T10:45:30.194Z,2026-09-18T10:45:30.194Z
RAVE,"Rave Restaurant Group, Inc.",NASDAQ,nasdaq_trader,2026-09-18T10:45:30.194Z,2026-09-18T10:45:30.194Z
RAYA,Erayak Power Solution Group Inc.,NASDAQ,nasdaq_trader,2026-09-18T10:45:30.194Z,2026-09-18T10:45:30.194Z
RBA,"RB Global, Inc.",NYSE,nasdaq_trader,2026-09-18T10:45:30.194Z,2026-09-18T10:45:30.194Z
RBB,RBB Bancorp,NASDAQ,nasdaq_trader,2026-09-18T10:45:30.194Z,2026-09-18T10:45:30.194Z
RBBN,Ribbon Communications Inc.,NASDAQ,nasdaq_trader,2026-09-18T10:45:30.194Z,2026-09-18T10:45:30.194Z
RBC,RBC Bearings Incorporated,NYSE,nasdaq_trader,2026-09-18T10:45:30.194Z,2026-09-18T10:45:30.194Z
RBCAA,"Republic Bancorp, Inc.",NASDAQ,nasdaq_trader,2026-09-18T10:45:30.194Z,2026-09-18T10:45:30.194Z
RBKB,"Rhinebeck Bancorp, Inc.",NASDAQ,nasdaq_trader,2026-09-18T10:45:30.194Z,2026-09-18T10:45:30.194Z
RBLX,Roblox Corporation,NYSE,nasdaq_trader,2026-09-18T10:45:30.194Z,2026-09-18T10:45:30.194Z
RBNE,Robin Energy Ltd.,NASDAQ,excel_import,2026-09-18T09:57:12.863Z,2026-09-18T09:57:12.863Z
RBRK,"Rubrik, Inc.",NYSE,nasdaq_trader,2026-09-18T10:45:30.194Z,2026-09-18T10:45:30.194Z
RC,Ready Capital Corporation,NYSE,nasdaq_trader,2026-09-18T10:45:30.194Z,2026-09-18T10:45:30.194Z
RCAT,"Red Cat Holdings, Inc.",NASDAQ,nasdaq_trader,2026-09-18T10:45:30.194Z,2026-09-18T10:45:30.194Z
RCBC,River City Bank,NASDAQ,nasdaq_trader,2026-09-18T10:45:30.194Z,2026-09-18T10:45:30.194Z
RCD,Invesco S&P 500 Equal Weight Consumer Discretionary ETF,NYSE,nasdaq_trader,2026-09-18T10:45:30.194Z,2026-09-22T07:18:59.506Z
RCEL,"Avita Medical, Inc.",NASDAQ,nasdaq_trader,2026-09-18T10:45:30.194Z,2026-09-18T10:45:30.194Z
RCG,"RENN Fund, Inc",AMEX,nasdaq_trader,2026-09-18T10:45:30.194Z,2026-09-18T10:45:30.194Z
RCI,Rogers Communications Inc.,NYSE,nasdaq_trader,2026-09-18T10:45:30.194Z,2026-09-22T07:18:59.508Z
RCKT,"Rocket Pharmaceuticals, Inc.",NASDAQ,nasdaq_trader,2026-09-18T10:45:30.194Z,2026-09-18T10:45:30.194Z
RCKY,"Rocky Brands, Inc.",NASDAQ,nasdaq_trader,2026-09-18T10:45:30.194Z,2026-09-18T10:45:30.194Z
RCL,Royal Caribbean Cruises Ltd.,NYSE,nasdaq_trader,2026-09-18T10:45:30.194Z,2026-09-18T10:45:30.194Z
RCMT,"RCM Technologies, Inc.",NASDAQ,nasdaq_trader,2026-09-18T10:45:30.194Z,2026-09-18T10:45:30.194Z
RCON,"Recon Technology, Ltd.",NASDAQ,nasdaq_trader,2026-09-18T10:45:30.194Z,2026-09-18T10:45:30.194Z
RCS,"PIMCO Strategic Income Fund, Inc.",NYSE,nasdaq_trader,2026-09-18T10:45:30.194Z,2026-09-18T10:45:30.194Z
RCT,RedCloud Holdings plc,NASDAQ,nasdaq_trader,2026-09-18T10:45:30.194Z,2026-09-18T10:45:30.194Z
RCUS,"Arcus Biosciences, Inc.",NYSE,nasdaq_trader,2026-09-18T10:45:30.194Z,2026-09-18T10:45:30.194Z
RDAC,Rising Dragon Acquisition Corp.,NASDAQ,nasdaq_trader,2026-09-18T10:45:30.194Z,2026-09-18T10:45:30.194Z
RDACR,Rising Dragon Acquisition Corp.,NASDAQ,nasdaq_trader,2026-09-18T10:45:30.194Z,2026-09-18T10:45:30.194Z
RDACU,Rising Dragon Acquisition Corp.,NASDAQ,nasdaq_trader,2026-09-18T10:45:30.194Z,2026-09-18T10:45:30.194Z
RDAG,Republic Digital Acquisition Company,NASDAQ,nasdaq_trader,2026-09-18T10:45:30.194Z,2026-09-18T10:45:30.194Z
RDAGU,Republic Digital Acquisition Company,NASDAQ,nasdaq_trader,2026-09-18T10:45:30.194Z,2026-09-18T10:45:30.194Z
RDAGW,Republic Digital Acquisition Company,NASDAQ,nasdaq_trader,2026-09-18T10:45:30.194Z,2026-09-18T10:45:30.194Z
RDCM,Radcom Ltd.,NASDAQ,nasdaq_trader,2026-09-18T10:45:30.194Z,2026-09-18T10:45:30.194Z
RDDT,"Reddit, Inc.",NYSE,nasdaq_trader,2026-09-18T10:45:30.194Z,2026-09-18T10:45:30.194Z
RDGT,"Ridgetech, Inc.",NASDAQ,nasdaq_trader,2026-09-18T10:45:30.194Z,2026-09-18T10:45:30.194Z
RDHL,Redhill Biopharma Ltd.,NASDAQ,nasdaq_trader,2026-09-18T10:45:30.194Z,2026-09-18T10:45:30.194Z
RDI,Reading International Inc,NASDAQ,nasdaq_trader,2026-09-18T10:45:30.194Z,2026-09-18T10:45:30.194Z
RDIB,Reading International Inc,NASDAQ,nasdaq_trader,2026-09-18T10:45:30.194Z,2026-09-18T10:45:30.194Z
RDN,Radian Group Inc.,NYSE,nasdaq_trader,2026-09-18T10:45:30.194Z,2026-09-18T10:45:30.194Z
RDNT,"RadNet, Inc.",NASDAQ,nasdaq_trader,2026-09-18T10:45:30.194Z,2026-09-18T10:45:30.194Z
RDNW,"RideNow Group, Inc.",NASDAQ,nasdaq_trader,2026-09-18T10:45:30.194Z,2026-09-18T10:45:30.194Z
RDRIF,New Stratus Energy Inc.,OTC,excel_import,2026-09-18T09:57:12.863Z,2026-09-18T09:57:12.863Z
RDVT,"Red Violet, Inc.",NASDAQ,nasdaq_trader,2026-09-18T10:45:30.194Z,2026-09-18T10:45:30.194Z
RDW,Redwire Corporation,NYSE,nasdaq_trader,2026-09-18T10:45:30.194Z,2026-09-18T10:45:30.194Z
RDWR,Radware Ltd.,NASDAQ,nasdaq_trader,2026-09-18T10:45:30.194Z,2026-09-18T10:45:30.194Z
RDY,Dr. Reddy's Laboratories Ltd,NYSE,nasdaq_trader,2026-09-18T10:45:30.194Z,2026-09-18T10:45:30.194Z
RDZN,"Roadzen, Inc.",NASDAQ,nasdaq_trader,2026-09-18T10:45:30.194Z,2026-09-18T10:45:30.194Z
RDZNW,"Roadzen, Inc.",NASDAQ,nasdaq_trader,2026-09-18T10:45:30.194Z,2026-09-18T10:45:30.194Z
REA,"Rare Earths Americas, Inc.",AMEX,nasdaq_trader,2026-09-18T10:45:30.194Z,2026-09-18T10:45:30.194Z
REAL,"The RealReal, Inc.",NASDAQ,nasdaq_trader,2026-09-18T10:45:30.194Z,2026-09-18T10:45:30.194Z
REAX,Real REMAX Group Inc.,NASDAQ,nasdaq_trader,2026-09-18T10:45:30.194Z,2026-09-18T10:45:30.194Z
REBN,"Reborn Coffee, Inc.",NASDAQ,nasdaq_trader,2026-09-18T10:45:30.194Z,2026-09-18T10:45:30.194Z
RECT,Rectitude Holdings Ltd,NASDAQ,nasdaq_trader,2026-09-18T10:45:30.194Z,2026-09-18T10:45:30.194Z
REED,"Reed's, Inc.",AMEX,nasdaq_trader,2026-09-18T10:45:30.194Z,2026-09-18T10:45:30.194Z
REF,Reformation Inc.,NYSE,nasdaq_trader,2026-09-18T10:45:30.194Z,2026-09-18T10:45:30.194Z
REFI,"Chicago Atlantic Real Estate Finance, Inc.",NASDAQ,nasdaq_trader,2026-09-18T10:45:30.194Z,2026-09-18T10:45:30.194Z
REFR,Research Frontiers Incorporated,NASDAQ,nasdaq_trader,2026-09-18T10:45:30.194Z,2026-09-18T10:45:30.194Z
REG,Regency Centers Corporation,NASDAQ,nasdaq_trader,2026-09-18T10:45:30.194Z,2026-09-18T10:45:30.194Z
REGCO,Regency Centers Corporation,NASDAQ,nasdaq_trader,2026-09-18T10:45:30.194Z,2026-09-18T10:45:30.194Z
REGCP,Regency Centers Corporation,NASDAQ,nasdaq_trader,2026-09-18T10:45:30.194Z,2026-09-18T10:45:30.194Z
REGN,"Regeneron Pharmaceuticals, Inc.",NASDAQ,nasdaq_trader,2026-09-18T10:45:30.194Z,2026-09-18T10:45:30.194Z
REI,"Ring Energy, Inc.",AMEX,nasdaq_trader,2026-09-18T10:45:30.194Z,2026-09-18T10:45:30.194Z
REKR,"Rekor Systems, Inc.",NASDAQ,nasdaq_trader,2026-09-18T10:45:30.194Z,2026-09-18T10:45:30.194Z
RELL,"Richardson Electronics, Ltd.",NASDAQ,nasdaq_trader,2026-09-18T10:45:30.194Z,2026-09-18T10:45:30.194Z
RELX,RELX PLC PLC,NYSE,nasdaq_trader,2026-09-18T10:45:30.194Z,2026-09-18T10:45:30.194Z
RELY,"Remitly Global, Inc.",NASDAQ,nasdaq_trader,2026-09-18T10:45:30.194Z,2026-09-18T10:45:30.194Z
RENT,"Rent the Runway, Inc.",NASDAQ,nasdaq_trader,2026-09-18T10:45:30.194Z,2026-09-18T10:45:30.194Z
RENX,RenX Enterprises Corp.,NASDAQ,nasdaq_trader,2026-09-18T10:45:30.194Z,2026-09-18T10:45:30.194Z
REPL,"Replimune Group, Inc.",NASDAQ,nasdaq_trader,2026-09-18T10:45:30.194Z,2026-09-18T10:45:30.194Z
REPX,"Riley Exploration Permian, Inc.",AMEX,nasdaq_trader,2026-09-18T10:45:30.194Z,2026-09-18T10:45:30.194Z
RERE,ATRenew Inc.,NYSE,nasdaq_trader,2026-09-18T10:45:30.194Z,2026-09-18T10:45:30.194Z
RES,"RPC, Inc.",NYSE,nasdaq_trader,2026-09-18T10:45:30.194Z,2026-09-18T10:45:30.194Z
RETO,"ReTo Eco-Solutions, Inc.",NASDAQ,nasdaq_trader,2026-09-18T10:45:30.194Z,2026-09-18T10:45:30.194Z
REVB,"Revelation Biosciences, Inc.",NASDAQ,nasdaq_trader,2026-09-18T10:45:30.194Z,2026-09-18T10:45:30.194Z
REVBW,"Revelation Biosciences, Inc.",NASDAQ,nasdaq_trader,2026-09-18T10:45:30.194Z,2026-09-18T10:45:30.194Z
REVVF,Revolve Renewable Power Corp.,OTC,excel_import,2026-09-18T09:57:12.863Z,2026-09-18T09:57:12.863Z
REX,REX American Resources Corporation,NYSE,nasdaq_trader,2026-09-18T10:45:30.194Z,2026-09-18T10:45:30.194Z
REXR,"Rexford Industrial Realty, Inc.",NYSE,nasdaq_trader,2026-09-18T10:45:30.194Z,2026-09-18T10:45:30.194Z
REYN,Reynolds Consumer Products Inc.,NASDAQ,nasdaq_trader,2026-09-18T10:45:30.194Z,2026-09-18T10:45:30.194Z
REZI,"Resideo Technologies, Inc.",NYSE,nasdaq_trader,2026-09-18T10:45:30.194Z,2026-09-18T10:45:30.194Z
RF,Regions Financial Corporation,NYSE,nasdaq_trader,2026-09-18T10:45:30.194Z,2026-09-18T10:45:30.194Z
RFAFF,RFA Financial Inc.,OTC,excel_import,2026-09-18T09:57:12.863Z,2026-09-18T09:57:12.863Z
RFAI,RF Acquisition Corp II,NASDAQ,nasdaq_trader,2026-09-18T10:45:30.194Z,2026-09-18T10:45:30.194Z
RFAIR,RF Acquisition Corp II,NASDAQ,nasdaq_trader,2026-09-18T10:45:30.194Z,2026-09-18T10:45:30.194Z
RFAIU,RF Acquisition Corp II,NASDAQ,nasdaq_trader,2026-09-18T10:45:30.194Z,2026-09-18T10:45:30.194Z
RFAM,RF Acquisition Corp III,NASDAQ,nasdaq_trader,2026-09-18T10:45:30.194Z,2026-09-18T10:45:30.194Z
RFAMR,RF Acquisition Corp III,NASDAQ,nasdaq_trader,2026-09-18T10:45:30.194Z,2026-09-18T10:45:30.194Z
RFAMU,RF Acquisition Corp III,NASDAQ,nasdaq_trader,2026-09-18T10:45:30.194Z,2026-09-18T10:45:30.194Z
RFI,"Cohen & Steers Total Return Realty Fund, Inc.",NYSE,nasdaq_trader,2026-09-18T10:45:30.194Z,2026-09-18T10:45:30.194Z
RFIL,"RF Industries, Ltd.",NASDAQ,nasdaq_trader,2026-09-18T10:45:30.194Z,2026-09-18T10:45:30.194Z
RFL,"Rafael Holdings, Inc.",NYSE,nasdaq_trader,2026-09-18T10:45:30.194Z,2026-09-18T10:45:30.194Z
RFM,"RiverNorth Flexible Municipal Income Fund, Inc.",NYSE,nasdaq_trader,2026-09-18T10:45:30.194Z,2026-09-18T10:45:30.194Z
RFMZ,"RiverNorth Flexible Municipal Income Fund II, Inc.",NYSE,nasdaq_trader,2026-09-18T10:45:30.194Z,2026-09-18T10:45:30.194Z
RGA,"Reinsurance Group of America, Incorporated",NYSE,nasdaq_trader,2026-09-18T10:45:30.194Z,2026-09-18T10:45:30.194Z
RGC,Regencell Bioscience Holdings Limited,NASDAQ,nasdaq_trader,2026-09-18T10:45:30.194Z,2026-09-18T10:45:30.194Z
RGCO,RGC Resources Inc.,NASDAQ,nasdaq_trader,2026-09-18T10:45:30.194Z,2026-09-18T10:45:30.194Z
RGEN,Repligen Corporation,NASDAQ,nasdaq_trader,2026-09-18T10:45:30.194Z,2026-09-18T10:45:30.194Z
RGLD,"Royal Gold, Inc.",NASDAQ,nasdaq_trader,2026-09-18T10:45:30.194Z,2026-09-18T10:45:30.194Z
RGNT,Regentis Biomaterials Ltd.,AMEX,excel_import,2026-09-18T09:57:12.863Z,2026-09-18T09:57:12.863Z
RGNX,REGENXBIO Inc.,NASDAQ,nasdaq_trader,2026-09-18T10:45:30.194Z,2026-09-18T10:45:30.194Z
RGP,"Resources Connection, Inc.",NASDAQ,nasdaq_trader,2026-09-18T10:45:30.194Z,2026-09-18T10:45:30.194Z
RGR,"Sturm, Ruger & Company, Inc.",NYSE,nasdaq_trader,2026-09-18T10:45:30.194Z,2026-09-18T10:45:30.194Z
RGRLF,Rio Grande Resources Ltd.,OTC,excel_import,2026-09-18T09:57:12.863Z,2026-09-22T07:18:58.895Z
RGS,Regis Corporation,NASDAQ,nasdaq_trader,2026-09-18T10:45:30.194Z,2026-09-18T10:45:30.194Z
RGT,"Royce Global Trust, Inc.",NYSE,nasdaq_trader,2026-09-18T10:45:30.194Z,2026-09-18T10:45:30.194Z
RGTI,"Rigetti Computing, Inc.",NASDAQ,nasdaq_trader,2026-09-18T10:45:30.194Z,2026-09-18T10:45:30.194Z
RGTIW,"Rigetti Computing, Inc.",NASDAQ,nasdaq_trader,2026-09-18T10:45:30.194Z,2026-09-18T10:45:30.194Z
RH,RH,NYSE,nasdaq_trader,2026-09-18T10:45:30.194Z,2026-09-18T10:45:30.194Z
RHI,Robert Half Inc.,NYSE,nasdaq_trader,2026-09-18T10:45:30.194Z,2026-09-18T10:45:30.194Z
RHLD,Resolute Holdings Management,NYSE,nasdaq_trader,2026-09-18T10:45:30.194Z,2026-09-18T10:45:30.194Z
RHP,"Ryman Hospitality Properties, Inc.",NYSE,nasdaq_trader,2026-09-18T10:45:30.194Z,2026-09-22T07:18:59.510Z
RIBB,Ribbon Acquisition Corp,NASDAQ,nasdaq_trader,2026-09-18T10:45:30.194Z,2026-09-18T10:45:30.194Z
RIBBR,Ribbon Acquisition Corp,NASDAQ,nasdaq_trader,2026-09-18T10:45:30.194Z,2026-09-18T10:45:30.194Z
RIBBU,Ribbon Acquisition Corp,NASDAQ,nasdaq_trader,2026-09-18T10:45:30.194Z,2026-09-18T10:45:30.194Z
RICK,"RCI Hospitality Holdings, Inc.",NASDAQ,nasdaq_trader,2026-09-18T10:45:30.194Z,2026-09-18T10:45:30.194Z
RIG,Transocean Ltd.,NYSE,nasdaq_trader,2026-09-18T10:45:30.194Z,2026-09-22T07:18:59.511Z
RIGL,"Rigel Pharmaceuticals, Inc.",NASDAQ,nasdaq_trader,2026-09-18T10:45:30.194Z,2026-09-18T10:45:30.194Z
RILY,"BRC Group Holdings, Inc.",NASDAQ,nasdaq_trader,2026-09-18T10:45:30.194Z,2026-09-18T10:45:30.194Z
RILYG,"B. Riley Financial, Inc. 7.25% Senior Notes due 2027",NASDAQ,nasdaq_trader,2026-09-18T10:45:30.194Z,2026-09-22T07:18:59.046Z
RILYL,"BRC Group Holdings, Inc.",NASDAQ,nasdaq_trader,2026-09-18T10:45:30.194Z,2026-09-18T10:45:30.194Z
RILYN,"B. Riley Financial, Inc. 6.50% Senior Notes Due 2026",NASDAQ,nasdaq_trader,2026-09-18T10:45:30.194Z,2026-09-22T07:18:59.048Z
RILYP,"BRC Group Holdings, Inc.",NASDAQ,nasdaq_trader,2026-09-18T10:45:30.194Z,2026-09-18T10:45:30.194Z
RILYT,"B. Riley Financial, Inc. 6.00% Senior Notes Due 2028",NASDAQ,nasdaq_trader,2026-09-18T10:45:30.194Z,2026-09-22T07:18:59.049Z
RILYZ,"B. Riley Financial, Inc. 7.50% Senior Notes Due 2027",NASDAQ,nasdaq_trader,2026-09-18T10:45:30.194Z,2026-09-22T07:18:59.051Z
RIME,"Algorhythm Holdings, Inc.",NASDAQ,nasdaq_trader,2026-09-18T10:45:30.194Z,2026-09-18T10:45:30.194Z
RIO,Rio Tinto Plc,NYSE,nasdaq_trader,2026-09-18T10:45:30.194Z,2026-09-18T10:45:30.194Z
RIOT,"Riot Platforms, Inc.",NASDAQ,nasdaq_trader,2026-09-18T10:45:30.194Z,2026-09-18T10:45:30.194Z
RITM,Rithm Capital Corp.,NYSE,nasdaq_trader,2026-09-18T10:45:30.194Z,2026-09-18T10:45:30.194Z
RIV,"RiverNorth Opportunities Fund, Inc.",NYSE,nasdaq_trader,2026-09-18T10:45:30.194Z,2026-09-18T10:45:30.194Z
RIV.R,"RiverNorth Opportunities Fund, Inc.",NYSE,nasdaq_trader,2026-09-18T10:45:30.194Z,2026-09-18T10:45:30.194Z
RIVN,"Rivian Automotive, Inc.",NASDAQ,nasdaq_trader,2026-09-18T10:45:30.194Z,2026-09-18T10:45:30.194Z
RJET,Republic Airways Holdings Inc.,NASDAQ,nasdaq_trader,2026-09-18T10:45:30.194Z,2026-09-18T10:45:30.194Z
RJF,"Raymond James Financial, Inc.",NYSE,nasdaq_trader,2026-09-18T10:45:30.194Z,2026-09-18T10:45:30.194Z
RKDA,"Arcadia Biosciences, Inc.",NASDAQ,nasdaq_trader,2026-09-18T10:45:30.194Z,2026-09-18T10:45:30.194Z
RKIGF,Reko International Group Inc.,OTC,excel_import,2026-09-18T09:57:12.863Z,2026-09-18T09:57:12.863Z
RKLB,Rocket Lab Corporation,NASDAQ,nasdaq_trader,2026-09-18T10:45:30.194Z,2026-09-18T10:45:30.194Z
RKT,"Rocket Companies, Inc.",NYSE,nasdaq_trader,2026-09-18T10:45:30.194Z,2026-09-18T10:45:30.194Z
RKTO,Rocket One Inc.,NASDAQ,nasdaq_trader,2026-09-18T10:45:30.194Z,2026-09-18T10:45:30.194Z
RKVTF,Rakovina Therapeutics Inc.,OTC,excel_import,2026-09-18T09:57:12.863Z,2026-09-18T09:57:12.863Z
RL,Ralph Lauren Corporation,NYSE,nasdaq_trader,2026-09-18T10:45:30.194Z,2026-09-18T10:45:30.194Z
RLAY,"Relay Therapeutics, Inc.",NASDAQ,nasdaq_trader,2026-09-18T10:45:30.194Z,2026-09-18T10:45:30.194Z
RLFTF,MindMaze Therapeutics Holding SA,OTC,excel_import,2026-09-18T09:57:12.863Z,2026-09-18T09:57:12.863Z
RLGT,"Radiant Logistics, Inc.",AMEX,nasdaq_trader,2026-09-18T10:45:30.194Z,2026-09-18T10:45:30.194Z
RLI,RLI Corp.,NYSE,nasdaq_trader,2026-09-18T10:45:30.194Z,2026-09-22T07:18:59.513Z
RLJ,RLJ Lodging Trust,NYSE,nasdaq_trader,2026-09-18T10:45:30.194Z,2026-09-18T10:45:30.194Z
RLMD,"Relmada Therapeutics, Inc.",NASDAQ,nasdaq_trader,2026-09-18T10:45:30.194Z,2026-09-18T10:45:30.194Z
RLTY,Cohen & Steers Real Estate Opportunities & Income Fund,NYSE,nasdaq_trader,2026-09-18T10:45:30.194Z,2026-09-22T07:18:59.514Z
RLX,RLX Technology Inc.,NYSE,nasdaq_trader,2026-09-18T10:45:30.194Z,2026-09-18T10:45:30.194Z
RLYB,Rallybio Corporation,NASDAQ,nasdaq_trader,2026-09-18T10:45:30.194Z,2026-09-18T10:45:30.194Z
RM,Regional Management Corp.,NYSE,nasdaq_trader,2026-09-18T10:45:30.194Z,2026-09-18T10:45:30.194Z
RMBI,"Richmond Mutual Bancorporation, Inc.",NASDAQ,nasdaq_trader,2026-09-18T10:45:30.194Z,2026-09-18T10:45:30.194Z
RMBS,"Rambus, Inc.",NASDAQ,nasdaq_trader,2026-09-18T10:45:30.194Z,2026-09-18T10:45:30.194Z
RMBUF,Rumbu Holdings Ltd.,OTC,excel_import,2026-09-18T09:57:12.863Z,2026-09-18T09:57:12.863Z
RMCF,"Rocky Mountain Chocolate Factory, Inc.",NASDAQ,nasdaq_trader,2026-09-18T10:45:30.194Z,2026-09-18T10:45:30.194Z
RMCO,Royalty Management Holding Corporation,NASDAQ,nasdaq_trader,2026-09-18T10:45:30.194Z,2026-09-18T10:45:30.194Z
RMCOW,Royalty Management Holding Corporation,NASDAQ,nasdaq_trader,2026-09-18T10:45:30.194Z,2026-09-18T10:45:30.194Z
RMD,ResMed Inc.,NYSE,nasdaq_trader,2026-09-18T10:45:30.194Z,2026-09-18T10:45:30.194Z
RMI,"RiverNorth Opportunistic Municipal Income Fund, Inc.",NYSE,nasdaq_trader,2026-09-18T10:45:30.194Z,2026-09-18T10:45:30.194Z
RMIX,"Suncrete, Inc.",NASDAQ,nasdaq_trader,2026-09-18T10:45:30.194Z,2026-09-18T10:45:30.194Z
RML,Resolution Minerals Ltd,NASDAQ,nasdaq_trader,2026-09-18T10:45:30.194Z,2026-09-18T10:45:30.194Z
RMM,"RiverNorth Managed Duration Municipal Income Fund, Inc.",NYSE,nasdaq_trader,2026-09-18T10:45:30.194Z,2026-09-18T10:45:30.194Z
RMMZ,"RiverNorth Managed Duration Municipal Income Fund II, Inc.",NYSE,nasdaq_trader,2026-09-18T10:45:30.194Z,2026-09-18T10:45:30.194Z
RMNI,"Rimini Street, Inc.",NASDAQ,nasdaq_trader,2026-09-18T10:45:30.194Z,2026-09-18T10:45:30.194Z
RMR,The RMR Group Inc.,NASDAQ,nasdaq_trader,2026-09-18T10:45:30.194Z,2026-09-18T10:45:30.194Z
RMSG,Real Messenger Corporation,NASDAQ,nasdaq_trader,2026-09-18T10:45:30.194Z,2026-09-18T10:45:30.194Z
RMSGW,Real Messenger Corporation,NASDAQ,nasdaq_trader,2026-09-18T10:45:30.194Z,2026-09-18T10:45:30.194Z
RMT,"Royce Micro-Cap Trust, Inc.",NYSE,nasdaq_trader,2026-09-18T10:45:30.194Z,2026-09-18T10:45:30.194Z
RMTI,"Rockwell Medical, Inc.",NASDAQ,nasdaq_trader,2026-09-18T10:45:30.194Z,2026-09-18T10:45:30.194Z
RNA,"Atrium Therapeutics, Inc.",NASDAQ,nasdaq_trader,2026-09-18T10:45:30.194Z,2026-09-18T10:45:30.194Z
RNAC,"Cartesian Therapeutics, Inc.",NASDAQ,nasdaq_trader,2026-09-18T10:45:30.194Z,2026-09-18T10:45:30.194Z
RNAQ,Rainier Acquisition Corporation,NASDAQ,nasdaq_trader,2026-09-18T10:45:30.194Z,2026-09-18T10:45:30.194Z
RNAQU,Rainier Acquisition Corporation Units,NASDAQ,nasdaq_trader,2026-09-18T10:45:30.194Z,2026-09-22T07:18:59.052Z
RNAQW,Rainier Acquisition Corporation,NASDAQ,nasdaq_trader,2026-09-18T10:45:30.194Z,2026-09-18T10:45:30.194Z
RNAZ,"TransCode Therapeutics, Inc.",NASDAQ,nasdaq_trader,2026-09-18T10:45:30.194Z,2026-09-18T10:45:30.194Z
RNG,"RingCentral, Inc.",NYSE,nasdaq_trader,2026-09-18T10:45:30.194Z,2026-09-18T10:45:30.194Z
RNGE,"Range Impact, Inc.",OTC,excel_import,2026-09-18T09:57:12.863Z,2026-09-18T09:57:12.863Z
RNGR,"Ranger Energy Services, Inc.",NYSE,nasdaq_trader,2026-09-18T10:45:30.194Z,2026-09-18T10:45:30.194Z
RNGT,Range Capital Acquisition Corp II,NASDAQ,nasdaq_trader,2026-09-18T10:45:30.194Z,2026-09-18T10:45:30.194Z
RNGTU,Range Capital Acquisition Corp II,NASDAQ,nasdaq_trader,2026-09-18T10:45:30.194Z,2026-09-18T10:45:30.194Z
RNGTW,Range Capital Acquisition Corp II,NASDAQ,nasdaq_trader,2026-09-18T10:45:30.194Z,2026-09-18T10:45:30.194Z
RNP,"Cohen & Steers REIT and Preferred Income Fund, Inc.",NYSE,nasdaq_trader,2026-09-18T10:45:30.194Z,2026-09-22T07:18:59.516Z
RNR,RenaissanceRe Holdings Ltd.,NYSE,nasdaq_trader,2026-09-18T10:45:30.194Z,2026-09-18T10:45:30.194Z
RNST,Renasant Corporation,NYSE,nasdaq_trader,2026-09-18T10:45:30.194Z,2026-09-18T10:45:30.194Z
RNTX,Rein Therapeutics,NASDAQ,excel_import,2026-09-18T09:57:12.863Z,2026-09-18T09:57:12.863Z
RNW,ReNew Energy Global plc,NASDAQ,nasdaq_trader,2026-09-18T10:45:30.194Z,2026-09-18T10:45:30.194Z
RNXT,"RenovoRx, Inc.",NASDAQ,nasdaq_trader,2026-09-18T10:45:30.194Z,2026-09-18T10:45:30.194Z
ROAD,"Construction Partners, Inc.",NASDAQ,nasdaq_trader,2026-09-18T10:45:30.194Z,2026-09-18T10:45:30.194Z
ROC,Rank One Computing Corporation,NASDAQ,nasdaq_trader,2026-09-18T10:45:30.194Z,2026-09-18T10:45:30.194Z
ROCK,"Gibraltar Industries, Inc.",NASDAQ,nasdaq_trader,2026-09-18T10:45:30.194Z,2026-09-18T10:45:30.194Z
ROG,Rogers Corporation,NYSE,nasdaq_trader,2026-09-18T10:45:30.194Z,2026-09-18T10:45:30.194Z
ROIV,Roivant Sciences Ltd.,NASDAQ,nasdaq_trader,2026-09-18T10:45:30.194Z,2026-09-18T10:45:30.194Z
ROK,"Rockwell Automation, Inc.",NYSE,nasdaq_trader,2026-09-18T10:45:30.194Z,2026-09-18T10:45:30.194Z
ROKU,"Roku, Inc.",NASDAQ,nasdaq_trader,2026-09-18T10:45:30.194Z,2026-09-18T10:45:30.194Z
ROL,"Rollins, Inc.",NYSE,nasdaq_trader,2026-09-18T10:45:30.194Z,2026-09-18T10:45:30.194Z
ROLR,"High Roller Technologies, Inc.",AMEX,nasdaq_trader,2026-09-18T10:45:30.194Z,2026-09-18T10:45:30.194Z
ROMA,Roma Green Finance Limited,NASDAQ,nasdaq_trader,2026-09-18T10:45:30.194Z,2026-09-18T10:45:30.194Z
ROOT,"Root, Inc.",NASDAQ,nasdaq_trader,2026-09-18T10:45:30.194Z,2026-09-18T10:45:30.194Z
ROP,"Roper Technologies, Inc.",NASDAQ,nasdaq_trader,2026-09-18T10:45:30.194Z,2026-09-18T10:45:30.194Z
ROST,"Ross Stores, Inc.",NASDAQ,nasdaq_trader,2026-09-18T10:45:30.194Z,2026-09-18T10:45:30.194Z
ROYIF,Royalties Inc.,OTC,excel_import,2026-09-18T09:57:12.863Z,2026-09-18T09:57:12.863Z
RPAY,Repay Holdings Corporation,NASDAQ,nasdaq_trader,2026-09-18T10:45:30.194Z,2026-09-18T10:45:30.194Z
RPC,"Ridgepost Capital, Inc.",NYSE,nasdaq_trader,2026-09-18T10:45:30.194Z,2026-09-18T10:45:30.194Z
RPD,"Rapid7, Inc.",NASDAQ,nasdaq_trader,2026-09-18T10:45:30.194Z,2026-09-18T10:45:30.194Z
RPGL,Republic Power Group Limited,NASDAQ,nasdaq_trader,2026-09-18T10:45:30.194Z,2026-09-18T10:45:30.194Z
RPGSF,ROCKPOINT GAS STORAGE INC,OTC,excel_import,2026-09-18T09:57:12.863Z,2026-09-18T09:57:12.863Z
RPID,"Rapid Micro Biosystems, Inc.",NASDAQ,nasdaq_trader,2026-09-18T10:45:30.194Z,2026-09-18T10:45:30.194Z
RPKIF,Richards Group Inc.,OTC,excel_import,2026-09-18T09:57:12.863Z,2026-09-18T09:57:12.863Z
RPM,RPM International Inc.,NYSE,nasdaq_trader,2026-09-18T10:45:30.194Z,2026-09-18T10:45:30.194Z
RPRX,Royalty Pharma plc,NASDAQ,nasdaq_trader,2026-09-18T10:45:30.194Z,2026-09-18T10:45:30.194Z
RPT,Rithm Property Trust Inc.,NYSE,nasdaq_trader,2026-09-18T10:45:30.194Z,2026-09-18T10:45:30.194Z
RQI,Cohen & Steers Quality Income Realty Fund Inc Common Shares,NYSE,nasdaq_trader,2026-09-18T10:45:30.194Z,2026-09-18T10:45:30.194Z
RR,Richtech Robotics Inc.,NASDAQ,nasdaq_trader,2026-09-18T10:45:30.194Z,2026-09-18T10:45:30.194Z
RRBI,"Red River Bancshares, Inc.",NASDAQ,nasdaq_trader,2026-09-18T10:45:30.194Z,2026-09-18T10:45:30.194Z
RRC,Range Resources Corporation,NYSE,nasdaq_trader,2026-09-18T10:45:30.194Z,2026-09-18T10:45:30.194Z
RREV,RRE Ventures Acquisition Corp.,NASDAQ,nasdaq_trader,2026-09-18T10:45:30.194Z,2026-09-18T10:45:30.194Z
RREVU,RRE Ventures Acquisition Corp.,NASDAQ,nasdaq_trader,2026-09-18T10:45:30.194Z,2026-09-18T10:45:30.194Z
RREVW,RRE Ventures Acquisition Corp.,NASDAQ,nasdaq_trader,2026-09-18T10:45:30.194Z,2026-09-18T10:45:30.194Z
RRGB,"Red Robin Gourmet Burgers, Inc.",NASDAQ,nasdaq_trader,2026-09-18T10:45:30.194Z,2026-09-18T10:45:30.194Z
RRR,"Red Rock Resorts, Inc.",NASDAQ,nasdaq_trader,2026-09-18T10:45:30.194Z,2026-09-18T10:45:30.194Z
RRX,Regal Rexnord Corporation,NYSE,nasdaq_trader,2026-09-18T10:45:30.194Z,2026-09-18T10:45:30.194Z
RS,"Reliance, Inc.",NYSE,nasdaq_trader,2026-09-18T10:45:30.194Z,2026-09-18T10:45:30.194Z
RSF,RiverNorth Capital and Income Fund,NYSE,nasdaq_trader,2026-09-18T10:45:30.194Z,2026-09-18T10:45:30.194Z
RSG,"Republic Services, Inc.",NYSE,nasdaq_trader,2026-09-18T10:45:30.194Z,2026-09-18T10:45:30.194Z
RSI,"Rush Street Interactive, Inc.",NYSE,nasdaq_trader,2026-09-18T10:45:30.194Z,2026-09-18T10:45:30.194Z
RSKD,Riskified Ltd.,NYSE,nasdaq_trader,2026-09-18T10:45:30.194Z,2026-09-18T10:45:30.194Z
RSSS,"Research Solutions, Inc",NASDAQ,nasdaq_trader,2026-09-18T10:45:30.194Z,2026-09-18T10:45:30.194Z
RSVR,"Reservoir Media, Inc..",NASDAQ,nasdaq_trader,2026-09-18T10:45:30.194Z,2026-09-18T10:45:30.194Z
RTAC,Renatus Tactical Acquisition Corp I,NASDAQ,nasdaq_trader,2026-09-18T10:45:30.194Z,2026-09-18T10:45:30.194Z
RTACU,Renatus Tactical Acquisition Corp I,NASDAQ,nasdaq_trader,2026-09-18T10:45:30.194Z,2026-09-18T10:45:30.194Z
RTACW,Renatus Tactical Acquisition Corp I,NASDAQ,nasdaq_trader,2026-09-18T10:45:30.194Z,2026-09-18T10:45:30.194Z
RTB,"RTB Digital, Inc.",NASDAQ,nasdaq_trader,2026-09-18T10:45:30.194Z,2026-09-18T10:45:30.194Z
RTMNF,Reitmans (Canada) Limited,OTC,excel_import,2026-09-18T09:57:12.863Z,2026-09-18T09:57:12.863Z
RTO,Rentokil Initial plc,NYSE,nasdaq_trader,2026-09-18T10:45:30.194Z,2026-09-18T10:45:30.194Z
RTX,RTX Corporation,NYSE,nasdaq_trader,2026-09-18T10:45:30.194Z,2026-09-18T10:45:30.194Z
RUBI,Rubico Inc.,NASDAQ,nasdaq_trader,2026-09-18T10:45:30.194Z,2026-09-18T10:45:30.194Z
RUBLF,Rubellite Energy Corp.,OTC,excel_import,2026-09-18T09:57:12.863Z,2026-09-18T09:57:12.863Z
RUM,RUM Group Inc.,NASDAQ,nasdaq_trader,2026-09-18T10:45:30.194Z,2026-09-18T10:45:30.194Z
RUMBW,RUM Group Inc.,NASDAQ,nasdaq_trader,2026-09-18T10:45:30.194Z,2026-09-18T10:45:30.194Z
RUMFF,Rocky Mountain Liquor Inc.,OTC,excel_import,2026-09-18T09:57:12.863Z,2026-09-18T09:57:12.863Z
RUN,Sunrun Inc.,NASDAQ,nasdaq_trader,2026-09-18T10:45:30.194Z,2026-09-18T10:45:30.194Z
RUSHA,"Rush Enterprises, Inc.",NASDAQ,nasdaq_trader,2026-09-18T10:45:30.194Z,2026-09-18T10:45:30.194Z
RUSHB,"Rush Enterprises, Inc.",NASDAQ,nasdaq_trader,2026-09-18T10:45:30.194Z,2026-09-18T10:45:30.194Z
RVI,Robinhood Ventures Fund I,NYSE,nasdaq_trader,2026-09-18T10:45:30.194Z,2026-09-18T10:45:30.194Z
RVII,Robinhood Ventures Fund II,NYSE,nasdaq_trader,2026-09-18T10:45:30.194Z,2026-09-18T10:45:30.194Z
RVLV,"Revolve Group, Inc.",NYSE,nasdaq_trader,2026-09-18T10:45:30.194Z,2026-09-18T10:45:30.194Z
RVMD,"Revolution Medicines, Inc.",NASDAQ,nasdaq_trader,2026-09-18T10:45:30.194Z,2026-09-18T10:45:30.194Z
RVMDW,"Revolution Medicines, Inc.",NASDAQ,nasdaq_trader,2026-09-18T10:45:30.194Z,2026-09-18T10:45:30.194Z
RVP,"Retractable Technologies, Inc.",AMEX,nasdaq_trader,2026-09-18T10:45:30.194Z,2026-09-18T10:45:30.194Z
RVSB,Riverview Bancorp Inc,NASDAQ,nasdaq_trader,2026-09-18T10:45:30.194Z,2026-09-18T10:45:30.194Z
RVSN,Rail Vision Ltd.,NASDAQ,nasdaq_trader,2026-09-18T10:45:30.194Z,2026-09-18T10:45:30.194Z
RVSNW,Rail Vision Ltd.,NASDAQ,nasdaq_trader,2026-09-18T10:45:30.194Z,2026-09-18T10:45:30.194Z
RVT,"Royce Small-Cap Trust, Inc.",NYSE,nasdaq_trader,2026-09-18T10:45:30.194Z,2026-09-18T10:45:30.194Z
RVTY,"Revvity, Inc.",NYSE,nasdaq_trader,2026-09-18T10:45:30.194Z,2026-09-18T10:45:30.194Z
RWAY,Runway Growth Finance Corp.,NASDAQ,nasdaq_trader,2026-09-18T10:45:30.194Z,2026-09-18T10:45:30.194Z
RWAYI,Runway Growth Finance Corp.,NASDAQ,nasdaq_trader,2026-09-18T10:45:30.194Z,2026-09-18T10:45:30.194Z
RWAYL,MSCI ACWI exAU/CONSUMER GRTR US,NASDAQ,nasdaq_trader,2026-09-18T10:45:30.194Z,2026-09-22T07:18:59.054Z
RWT,"Redwood Trust, Inc.",NYSE,nasdaq_trader,2026-09-18T10:45:30.194Z,2026-09-18T10:45:30.194Z
RWTN,"Redwood Trust, Inc. 9.125% Seni",NYSE,nasdaq_trader,2026-09-18T10:45:30.194Z,2026-09-22T07:18:59.517Z
RWTO,"Redwood Trust, Inc. 9.00% Senio",NYSE,nasdaq_trader,2026-09-18T10:45:30.194Z,2026-09-22T07:18:59.519Z
RWTP,"Redwood Trust, Inc.",NYSE,nasdaq_trader,2026-09-18T10:45:30.194Z,2026-09-18T10:45:30.194Z
RWTQ,"Redwood Trust, Inc.",NYSE,nasdaq_trader,2026-09-18T10:45:30.194Z,2026-09-18T10:45:30.194Z
RWTS,"Redwood Trust, Inc.",NYSE,nasdaq_trader,2026-09-18T10:45:30.194Z,2026-09-18T10:45:30.194Z
RXO,"RXO, Inc.",NYSE,nasdaq_trader,2026-09-18T10:45:30.194Z,2026-09-18T10:45:30.194Z
RXRX,"Recursion Pharmaceuticals, Inc.",NASDAQ,nasdaq_trader,2026-09-18T10:45:30.194Z,2026-09-18T10:45:30.194Z
RXST,"RxSight, Inc.",NASDAQ,nasdaq_trader,2026-09-18T10:45:30.194Z,2026-09-18T10:45:30.194Z
RXT,"Rackspace Technology, Inc.",NASDAQ,nasdaq_trader,2026-09-18T10:45:30.194Z,2026-09-18T10:45:30.194Z
RY,Royal Bank Of Canada,NYSE,nasdaq_trader,2026-09-18T10:45:30.194Z,2026-09-18T10:45:30.194Z
RYAAY,Ryanair Holdings plc,NASDAQ,nasdaq_trader,2026-09-18T10:45:30.194Z,2026-09-18T10:45:30.194Z
RYAM,Rayonier Advanced Materials Inc.,NYSE,nasdaq_trader,2026-09-18T10:45:30.194Z,2026-09-18T10:45:30.194Z
RYAN,"Ryan Specialty Holdings, Inc.",NYSE,nasdaq_trader,2026-09-18T10:45:30.194Z,2026-09-18T10:45:30.194Z
RYDE,Ryde Group Ltd.,AMEX,nasdaq_trader,2026-09-18T10:45:30.194Z,2026-09-18T10:45:30.194Z
RYET,Ruanyun Edai Technology Inc.,NASDAQ,nasdaq_trader,2026-09-18T10:45:30.194Z,2026-09-18T10:45:30.194Z
RYM,"RYTHM, Inc.",NASDAQ,nasdaq_trader,2026-09-18T10:45:30.194Z,2026-09-18T10:45:30.194Z
RYN,Rayonier Inc.,NYSE,nasdaq_trader,2026-09-18T10:45:30.194Z,2026-09-22T07:18:59.521Z
RYOJ,"rYojbaba Co., Ltd.",NASDAQ,nasdaq_trader,2026-09-18T10:45:30.194Z,2026-09-18T10:45:30.194Z
RYTM,"Rhythm Pharmaceuticals, Inc.",NASDAQ,nasdaq_trader,2026-09-18T10:45:30.194Z,2026-09-18T10:45:30.194Z
RYZ,Ryerson Holding Corporation,NYSE,nasdaq_trader,2026-09-18T10:45:30.194Z,2026-09-18T10:45:30.194Z
RZC,7.125% Fixed-Rate Reset Subordinated Debentures due 2052,NYSE,nasdaq_trader,2026-09-18T10:45:30.194Z,2026-09-22T07:18:59.522Z
RZLT,"Rezolute, Inc.",NASDAQ,nasdaq_trader,2026-09-18T10:45:30.194Z,2026-09-18T10:45:30.194Z
RZLV,Rezolve AI PLC,NASDAQ,nasdaq_trader,2026-09-18T10:45:30.194Z,2026-09-18T10:45:30.194Z
RZLVW,Rezolve AI PLC,NASDAQ,nasdaq_trader,2026-09-18T10:45:30.194Z,2026-09-18T10:45:30.194Z
S,"SentinelOne, Inc.",NYSE,nasdaq_trader,2026-09-18T10:45:30.194Z,2026-09-18T10:45:30.194Z
SA,Seabridge Gold Inc.,NYSE,nasdaq_trader,2026-09-18T10:45:30.194Z,2026-09-22T07:18:59.524Z
SAAQ,Space Asset Acquisition Corp.,NASDAQ,nasdaq_trader,2026-09-18T10:45:30.194Z,2026-09-18T10:45:30.194Z
SAAQU,Space Asset Acquisition Corp.,NASDAQ,nasdaq_trader,2026-09-18T10:45:30.194Z,2026-09-18T10:45:30.194Z
SAAQW,Space Asset Acquisition Corp.,NASDAQ,nasdaq_trader,2026-09-18T10:45:30.194Z,2026-09-18T10:45:30.194Z
SABA,Saba Capital Income & Opportunities Fund II,NYSE,nasdaq_trader,2026-09-18T10:45:30.194Z,2026-09-18T10:45:30.194Z
SABR,Sabre Corporation,NASDAQ,nasdaq_trader,2026-09-18T10:45:30.194Z,2026-09-18T10:45:30.194Z
SABS,"SAB Biotherapeutics, Inc.",NASDAQ,nasdaq_trader,2026-09-18T10:45:30.194Z,2026-09-18T10:45:30.194Z
SABSW,"SAB Biotherapeutics, Inc.",NASDAQ,nasdaq_trader,2026-09-18T10:45:30.194Z,2026-09-18T10:45:30.194Z
SAC,Safeguard Acquisition Corp.,NYSE,nasdaq_trader,2026-09-18T10:45:30.194Z,2026-09-18T10:45:30.194Z
SAC.U,Safeguard Acquisition Corp.,NYSE,nasdaq_trader,2026-09-18T10:45:30.194Z,2026-09-18T10:45:30.194Z
SAC.W,Safeguard Acquisition Corp.,NYSE,nasdaq_trader,2026-09-18T10:45:30.194Z,2026-09-18T10:45:30.194Z
SACH,Sachem Capital Corp. Common Shares,AMEX,nasdaq_trader,2026-09-18T10:45:30.194Z,2026-09-18T10:45:30.194Z
SAFE,Safehold Inc.,NYSE,nasdaq_trader,2026-09-18T10:45:30.194Z,2026-09-22T07:18:59.525Z
SAFT,"Safety Insurance Group, Inc.",NASDAQ,nasdaq_trader,2026-09-18T10:45:30.194Z,2026-09-18T10:45:30.194Z
SAFX,"XCF Global, Inc.",NASDAQ,nasdaq_trader,2026-09-18T10:45:30.194Z,2026-09-18T10:45:30.194Z
SAGT,SAGTEC GLOBAL LIMITED,NASDAQ,nasdaq_trader,2026-09-18T10:45:30.194Z,2026-09-18T10:45:30.194Z
SAGU,Shreya Acquisition Group,NYSE,nasdaq_trader,2026-09-18T10:45:30.194Z,2026-09-18T10:45:30.194Z
SAGU.R,Shreya Acquisition Group,NYSE,nasdaq_trader,2026-09-18T10:45:30.194Z,2026-09-18T10:45:30.194Z
SAGU.U,Shreya Acquisition Group,NYSE,nasdaq_trader,2026-09-18T10:45:30.194Z,2026-09-18T10:45:30.194Z
SAGU.W,Shreya Acquisition Group,NYSE,nasdaq_trader,2026-09-18T10:45:30.194Z,2026-09-18T10:45:30.194Z
SAH,"Sonic Automotive, Inc.",NYSE,nasdaq_trader,2026-09-18T10:45:30.194Z,2026-09-18T10:45:30.194Z
SAIA,"Saia, Inc.",NASDAQ,nasdaq_trader,2026-09-18T10:45:30.194Z,2026-09-18T10:45:30.194Z
SAIC,Science Applications International Corporation,NASDAQ,nasdaq_trader,2026-09-18T10:45:30.194Z,2026-09-18T10:45:30.194Z
SAIH,SAIHEAT Limited,NASDAQ,nasdaq_trader,2026-09-18T10:45:30.194Z,2026-09-18T10:45:30.194Z
SAIHW,SAIHEAT Limited,NASDAQ,nasdaq_trader,2026-09-18T10:45:30.194Z,2026-09-18T10:45:30.194Z
SAIL,"SailPoint, Inc.",NASDAQ,nasdaq_trader,2026-09-18T10:45:30.194Z,2026-09-18T10:45:30.194Z
SAJ,Saratoga Investment Corp 8.00% ,NYSE,nasdaq_trader,2026-09-18T10:45:30.194Z,2026-09-22T07:18:59.526Z
SAM,"Boston Beer Company, Inc. (The)",NYSE,nasdaq_trader,2026-09-18T10:45:30.194Z,2026-09-18T10:45:30.194Z
SAMG,Silvercrest Asset Management Group Inc.,NASDAQ,nasdaq_trader,2026-09-18T10:45:30.194Z,2026-09-18T10:45:30.194Z
SAMO,Samos Energy Acquisition Corporation,NYSE,nasdaq_trader,2026-09-18T10:45:30.194Z,2026-09-18T10:45:30.194Z
SAMO.U,Samos Energy Acquisition Corporation,NYSE,nasdaq_trader,2026-09-18T10:45:30.194Z,2026-09-18T10:45:30.194Z
SAMO.W,Samos Energy Acquisition Corporation,NYSE,nasdaq_trader,2026-09-18T10:45:30.194Z,2026-09-18T10:45:30.194Z
SAN,"Banco Santander, S.A.",NYSE,nasdaq_trader,2026-09-18T10:45:30.194Z,2026-09-22T07:18:59.528Z
SANA,"Sana Biotechnology, Inc.",NASDAQ,nasdaq_trader,2026-09-18T10:45:30.194Z,2026-09-18T10:45:30.194Z
SANG,Sangoma Technologies Corporation,NASDAQ,nasdaq_trader,2026-09-18T10:45:30.194Z,2026-09-18T10:45:30.194Z
SANM,Sanmina Corporation,NASDAQ,nasdaq_trader,2026-09-18T10:45:30.194Z,2026-09-18T10:45:30.194Z
SAP,SAP SE,NYSE,nasdaq_trader,2026-09-18T10:45:30.194Z,2026-09-22T07:18:59.530Z
SAR,Saratoga Investment Corp.,NYSE,nasdaq_trader,2026-09-18T10:45:30.194Z,2026-09-22T07:18:59.531Z
SARO,"StandardAero, Inc.",NYSE,nasdaq_trader,2026-09-18T10:45:30.194Z,2026-09-18T10:45:30.194Z
SATA,"Strive, Inc.",NASDAQ,nasdaq_trader,2026-09-18T10:45:30.194Z,2026-09-18T10:45:30.194Z
SATL,Satellogic Inc.,NASDAQ,nasdaq_trader,2026-09-18T10:45:30.194Z,2026-09-18T10:45:30.194Z
SATLW,Satellogic Inc.,NASDAQ,nasdaq_trader,2026-09-18T10:45:30.194Z,2026-09-18T10:45:30.194Z
SAV,Saratoga Investment Corp 7.50% ,NYSE,nasdaq_trader,2026-09-18T10:45:30.194Z,2026-09-22T07:18:59.532Z
SAX,Saratoga Investment Corp,NYSE,nasdaq_trader,2026-09-18T10:45:30.194Z,2026-09-18T10:45:30.194Z
SAY,Saratoga Investment Corp 8.125%,NYSE,nasdaq_trader,2026-09-18T10:45:30.194Z,2026-09-22T07:18:59.534Z
SAZ,Saratoga Investment Corp 8.50% ,NYSE,nasdaq_trader,2026-09-18T10:45:30.194Z,2026-09-22T07:18:59.538Z
SB,"Safe Bulkers, Inc.",NYSE,nasdaq_trader,2026-09-18T10:45:30.194Z,2026-09-22T07:18:59.539Z
SBAC,SBA Communications Corporation,NASDAQ,nasdaq_trader,2026-09-18T10:45:30.194Z,2026-09-18T10:45:30.194Z
SBC,SBC Medical Group Holdings Incorporated,NASDAQ,nasdaq_trader,2026-09-18T10:45:30.194Z,2026-09-18T10:45:30.194Z
SBCF,Seacoast Banking Corporation of Florida,NASDAQ,nasdaq_trader,2026-09-18T10:45:30.194Z,2026-09-18T10:45:30.194Z
SBCWW,SBC Medical Group Holdings Incorporated,NASDAQ,nasdaq_trader,2026-09-18T10:45:30.194Z,2026-09-18T10:45:30.194Z
SBET,"Sharplink, Inc.",NASDAQ,nasdaq_trader,2026-09-18T10:45:30.194Z,2026-09-18T10:45:30.194Z
SBFG,"SB Financial Group, Inc.",NASDAQ,nasdaq_trader,2026-09-18T10:45:30.194Z,2026-09-18T10:45:30.194Z
SBFM,Sunshine Biopharma Inc.,NASDAQ,nasdaq_trader,2026-09-18T10:45:30.194Z,2026-09-18T10:45:30.194Z
SBFMW,Sunshine Biopharma Inc.,NASDAQ,nasdaq_trader,2026-09-18T10:45:30.194Z,2026-09-18T10:45:30.194Z
SBGI,"Sinclair, Inc.",NASDAQ,nasdaq_trader,2026-09-18T10:45:30.194Z,2026-09-18T10:45:30.194Z
SBH,"Sally Beauty Holdings, Inc.",NYSE,nasdaq_trader,2026-09-18T10:45:30.194Z,2026-09-22T07:18:59.541Z
SBI,Western Asset Intermediate Muni Fund Inc,NYSE,nasdaq_trader,2026-09-18T10:45:30.194Z,2026-09-18T10:45:30.194Z
SBKO,"Summit Bank Group, Inc.",OTC,excel_import,2026-09-18T09:57:12.863Z,2026-09-18T09:57:12.863Z
SBLK,Star Bulk Carriers Corp.,NASDAQ,nasdaq_trader,2026-09-18T10:45:30.194Z,2026-09-18T10:45:30.194Z
SBMT,Silver Bow Mining Corp. Common Shares,AMEX,nasdaq_trader,2026-09-18T10:45:30.194Z,2026-09-18T10:45:30.194Z
SBR,Sabine Royalty Trust,NYSE,nasdaq_trader,2026-09-18T10:45:30.194Z,2026-09-18T10:45:30.194Z
SBRA,"Sabra Health Care REIT, Inc.",NASDAQ,nasdaq_trader,2026-09-18T10:45:30.194Z,2026-09-18T10:45:30.194Z
SBS,Companhia de Saneamento Básico do Estado de São Paulo - SABESP,NYSE,nasdaq_trader,2026-09-18T10:45:30.194Z,2026-09-22T07:21:31.390Z
SBSI,"Southside Bancshares, Inc.",NYSE,nasdaq_trader,2026-09-18T10:45:30.194Z,2026-09-18T10:45:30.194Z
SBSW,Sibanye Stillwater Limited,NYSE,nasdaq_trader,2026-09-18T10:45:30.194Z,2026-09-22T07:18:59.547Z
SBUX,Starbucks Corporation,NASDAQ,nasdaq_trader,2026-09-18T10:45:30.194Z,2026-09-18T10:45:30.194Z
SBXD,SilverBox Corp IV,NYSE,nasdaq_trader,2026-09-18T10:45:30.194Z,2026-09-18T10:45:30.194Z
SBXD.U,SilverBox Corp IV,NYSE,nasdaq_trader,2026-09-18T10:45:30.194Z,2026-09-18T10:45:30.194Z
SBXD.W,SilverBox Corp IV,NYSE,nasdaq_trader,2026-09-18T10:45:30.194Z,2026-09-18T10:45:30.194Z
SBXE,SilverBox Corp V,NYSE,nasdaq_trader,2026-09-18T10:45:30.194Z,2026-09-18T10:45:30.194Z
SBXE.U,SilverBox Corp V,NYSE,nasdaq_trader,2026-09-18T10:45:30.194Z,2026-09-18T10:45:30.194Z
SBXE.W,SilverBox Corp V,NYSE,nasdaq_trader,2026-09-18T10:45:30.194Z,2026-09-18T10:45:30.194Z
SCAG,Scage Future,NASDAQ,nasdaq_trader,2026-09-18T10:45:30.194Z,2026-09-18T10:45:30.194Z
SCAGW,Scage Future,NASDAQ,nasdaq_trader,2026-09-18T10:45:30.194Z,2026-09-18T10:45:30.194Z
SCATU,Southern Cross Acquisition II Corp.,NASDAQ,nasdaq_trader,2026-09-18T10:45:30.194Z,2026-09-18T10:45:30.194Z
SCCD,Sachem Capital Corp.,AMEX,nasdaq_trader,2026-09-18T10:45:30.194Z,2026-09-18T10:45:30.194Z
SCCE,Sachem Capital Corp.,AMEX,nasdaq_trader,2026-09-18T10:45:30.194Z,2026-09-18T10:45:30.194Z
SCCF,Sachem Capital Corp. 7.125% Not,AMEX,nasdaq_trader,2026-09-18T10:45:30.194Z,2026-09-22T07:18:59.548Z
SCCG,Sachem Capital Corp. 8.00% Note,AMEX,nasdaq_trader,2026-09-18T10:45:30.194Z,2026-09-22T07:18:59.550Z
SCCO,Southern Copper Corporation,NYSE,nasdaq_trader,2026-09-18T10:45:30.194Z,2026-09-18T10:45:30.194Z
SCD,LMP Capital and Income Fund Inc.,NYSE,nasdaq_trader,2026-09-18T10:45:30.194Z,2026-09-18T10:45:30.194Z
SCEYF,Source Energy Services Ltd.,OTC,excel_import,2026-09-18T09:57:12.863Z,2026-09-18T09:57:12.863Z
SCHL,Scholastic Corporation,NASDAQ,nasdaq_trader,2026-09-18T10:45:30.194Z,2026-09-18T10:45:30.194Z
SCHW,Charles Schwab Corporation (The),NYSE,nasdaq_trader,2026-09-18T10:45:30.194Z,2026-09-18T10:45:30.194Z
SCI,Service Corporation International,NYSE,nasdaq_trader,2026-09-18T10:45:30.194Z,2026-09-18T10:45:30.194Z
SCII,SC II Acquisition Corp.,NASDAQ,nasdaq_trader,2026-09-18T10:45:30.194Z,2026-09-18T10:45:30.194Z
SCIIR,SC II Acquisition Corp.,NASDAQ,nasdaq_trader,2026-09-18T10:45:30.194Z,2026-09-18T10:45:30.194Z
SCIIU,SC II Acquisition Corp.,NASDAQ,nasdaq_trader,2026-09-18T10:45:30.194Z,2026-09-18T10:45:30.194Z
SCKT,"Socket Mobile, Inc.",NASDAQ,nasdaq_trader,2026-09-18T10:45:30.194Z,2026-09-18T10:45:30.194Z
SCL,Stepan Company,NYSE,nasdaq_trader,2026-09-18T10:45:30.194Z,2026-09-18T10:45:30.194Z
SCLX,Scilex Holding Company,NASDAQ,nasdaq_trader,2026-09-18T10:45:30.194Z,2026-09-18T10:45:30.194Z
SCLXW,Scilex Holding Company,NASDAQ,nasdaq_trader,2026-09-18T10:45:30.194Z,2026-09-18T10:45:30.194Z
SCM,Stellus Capital Investment Corporation,NYSE,nasdaq_trader,2026-09-18T10:45:30.194Z,2026-09-18T10:45:30.194Z
SCNI,Scinai Immunotherapeutics Ltd.,NASDAQ,nasdaq_trader,2026-09-18T10:45:30.194Z,2026-09-18T10:45:30.194Z
SCNX,"Scienture Holdings, Inc.",NASDAQ,nasdaq_trader,2026-09-18T10:45:30.194Z,2026-09-18T10:45:30.194Z
SCOR,"comScore, Inc.",NASDAQ,nasdaq_trader,2026-09-18T10:45:30.194Z,2026-09-18T10:45:30.194Z
SCPQ,Social Commerce Partners Corporation,NASDAQ,nasdaq_trader,2026-09-18T10:45:30.194Z,2026-09-18T10:45:30.194Z
SCPQU,Social Commerce Partners Corporation,NASDAQ,nasdaq_trader,2026-09-18T10:45:30.194Z,2026-09-18T10:45:30.194Z
SCPQW,Social Commerce Partners Corporation,NASDAQ,nasdaq_trader,2026-09-18T10:45:30.194Z,2026-09-18T10:45:30.194Z
SCSC,"ScanSource, Inc.",NASDAQ,nasdaq_trader,2026-09-18T10:45:30.194Z,2026-09-18T10:45:30.194Z
SCTX,Scribe Therapeutics Inc.,NASDAQ,excel_import,2026-09-18T09:57:12.863Z,2026-09-18T09:57:12.863Z
SCWO,374Water Inc.,NASDAQ,nasdaq_trader,2026-09-18T10:45:30.194Z,2026-09-18T10:45:30.194Z
SCYX,"SCYNEXIS, Inc.",NASDAQ,nasdaq_trader,2026-09-18T10:45:30.194Z,2026-09-18T10:45:30.194Z
SCZM,Santacruz Silver Mining Ltd.,NASDAQ,excel_import,2026-09-18T09:57:12.863Z,2026-09-18T09:57:12.863Z
SD,"SandRidge Energy, Inc.",NYSE,nasdaq_trader,2026-09-18T10:45:30.194Z,2026-09-18T10:45:30.194Z
SDA,SunCar Technology Group Inc.,NASDAQ,nasdaq_trader,2026-09-18T10:45:30.194Z,2026-09-18T10:45:30.194Z
SDAWW,SunCar Technology Group Inc.,NASDAQ,nasdaq_trader,2026-09-18T10:45:30.194Z,2026-09-18T10:45:30.194Z
SDEV,Stablecoin Development Corporat,AMEX,nasdaq_trader,2026-09-18T10:45:30.194Z,2026-09-22T07:18:59.552Z
SDGR,"Schrödinger, Inc.",NASDAQ,nasdaq_trader,2026-09-18T10:45:30.194Z,2026-09-22T07:18:59.055Z
SDHC,Smith Douglas Homes Corp.,NYSE,nasdaq_trader,2026-09-18T10:45:30.194Z,2026-09-18T10:45:30.194Z
SDHI,Siddhi Acquisition Corp,NASDAQ,nasdaq_trader,2026-09-18T10:45:30.194Z,2026-09-18T10:45:30.194Z
SDHIR,Siddhi Acquisition Corp,NASDAQ,nasdaq_trader,2026-09-18T10:45:30.194Z,2026-09-18T10:45:30.194Z
SDHIU,Siddhi Acquisition Corp,NASDAQ,nasdaq_trader,2026-09-18T10:45:30.194Z,2026-09-18T10:45:30.194Z
SDHY,PGIM Short Duration High Yield Opportunities Fund Common Shares,NYSE,nasdaq_trader,2026-09-18T10:45:30.194Z,2026-09-18T10:45:30.194Z
SDOT,Sadot Group Inc.,NASDAQ,nasdaq_trader,2026-09-18T10:45:30.194Z,2026-09-18T10:45:30.194Z
SDRL,Seadrill Limited Common Shares,NYSE,nasdaq_trader,2026-09-18T10:45:30.194Z,2026-09-18T10:45:30.194Z
SDST,Stardust Power Inc.,NASDAQ,nasdaq_trader,2026-09-18T10:45:30.194Z,2026-09-18T10:45:30.194Z
SDSTW,Stardust Power Inc.,NASDAQ,nasdaq_trader,2026-09-18T10:45:30.194Z,2026-09-18T10:45:30.194Z
SE,Sea Limited,NYSE,nasdaq_trader,2026-09-18T10:45:30.194Z,2026-09-18T10:45:30.194Z
SEAT,Vivid Seats Inc.,NASDAQ,nasdaq_trader,2026-09-18T10:45:30.194Z,2026-09-18T10:45:30.194Z
SEATW,Vivid Seats Inc.,NASDAQ,nasdaq_trader,2026-09-18T10:45:30.194Z,2026-09-18T10:45:30.194Z
SEB,Seaboard Corporation,AMEX,nasdaq_trader,2026-09-18T10:45:30.194Z,2026-09-18T10:45:30.194Z
SECZ,Securitize Corp.,NYSE,excel_import,2026-09-18T09:57:12.863Z,2026-09-18T09:57:12.863Z
SEDG,"SolarEdge Technologies, Inc.",NASDAQ,nasdaq_trader,2026-09-18T10:45:30.194Z,2026-09-18T10:45:30.194Z
SEED,Origin Agritech Limited,NASDAQ,nasdaq_trader,2026-09-18T10:45:30.194Z,2026-09-18T10:45:30.194Z
SEER,"Seer, Inc.",NASDAQ,nasdaq_trader,2026-09-18T10:45:30.194Z,2026-09-18T10:45:30.194Z
SEG,Seaport Entertainment Group Inc.,NYSE,nasdaq_trader,2026-09-18T10:45:30.194Z,2026-09-18T10:45:30.194Z
SEGG,Sports Entertainment Gaming Global Corporation,NASDAQ,nasdaq_trader,2026-09-18T10:45:30.194Z,2026-09-18T10:45:30.194Z
SEI,"Solaris Energy Infrastructure, Inc.",NYSE,nasdaq_trader,2026-09-18T10:45:30.194Z,2026-09-18T10:45:30.194Z
SEIC,SEI Investments Company,NASDAQ,nasdaq_trader,2026-09-18T10:45:30.194Z,2026-09-18T10:45:30.194Z
SELF,"Global Self Storage, Inc.",NASDAQ,nasdaq_trader,2026-09-18T10:45:30.194Z,2026-09-18T10:45:30.194Z
SENEA,Seneca Foods Corp.,NASDAQ,nasdaq_trader,2026-09-18T10:45:30.194Z,2026-09-18T10:45:30.194Z
SENEB,Seneca Foods Corp.,NASDAQ,nasdaq_trader,2026-09-18T10:45:30.194Z,2026-09-18T10:45:30.194Z
SENGF,"SINOPEC Engineering (Group) Co., Ltd.",OTC,excel_import,2026-09-18T09:57:12.863Z,2026-09-18T09:57:12.863Z
SENS,"Senseonics Holdings, Inc.",NASDAQ,nasdaq_trader,2026-09-18T10:45:30.194Z,2026-09-18T10:45:30.194Z
SEPN,"Septerna, Inc.",NASDAQ,nasdaq_trader,2026-09-18T10:45:30.194Z,2026-09-18T10:45:30.194Z
SER,"Serina Therapeutics, Inc.",AMEX,nasdaq_trader,2026-09-18T10:45:30.194Z,2026-09-18T10:45:30.194Z
SERA,"Sera Prognostics, Inc.",NASDAQ,nasdaq_trader,2026-09-18T10:45:30.194Z,2026-09-18T10:45:30.194Z
SERV,Serve Robotics Inc.,NASDAQ,nasdaq_trader,2026-09-18T10:45:30.194Z,2026-09-18T10:45:30.194Z
SES,SES AI Corporation,NYSE,nasdaq_trader,2026-09-18T10:45:30.194Z,2026-09-18T10:45:30.194Z
SEV,Aptera Motors Corp.,NASDAQ,nasdaq_trader,2026-09-18T10:45:30.194Z,2026-09-18T10:45:30.194Z
SEVN,Seven Hills Realty Trust,NASDAQ,nasdaq_trader,2026-09-18T10:45:30.194Z,2026-09-18T10:45:30.194Z
SEZL,Sezzle Inc.,NASDAQ,nasdaq_trader,2026-09-18T10:45:30.194Z,2026-09-18T10:45:30.194Z
SF,Stifel Financial Corporation,NYSE,nasdaq_trader,2026-09-18T10:45:30.194Z,2026-09-18T10:45:30.194Z
SFB,Stifel Financial Corporation 5.,NYSE,nasdaq_trader,2026-09-18T10:45:30.194Z,2026-09-22T07:18:59.553Z
SFBC,"Sound Financial Bancorp, Inc.",NASDAQ,nasdaq_trader,2026-09-18T10:45:30.194Z,2026-09-18T10:45:30.194Z
SFBS,"ServisFirst Bancshares, Inc.",NYSE,nasdaq_trader,2026-09-18T10:45:30.194Z,2026-09-18T10:45:30.194Z
SFD,"Smithfield Foods, Inc.",NASDAQ,nasdaq_trader,2026-09-18T10:45:30.194Z,2026-09-18T10:45:30.194Z
SFHG,Samfine Creation Holdings Group Limited,NASDAQ,nasdaq_trader,2026-09-18T10:45:30.194Z,2026-09-18T10:45:30.194Z
SFIX,"Stitch Fix, Inc.",NASDAQ,nasdaq_trader,2026-09-18T10:45:30.194Z,2026-09-18T10:45:30.194Z
SFL,SFL Corporation Ltd,NYSE,nasdaq_trader,2026-09-18T10:45:30.194Z,2026-09-18T10:45:30.194Z
SFM,"Sprouts Farmers Market, Inc.",NASDAQ,nasdaq_trader,2026-09-18T10:45:30.194Z,2026-09-18T10:45:30.194Z
SFNC,Simmons First National Corporation,NASDAQ,nasdaq_trader,2026-09-18T10:45:30.194Z,2026-09-18T10:45:30.194Z
SFST,"Southern First Bancshares, Inc.",NASDAQ,nasdaq_trader,2026-09-18T10:45:30.194Z,2026-09-18T10:45:30.194Z
SFWL,Shengfeng Development Limited,NASDAQ,nasdaq_trader,2026-09-18T10:45:30.194Z,2026-09-18T10:45:30.194Z
SG,"Sweetgreen, Inc.",NYSE,nasdaq_trader,2026-09-18T10:45:30.194Z,2026-09-18T10:45:30.194Z
SGA,"Saga Communications, Inc.",NASDAQ,nasdaq_trader,2026-09-18T10:45:30.194Z,2026-09-18T10:45:30.194Z
SGC,"Superior Group of Companies, Inc.",NASDAQ,nasdaq_trader,2026-09-18T10:45:30.194Z,2026-09-18T10:45:30.194Z
SGHC,Super Group (SGHC) Limited,NYSE,nasdaq_trader,2026-09-18T10:45:30.194Z,2026-09-18T10:45:30.194Z
SGHT,"Sight Sciences, Inc.",NASDAQ,nasdaq_trader,2026-09-18T10:45:30.194Z,2026-09-18T10:45:30.194Z
SGI,Somnigroup International Inc.,NYSE,nasdaq_trader,2026-09-18T10:45:30.194Z,2026-09-18T10:45:30.194Z
SGLD,Scorpio Gold Corporation,NASDAQ,nasdaq_trader,2026-09-18T10:45:30.194Z,2026-09-18T10:45:30.194Z
SGLJF,Strauss Group Ltd.,OTC,excel_import,2026-09-18T09:57:12.863Z,2026-09-18T09:57:12.863Z
SGLY,Singularity Future Technology Ltd.,NASDAQ,nasdaq_trader,2026-09-18T10:45:30.194Z,2026-09-18T10:45:30.194Z
SGML,Sigma Lithium Corporation,NASDAQ,nasdaq_trader,2026-09-18T10:45:30.194Z,2026-09-18T10:45:30.194Z
SGMT,Sagimet Biosciences Inc.,NASDAQ,nasdaq_trader,2026-09-18T10:45:30.194Z,2026-09-18T10:45:30.194Z
SGP,"SpyGlass Pharma, Inc.",NASDAQ,excel_import,2026-09-18T09:57:12.863Z,2026-09-18T09:57:12.863Z
SGRX,SANGRIX INC.,NASDAQ,nasdaq_trader,2026-09-18T10:45:30.194Z,2026-09-18T10:45:30.194Z
SGRY,"Surgery Partners, Inc.",NASDAQ,nasdaq_trader,2026-09-18T10:45:30.194Z,2026-09-18T10:45:30.194Z
SGU,Star Group L.P.,NYSE,nasdaq_trader,2026-09-18T10:45:30.194Z,2026-09-18T10:45:30.194Z
SHAK,"Shake Shack, Inc.",NYSE,nasdaq_trader,2026-09-18T10:45:30.194Z,2026-09-18T10:45:30.194Z
SHAZ,"SharonAI Holdings, Inc.",NASDAQ,nasdaq_trader,2026-09-18T10:45:30.194Z,2026-09-18T10:45:30.194Z
SHBBF,Syensqo SA/NV,OTC,excel_import,2026-09-18T09:57:12.863Z,2026-09-22T07:18:58.893Z
SHBI,"Shore Bancshares, Inc.",NASDAQ,nasdaq_trader,2026-09-18T10:45:30.194Z,2026-09-18T10:45:30.194Z
SHC,Sotera Health Company,NASDAQ,nasdaq_trader,2026-09-18T10:45:30.194Z,2026-09-18T10:45:30.194Z
SHEL,Shell PLC,NYSE,nasdaq_trader,2026-09-18T10:45:30.194Z,2026-09-18T10:45:30.194Z
SHEN,Shenandoah Telecommunications Co,NASDAQ,nasdaq_trader,2026-09-18T10:45:30.194Z,2026-09-18T10:45:30.194Z
SHFH,Scientist Home Future Health Limited,OTC,excel_import,2026-09-18T09:57:12.863Z,2026-09-18T09:57:12.863Z
SHFS,"SHF Holdings, Inc.",NASDAQ,nasdaq_trader,2026-09-18T10:45:30.194Z,2026-09-18T10:45:30.194Z
SHFSW,"SHF Holdings, Inc.",NASDAQ,nasdaq_trader,2026-09-18T10:45:30.194Z,2026-09-18T10:45:30.194Z
SHG,Shinhan Financial Group Co Ltd,NYSE,nasdaq_trader,2026-09-18T10:45:30.194Z,2026-09-18T10:45:30.194Z
SHIM,Shimmick Corporation,NASDAQ,nasdaq_trader,2026-09-18T10:45:30.194Z,2026-09-18T10:45:30.194Z
SHIP,Seanergy Maritime Holdings Corp.,NASDAQ,nasdaq_trader,2026-09-18T10:45:30.194Z,2026-09-18T10:45:30.194Z
SHJBF,"Shanghai Junshi Biosciences Co., Ltd.",OTC,excel_import,2026-09-18T09:57:12.863Z,2026-09-18T09:57:12.863Z
SHLS,"Shoals Technologies Group, Inc.",NASDAQ,nasdaq_trader,2026-09-18T10:45:30.194Z,2026-09-18T10:45:30.194Z
SHMD,SCHMID Group N.V.,NASDAQ,nasdaq_trader,2026-09-18T10:45:30.194Z,2026-09-18T10:45:30.194Z
SHMDW,SCHMID Group N.V.,NASDAQ,nasdaq_trader,2026-09-18T10:45:30.194Z,2026-09-18T10:45:30.194Z
SHO,"Sunstone Hotel Investors, Inc.",NYSE,nasdaq_trader,2026-09-18T10:45:30.194Z,2026-09-22T07:18:59.555Z
SHOE,"Shoe Station Group, Inc.",NASDAQ,excel_import,2026-09-18T09:57:12.863Z,2026-09-18T09:57:12.863Z
SHOO,"Steven Madden, Ltd.",NASDAQ,nasdaq_trader,2026-09-18T10:45:30.194Z,2026-09-18T10:45:30.194Z
SHOP,Shopify Inc.,NASDAQ,nasdaq_trader,2026-09-18T10:45:30.194Z,2026-09-18T10:45:30.194Z
SHOT,RMG ML Sports Holdings,NASDAQ,nasdaq_trader,2026-09-18T10:45:30.194Z,2026-09-18T10:45:30.194Z
SHOTR,RMG ML Sports Holdings,NASDAQ,nasdaq_trader,2026-09-18T10:45:30.194Z,2026-09-18T10:45:30.194Z
SHOTU,RMG ML Sports Holdings,NASDAQ,nasdaq_trader,2026-09-18T10:45:30.194Z,2026-09-18T10:45:30.194Z
SHPH,"Shuttle Pharmaceuticals Holdings, Inc.",NASDAQ,nasdaq_trader,2026-09-18T10:45:30.194Z,2026-09-18T10:45:30.194Z
SHRXF,Sharp Therapeutics Corp.,OTC,excel_import,2026-09-18T09:57:12.863Z,2026-09-18T09:57:12.863Z
SHW,Sherwin-Williams Company (The),NYSE,nasdaq_trader,2026-09-18T10:45:30.194Z,2026-09-18T10:45:30.194Z
SI,"Shoulder Innovations, Inc.",NYSE,nasdaq_trader,2026-09-18T10:45:30.194Z,2026-09-18T10:45:30.194Z
SIBN,"SI-BONE, Inc.",NASDAQ,nasdaq_trader,2026-09-18T10:45:30.194Z,2026-09-18T10:45:30.194Z
SID,Companhia Siderúrgica Nacional,NYSE,nasdaq_trader,2026-09-18T10:45:30.194Z,2026-09-22T07:21:31.396Z
SIDU,"Sidus Space, Inc.",NASDAQ,nasdaq_trader,2026-09-18T10:45:30.194Z,2026-09-18T10:45:30.194Z
SIEB,Siebert Financial Corp.,NASDAQ,nasdaq_trader,2026-09-18T10:45:30.194Z,2026-09-18T10:45:30.194Z
SIF,"SIFCO Industries, Inc.",AMEX,nasdaq_trader,2026-09-18T10:45:30.194Z,2026-09-18T10:45:30.194Z
SIFY,Sify Technologies Limited,NASDAQ,nasdaq_trader,2026-09-18T10:45:30.194Z,2026-09-18T10:45:30.194Z
SIG,Signet Jewelers Limited Common Shares,NYSE,nasdaq_trader,2026-09-18T10:45:30.194Z,2026-09-18T10:45:30.194Z
SIGA,SIGA Technologies Inc.,NASDAQ,nasdaq_trader,2026-09-18T10:45:30.194Z,2026-09-18T10:45:30.194Z
SIGI,"Selective Insurance Group, Inc.",NASDAQ,nasdaq_trader,2026-09-18T10:45:30.194Z,2026-09-18T10:45:30.194Z
SIGIP,"Selective Insurance Group, Inc.",NASDAQ,nasdaq_trader,2026-09-18T10:45:30.194Z,2026-09-18T10:45:30.194Z
SII,Sprott Inc. Common Shares,NYSE,nasdaq_trader,2026-09-18T10:45:30.194Z,2026-09-18T10:45:30.194Z
SILC,Silicom Ltd,NASDAQ,nasdaq_trader,2026-09-18T10:45:30.194Z,2026-09-18T10:45:30.194Z
SILO,"Silo Pharma, Inc.",NASDAQ,nasdaq_trader,2026-09-18T10:45:30.194Z,2026-09-18T10:45:30.194Z
SIM,"Grupo Simec, S.A.B. de C.V.",AMEX,nasdaq_trader,2026-09-18T10:45:30.194Z,2026-09-18T10:45:30.194Z
SIMA,SIM Acquisition Corp. I,NASDAQ,nasdaq_trader,2026-09-18T10:45:30.194Z,2026-09-18T10:45:30.194Z
SIMAU,SIM Acquisition Corp. I,NASDAQ,nasdaq_trader,2026-09-18T10:45:30.194Z,2026-09-18T10:45:30.194Z
SIMAW,SIM Acquisition Corp. I,NASDAQ,nasdaq_trader,2026-09-18T10:45:30.194Z,2026-09-18T10:45:30.194Z
SIMO,Silicon Motion Technology Corporation,NASDAQ,nasdaq_trader,2026-09-18T10:45:30.194Z,2026-09-18T10:45:30.194Z
SIND,Sinda Ltd.,NYSE,nasdaq_trader,2026-09-18T10:45:30.194Z,2026-09-18T10:45:30.194Z
SINT,"SiNtx Technologies, Inc.",NASDAQ,nasdaq_trader,2026-09-18T10:45:30.194Z,2026-09-18T10:45:30.194Z
SION,"Sionna Therapeutics, Inc.",NASDAQ,nasdaq_trader,2026-09-18T10:45:30.194Z,2026-09-18T10:45:30.194Z
SIRI,SiriusXM Holdings Inc.,NASDAQ,nasdaq_trader,2026-09-18T10:45:30.194Z,2026-09-18T10:45:30.194Z
SIRZF,SIR Royalty Income Fund,OTC,excel_import,2026-09-18T09:57:12.863Z,2026-09-18T09:57:12.863Z
SITC,SITE Centers Corp.,NYSE,nasdaq_trader,2026-09-18T10:45:30.194Z,2026-09-18T10:45:30.194Z
SITE,"SiteOne Landscape Supply, Inc.",NYSE,nasdaq_trader,2026-09-18T10:45:30.194Z,2026-09-18T10:45:30.194Z
SITM,SiTime Corporation,NASDAQ,nasdaq_trader,2026-09-18T10:45:30.194Z,2026-09-18T10:45:30.194Z
SIVEF,Sivers Semiconductors AB (publ),OTC,excel_import,2026-09-18T09:57:12.863Z,2026-09-22T07:18:58.914Z
SJ,Scienjoy Holding Corporation,NASDAQ,nasdaq_trader,2026-09-18T10:45:30.194Z,2026-09-18T10:45:30.194Z
SJM,The J.M. Smucker Company,NYSE,nasdaq_trader,2026-09-18T10:45:30.194Z,2026-09-18T10:45:30.194Z
SJT,San Juan Basin Royalty Trust,NYSE,nasdaq_trader,2026-09-18T10:45:30.194Z,2026-09-18T10:45:30.194Z
SKE,Skeena Resources Limited Common Shares,NYSE,nasdaq_trader,2026-09-18T10:45:30.194Z,2026-09-18T10:45:30.194Z
SKHY,SK hynix Inc.,NASDAQ,nasdaq_trader,2026-09-18T10:45:30.194Z,2026-09-18T10:45:30.194Z
SKIL,Skillsoft Corp.,NYSE,nasdaq_trader,2026-09-18T10:45:30.194Z,2026-09-18T10:45:30.194Z
SKIN,SkinHealth Systems Inc.,NASDAQ,nasdaq_trader,2026-09-18T10:45:30.194Z,2026-09-18T10:45:30.194Z
SKK,SKK Holdings Limited,NASDAQ,nasdaq_trader,2026-09-18T10:45:30.194Z,2026-09-18T10:45:30.194Z
SKM,"SK Telecom Co., Ltd.",NYSE,nasdaq_trader,2026-09-18T10:45:30.194Z,2026-09-18T10:45:30.194Z
SKT,Tanger Inc.,NYSE,nasdaq_trader,2026-09-18T10:45:30.194Z,2026-09-18T10:45:30.194Z
SKWD,"Skyward Specialty Insurance Group, Inc.",NASDAQ,nasdaq_trader,2026-09-18T10:45:30.194Z,2026-09-18T10:45:30.194Z
SKY,"Champion Homes, Inc.",NYSE,nasdaq_trader,2026-09-18T10:45:30.194Z,2026-09-18T10:45:30.194Z
SKYA,"SkyAI, Inc.",NASDAQ,nasdaq_trader,2026-09-18T10:45:30.194Z,2026-09-18T10:45:30.194Z
SKYAW,"SkyAI, Inc.",NASDAQ,nasdaq_trader,2026-09-18T10:45:30.194Z,2026-09-18T10:45:30.194Z
SKYE,"Skye Bioscience, Inc.",NASDAQ,nasdaq_trader,2026-09-18T10:45:30.194Z,2026-09-18T10:45:30.194Z
SKYH,Sky Harbour Group Corporation,NYSE,nasdaq_trader,2026-09-18T10:45:30.194Z,2026-09-18T10:45:30.194Z
SKYH.W,Sky Harbour Group Corporation,NYSE,nasdaq_trader,2026-09-18T10:45:30.194Z,2026-09-18T10:45:30.194Z
SKYQ,Sky Quarry Inc.,NASDAQ,nasdaq_trader,2026-09-18T10:45:30.194Z,2026-09-18T10:45:30.194Z
SKYW,"SkyWest, Inc.",NASDAQ,nasdaq_trader,2026-09-18T10:45:30.194Z,2026-09-18T10:45:30.194Z
SKYX,SKYX Platforms Corp.,NASDAQ,nasdaq_trader,2026-09-18T10:45:30.194Z,2026-09-18T10:45:30.194Z
SLAB,"Silicon Laboratories, Inc.",NASDAQ,nasdaq_trader,2026-09-18T10:45:30.194Z,2026-09-18T10:45:30.194Z
SLAI,SOLAI Limited,NYSE,excel_import,2026-09-18T09:57:12.863Z,2026-09-18T09:57:12.863Z
SLB,SLB N.V.,NYSE,nasdaq_trader,2026-09-18T10:45:30.194Z,2026-09-22T07:18:59.557Z
SLBT,SL Science Holding Limited,NASDAQ,excel_import,2026-09-18T09:57:12.863Z,2026-09-18T09:57:12.863Z
SLCRF,Silver Crown Royalties Inc.,OTC,excel_import,2026-09-18T09:57:12.863Z,2026-09-18T09:57:12.863Z
SLDB,Solid Biosciences Inc.,NASDAQ,nasdaq_trader,2026-09-18T10:45:30.194Z,2026-09-18T10:45:30.194Z
SLDE,"Slide Insurance Holdings, Inc.",NASDAQ,nasdaq_trader,2026-09-18T10:45:30.194Z,2026-09-18T10:45:30.194Z
SLDP,"Solid Power, Inc.",NASDAQ,nasdaq_trader,2026-09-18T10:45:30.194Z,2026-09-18T10:45:30.194Z
SLDPW,"Solid Power, Inc.",NASDAQ,nasdaq_trader,2026-09-18T10:45:30.194Z,2026-09-18T10:45:30.194Z
SLE,"Super League Enterprise, Inc.",NASDAQ,nasdaq_trader,2026-09-18T10:45:30.194Z,2026-09-18T10:45:30.194Z
SLF,Sun Life Financial Inc.,NYSE,nasdaq_trader,2026-09-18T10:45:30.194Z,2026-09-18T10:45:30.194Z
SLG,SL Green Realty Corp,NYSE,nasdaq_trader,2026-09-18T10:45:30.194Z,2026-09-18T10:45:30.194Z
SLGB,Smart Logistics Global Limited,NASDAQ,nasdaq_trader,2026-09-18T10:45:30.194Z,2026-09-18T10:45:30.194Z
SLGL,Sol-Gel Technologies Ltd.,NASDAQ,nasdaq_trader,2026-09-18T10:45:30.194Z,2026-09-18T10:45:30.194Z
SLGN,Silgan Holdings Inc.,NYSE,nasdaq_trader,2026-09-18T10:45:30.194Z,2026-09-18T10:45:30.194Z
SLI,Standard Lithium Ltd. Common Shares,AMEX,nasdaq_trader,2026-09-18T10:45:30.194Z,2026-09-18T10:45:30.194Z
SLM,SLM Corporation,NASDAQ,nasdaq_trader,2026-09-18T10:45:30.194Z,2026-09-18T10:45:30.194Z
SLMBP,SLM Corporation,NASDAQ,nasdaq_trader,2026-09-18T10:45:30.194Z,2026-09-18T10:45:30.194Z
SLMT,Brera Holdings PLC,NASDAQ,nasdaq_trader,2026-09-18T10:45:30.194Z,2026-09-18T10:45:30.194Z
SLN,Silence Therapeutics Plc,NASDAQ,nasdaq_trader,2026-09-18T10:45:30.194Z,2026-09-18T10:45:30.194Z
SLND,"Southland Holdings, Inc.",AMEX,nasdaq_trader,2026-09-18T10:45:30.194Z,2026-09-18T10:45:30.194Z
SLND.W,"Southland Holdings, Inc.",AMEX,nasdaq_trader,2026-09-18T10:45:30.194Z,2026-09-18T10:45:30.194Z
SLNG,"Stabilis Solutions, Inc.",NASDAQ,nasdaq_trader,2026-09-18T10:45:30.194Z,2026-09-18T10:45:30.194Z
SLNH,"Soluna Holdings, Inc.",NASDAQ,nasdaq_trader,2026-09-18T10:45:30.194Z,2026-09-18T10:45:30.194Z
SLNHP,"Soluna Holdings, Inc.",NASDAQ,nasdaq_trader,2026-09-18T10:45:30.194Z,2026-09-18T10:45:30.194Z
SLP,"Simulations Plus, Inc.",NASDAQ,nasdaq_trader,2026-09-18T10:45:30.194Z,2026-09-18T10:45:30.194Z
SLQT,"SelectQuote, Inc.",NYSE,nasdaq_trader,2026-09-18T10:45:30.194Z,2026-09-18T10:45:30.194Z
SLRC,SLR Investment Corp.,NASDAQ,nasdaq_trader,2026-09-18T10:45:30.194Z,2026-09-18T10:45:30.194Z
SLS,"SELLAS Life Sciences Group, Inc.",NASDAQ,nasdaq_trader,2026-09-18T10:45:30.194Z,2026-09-18T10:45:30.194Z
SLSN,"Solesence, Inc.",NASDAQ,excel_import,2026-09-18T09:57:12.863Z,2026-09-22T07:18:58.912Z
SLSR,Solaris Resources Inc. Common Shares,AMEX,nasdaq_trader,2026-09-18T10:45:30.194Z,2026-09-18T10:45:30.194Z
SLTEF,Saltire Capital Ltd.,OTC,excel_import,2026-09-18T09:57:12.863Z,2026-09-18T09:57:12.863Z
SLTTF,Ravelin Properties REIT,OTC,excel_import,2026-09-18T09:57:12.863Z,2026-09-18T09:57:12.863Z
SLVM,Sylvamo Corporation,NYSE,nasdaq_trader,2026-09-18T10:45:30.194Z,2026-09-18T10:45:30.194Z
SLXN,Silexion Therapeutics Corp,NASDAQ,nasdaq_trader,2026-09-18T10:45:30.194Z,2026-09-18T10:45:30.194Z
SLXNW,Silexion Therapeutics Corp,NASDAQ,nasdaq_trader,2026-09-18T10:45:30.194Z,2026-09-18T10:45:30.194Z
SM,SM Energy Company,NYSE,nasdaq_trader,2026-09-18T10:45:30.194Z,2026-09-18T10:45:30.194Z
SMA,"SmartStop Self Storage REIT, Inc.",NYSE,excel_import,2026-09-18T09:57:12.863Z,2026-09-18T09:57:12.863Z
SMBC,"Southern Missouri Bancorp, Inc.",NASDAQ,nasdaq_trader,2026-09-18T10:45:30.194Z,2026-09-18T10:45:30.194Z
SMBK,"SmartFinancial, Inc.",NYSE,nasdaq_trader,2026-09-18T10:45:30.194Z,2026-09-18T10:45:30.194Z
SMC,Summit Midstream Corporation,NYSE,nasdaq_trader,2026-09-18T10:45:30.194Z,2026-09-18T10:45:30.194Z
SMCI,"Super Micro Computer, Inc.",NASDAQ,nasdaq_trader,2026-09-18T10:45:30.194Z,2026-09-18T10:45:30.194Z
SMCIP,"Super Micro Computer, Inc.",NASDAQ,nasdaq_trader,2026-09-18T10:45:30.194Z,2026-09-18T10:45:30.194Z
SMFG,"Sumitomo Mitsui Financial Group, Inc.",NYSE,nasdaq_trader,2026-09-18T10:45:30.194Z,2026-09-22T07:18:59.559Z
SMG,Scotts Miracle-Gro Company (The),NYSE,nasdaq_trader,2026-09-18T10:45:30.194Z,2026-09-18T10:45:30.194Z
SMHI,SEACOR Marine Holdings Inc.,NYSE,nasdaq_trader,2026-09-18T10:45:30.194Z,2026-09-18T10:45:30.194Z
SMID,Smith-Midland Corporation,NASDAQ,nasdaq_trader,2026-09-18T10:45:30.194Z,2026-09-18T10:45:30.194Z
SMJF,SMJ International Holdings Inc.,AMEX,nasdaq_trader,2026-09-18T10:45:30.194Z,2026-09-18T10:45:30.194Z
SMMT,Summit Therapeutics Inc.,NASDAQ,nasdaq_trader,2026-09-18T10:45:30.194Z,2026-09-18T10:45:30.194Z
SMP,"Standard Motor Products, Inc.",NYSE,nasdaq_trader,2026-09-18T10:45:30.194Z,2026-09-18T10:45:30.194Z
SMPL,The Simply Good Foods Company,NASDAQ,nasdaq_trader,2026-09-18T10:45:30.194Z,2026-09-18T10:45:30.194Z
SMR,NuScale Power Corporation,NYSE,nasdaq_trader,2026-09-18T10:45:30.194Z,2026-09-18T10:45:30.194Z
SMRT,"SmartRent, Inc.",NYSE,nasdaq_trader,2026-09-18T10:45:30.194Z,2026-09-18T10:45:30.194Z
SMSI,"Smith Micro Software, Inc.",NASDAQ,nasdaq_trader,2026-09-18T10:45:30.194Z,2026-09-18T10:45:30.194Z
SMSOF,Samsonite Group S.A.,OTC,excel_import,2026-09-18T09:57:12.863Z,2026-09-18T09:57:12.863Z
SMTC,Semtech Corporation,NASDAQ,nasdaq_trader,2026-09-18T10:45:30.194Z,2026-09-18T10:45:30.194Z
SMTI,Sanara MedTech Inc.,NASDAQ,nasdaq_trader,2026-09-18T10:45:30.194Z,2026-09-18T10:45:30.194Z
SMTK,"SmartKem, Inc.",NASDAQ,nasdaq_trader,2026-09-18T10:45:30.194Z,2026-09-18T10:45:30.194Z
SMWB,Similarweb Ltd.,NYSE,nasdaq_trader,2026-09-18T10:45:30.194Z,2026-09-18T10:45:30.194Z
SMX,SMX (Security Matters) Public Limited Company,NASDAQ,nasdaq_trader,2026-09-18T10:45:30.194Z,2026-09-18T10:45:30.194Z
SMXT,Solarmax Technology Inc.,NASDAQ,nasdaq_trader,2026-09-18T10:45:30.194Z,2026-09-18T10:45:30.194Z
SMXWW,SMX (Security Matters) Public Limited Company,NASDAQ,nasdaq_trader,2026-09-18T10:45:30.194Z,2026-09-18T10:45:30.194Z
SN,"SharkNinja, Inc.",NYSE,nasdaq_trader,2026-09-18T10:45:30.194Z,2026-09-18T10:45:30.194Z
SNA,Snap-On Incorporated,NYSE,nasdaq_trader,2026-09-18T10:45:30.194Z,2026-09-18T10:45:30.194Z
SNAL,"Snail, Inc.",NASDAQ,nasdaq_trader,2026-09-18T10:45:30.194Z,2026-09-18T10:45:30.194Z
SNAP,Snap Inc.,NYSE,nasdaq_trader,2026-09-18T10:45:30.194Z,2026-09-18T10:45:30.194Z
SND,"Smart Sand, Inc.",NASDAQ,nasdaq_trader,2026-09-18T10:45:30.194Z,2026-09-18T10:45:30.194Z
SNDA,"Sonida Senior Living, Inc.",NYSE,nasdaq_trader,2026-09-18T10:45:30.194Z,2026-09-18T10:45:30.194Z
SNDK,Sandisk Corporation,NASDAQ,nasdaq_trader,2026-09-18T10:45:30.194Z,2026-09-18T10:45:30.194Z
SNDL,SNDL Inc.,NASDAQ,nasdaq_trader,2026-09-18T10:45:30.194Z,2026-09-18T10:45:30.194Z
SNDR,"Schneider National, Inc.",NYSE,nasdaq_trader,2026-09-18T10:45:30.194Z,2026-09-18T10:45:30.194Z
SNDX,"Syndax Pharmaceuticals, Inc.",NASDAQ,nasdaq_trader,2026-09-18T10:45:30.194Z,2026-09-18T10:45:30.194Z
SNES,"SenesTech, Inc.",NASDAQ,nasdaq_trader,2026-09-18T10:45:30.194Z,2026-09-18T10:45:30.194Z
SNEX,StoneX Group Inc.,NASDAQ,nasdaq_trader,2026-09-18T10:45:30.194Z,2026-09-18T10:45:30.194Z
SNFCA,Security National Financial Corporation,NASDAQ,nasdaq_trader,2026-09-18T10:45:30.194Z,2026-09-18T10:45:30.194Z
SNGX,"Soligenix, Inc.",NASDAQ,nasdaq_trader,2026-09-18T10:45:30.194Z,2026-09-18T10:45:30.194Z
SNN,Smith & Nephew plc,NYSE,nasdaq_trader,2026-09-18T10:45:30.194Z,2026-09-22T07:18:59.560Z
SNOA,"Sonoma Pharmaceuticals, Inc.",NASDAQ,nasdaq_trader,2026-09-18T10:45:30.194Z,2026-09-18T10:45:30.194Z
SNOW,Snowflake Inc.,NYSE,nasdaq_trader,2026-09-18T10:45:30.194Z,2026-09-18T10:45:30.194Z
SNPS,"Synopsys, Inc.",NASDAQ,nasdaq_trader,2026-09-18T10:45:30.194Z,2026-09-18T10:45:30.194Z
SNSC,SunScout Holding Limited,AMEX,nasdaq_trader,2026-09-18T10:45:30.194Z,2026-09-18T10:45:30.194Z
SNT,Senstar Technologies Corporation,NASDAQ,nasdaq_trader,2026-09-18T10:45:30.194Z,2026-09-18T10:45:30.194Z
SNTG,Sentage Holdings Inc.,NASDAQ,nasdaq_trader,2026-09-18T10:45:30.194Z,2026-09-18T10:45:30.194Z
SNTI,"Senti Biosciences Holdings, Inc.",NASDAQ,nasdaq_trader,2026-09-18T10:45:30.194Z,2026-09-18T10:45:30.194Z
SNWV,"SANUWAVE Health, Inc.",NASDAQ,nasdaq_trader,2026-09-18T10:45:30.194Z,2026-09-18T10:45:30.194Z
SNX,TD SYNNEX Corporation,NYSE,nasdaq_trader,2026-09-18T10:45:30.194Z,2026-09-18T10:45:30.194Z
SNY,Sanofi,NASDAQ,nasdaq_trader,2026-09-18T10:45:30.194Z,2026-09-18T10:45:30.194Z
SO,Southern Company (The),NYSE,nasdaq_trader,2026-09-18T10:45:30.194Z,2026-09-18T10:45:30.194Z
SOAR,"Volato Group, Inc.",AMEX,nasdaq_trader,2026-09-18T10:45:30.194Z,2026-09-18T10:45:30.194Z
SOBO,South Bow Corporation Common Shares,NYSE,nasdaq_trader,2026-09-18T10:45:30.194Z,2026-09-18T10:45:30.194Z
SOC,Sable Offshore Corp.,NYSE,nasdaq_trader,2026-09-18T10:45:30.194Z,2026-09-18T10:45:30.194Z
SOCA,Solarius Capital Acquisition Corp.,NASDAQ,nasdaq_trader,2026-09-18T10:45:30.194Z,2026-09-18T10:45:30.194Z
SOCAU,Solarius Capital Acquisition Corp.,NASDAQ,nasdaq_trader,2026-09-18T10:45:30.194Z,2026-09-18T10:45:30.194Z
SOCAW,Solarius Capital Acquisition Corp.,NASDAQ,nasdaq_trader,2026-09-18T10:45:30.194Z,2026-09-18T10:45:30.194Z
SOFI,"SoFi Technologies, Inc.",NASDAQ,nasdaq_trader,2026-09-18T10:45:30.194Z,2026-09-18T10:45:30.194Z
SOFWF,Sofwave Medical Ltd,OTC,excel_import,2026-09-18T09:57:12.863Z,2026-09-18T09:57:12.863Z
SOGP,Sound Group Inc.,NASDAQ,nasdaq_trader,2026-09-18T10:45:30.194Z,2026-09-18T10:45:30.194Z
SOHU,Sohu.com Limited,NASDAQ,nasdaq_trader,2026-09-18T10:45:30.194Z,2026-09-18T10:45:30.194Z
SOJC,The Southern Company JR 2017B NT 77,NYSE,nasdaq_trader,2026-09-18T10:45:30.194Z,2026-09-22T07:18:59.562Z
SOJD,Southern Company (The) Series 2,NYSE,nasdaq_trader,2026-09-18T10:45:30.194Z,2026-09-22T07:18:59.563Z
SOJE,Southern Company (The) Series 2,NYSE,nasdaq_trader,2026-09-18T10:45:30.194Z,2026-09-22T07:18:59.565Z
SOJF,Southern Company (The) Series 2,NYSE,nasdaq_trader,2026-09-18T10:45:30.194Z,2026-09-22T07:18:59.566Z
SOLS,Solstice Advanced Materials Inc.,NASDAQ,nasdaq_trader,2026-09-18T10:45:30.194Z,2026-09-18T10:45:30.194Z
SOLV,Solventum Corporation,NYSE,nasdaq_trader,2026-09-18T10:45:30.194Z,2026-09-18T10:45:30.194Z
SOMN,The Southern Company,NYSE,nasdaq_trader,2026-09-18T10:45:30.194Z,2026-09-22T07:18:59.568Z
SON,Sonoco Products Company,NYSE,nasdaq_trader,2026-09-18T10:45:30.194Z,2026-09-18T10:45:30.194Z
SONM,"DNA X, Inc.",NASDAQ,nasdaq_trader,2026-09-18T10:45:30.194Z,2026-09-18T10:45:30.194Z
SONO,"Sonos, Inc.",NASDAQ,nasdaq_trader,2026-09-18T10:45:30.194Z,2026-09-18T10:45:30.194Z
SONY,Sony Group Corporation,NYSE,nasdaq_trader,2026-09-18T10:45:30.194Z,2026-09-18T10:45:30.194Z
SOPH,SOPHiA GENETICS SA,NASDAQ,nasdaq_trader,2026-09-18T10:45:30.194Z,2026-09-18T10:45:30.194Z
SOR,Source Capital,NYSE,nasdaq_trader,2026-09-18T10:45:30.194Z,2026-09-22T07:18:59.569Z
SORA,AsiaStrategy,NASDAQ,nasdaq_trader,2026-09-18T10:45:30.194Z,2026-09-18T10:45:30.194Z
SORN,Soren Acquisition Corp.,NASDAQ,nasdaq_trader,2026-09-18T10:45:30.194Z,2026-09-18T10:45:30.194Z
SORNU,Soren Acquisition Corp.,NASDAQ,nasdaq_trader,2026-09-18T10:45:30.194Z,2026-09-18T10:45:30.194Z
SORNW,Soren Acquisition Corp.,NASDAQ,nasdaq_trader,2026-09-18T10:45:30.194Z,2026-09-18T10:45:30.194Z
SOS,SOS Limited,NYSE,nasdaq_trader,2026-09-18T10:45:30.194Z,2026-09-18T10:45:30.194Z
SOTK,Sono-Tek Corporation,NASDAQ,nasdaq_trader,2026-09-18T10:45:30.194Z,2026-09-18T10:45:30.194Z
SOUL,Soulpower Acquisition Corporation,NYSE,nasdaq_trader,2026-09-18T10:45:30.194Z,2026-09-18T10:45:30.194Z
SOUL.R,Soulpower Acquisition Corporation,NYSE,nasdaq_trader,2026-09-18T10:45:30.194Z,2026-09-18T10:45:30.194Z
SOUL.U,Soulpower Acquisition Corporation,NYSE,nasdaq_trader,2026-09-18T10:45:30.194Z,2026-09-18T10:45:30.194Z
SOUN,"SoundHound AI, Inc.",NASDAQ,nasdaq_trader,2026-09-18T10:45:30.194Z,2026-09-18T10:45:30.194Z
SOUNW,"SoundHound AI, Inc.",NASDAQ,nasdaq_trader,2026-09-18T10:45:30.194Z,2026-09-18T10:45:30.194Z
SOUTF,Southern Energy Corp.,OTC,excel_import,2026-09-18T09:57:12.863Z,2026-09-18T09:57:12.863Z
SOWG,Sow Good Inc.,NASDAQ,nasdaq_trader,2026-09-18T10:45:30.194Z,2026-09-18T10:45:30.194Z
SPAI,Safe Pro Group Inc.,NASDAQ,nasdaq_trader,2026-09-18T10:45:30.194Z,2026-09-18T10:45:30.194Z
SPB,"Spectrum Brands Holdings, Inc.",NYSE,nasdaq_trader,2026-09-18T10:45:30.194Z,2026-09-18T10:45:30.194Z
SPCB,"SuperCom, Ltd.",NASDAQ,nasdaq_trader,2026-09-18T10:45:30.194Z,2026-09-18T10:45:30.194Z
SPCE,"Virgin Galactic Holdings, Inc.",NYSE,nasdaq_trader,2026-09-18T10:45:30.194Z,2026-09-18T10:45:30.194Z
SPCX,Space Exploration Technologies Corp.,NASDAQ,nasdaq_trader,2026-09-18T10:45:30.194Z,2026-09-18T10:45:30.194Z
SPE,"Special Opportunities Fund, Inc",NYSE,nasdaq_trader,2026-09-18T10:45:30.194Z,2026-09-18T10:45:30.194Z
SPEG,Silver Pegasus Acquisition Corp,NASDAQ,nasdaq_trader,2026-09-18T10:45:30.194Z,2026-09-18T10:45:30.194Z
SPEGR,Silver Pegasus Acquisition Corp Rights.,NASDAQ,nasdaq_trader,2026-09-18T10:45:30.194Z,2026-09-22T07:18:59.057Z
SPEGU,Silver Pegasus Acquisition Corp,NASDAQ,nasdaq_trader,2026-09-18T10:45:30.194Z,2026-09-18T10:45:30.194Z
SPFI,"South Plains Financial, Inc.",NASDAQ,nasdaq_trader,2026-09-18T10:45:30.194Z,2026-09-18T10:45:30.194Z
SPG,"Simon Property Group, Inc.",NYSE,nasdaq_trader,2026-09-18T10:45:30.194Z,2026-09-18T10:45:30.194Z
SPGI,S&P Global Inc.,NYSE,nasdaq_trader,2026-09-18T10:45:30.194Z,2026-09-18T10:45:30.194Z
SPH,"Suburban Propane Partners, L.P.",NYSE,nasdaq_trader,2026-09-18T10:45:30.194Z,2026-09-18T10:45:30.194Z
SPHL,Springview Holdings Ltd,NASDAQ,nasdaq_trader,2026-09-18T10:45:30.194Z,2026-09-18T10:45:30.194Z
SPHR,Sphere Entertainment Co.,NYSE,nasdaq_trader,2026-09-18T10:45:30.194Z,2026-09-18T10:45:30.194Z
SPIR,"Spire Global, Inc.",NYSE,nasdaq_trader,2026-09-18T10:45:30.194Z,2026-09-18T10:45:30.194Z
SPKL,Spark I Acquisition Corp.,NASDAQ,nasdaq_trader,2026-09-18T10:45:30.194Z,2026-09-18T10:45:30.194Z
SPKLU,Spark I Acquisition Corp.,NASDAQ,nasdaq_trader,2026-09-18T10:45:30.194Z,2026-09-18T10:45:30.194Z
SPKLW,Spark I Acquisition Corp.,NASDAQ,nasdaq_trader,2026-09-18T10:45:30.194Z,2026-09-18T10:45:30.194Z
SPMA,"Sound Point Meridian Capital, Inc.",NYSE,nasdaq_trader,2026-09-18T10:45:30.194Z,2026-09-22T07:18:59.571Z
SPMC,"Sound Point Meridian Capital, Inc.",NYSE,nasdaq_trader,2026-09-18T10:45:30.194Z,2026-09-18T10:45:30.194Z
SPME,"Sound Point Meridian Capital, Inc.",NYSE,nasdaq_trader,2026-09-18T10:45:30.194Z,2026-09-22T07:18:59.573Z
SPNT,SiriusPoint Ltd. Common Shares,NYSE,nasdaq_trader,2026-09-18T10:45:30.194Z,2026-09-18T10:45:30.194Z
SPOK,"Spok Holdings, Inc.",NASDAQ,nasdaq_trader,2026-09-18T10:45:30.194Z,2026-09-18T10:45:30.194Z
SPOT,Spotify Technology S.A.,NYSE,nasdaq_trader,2026-09-18T10:45:30.194Z,2026-09-18T10:45:30.194Z
SPPL,SIMPPLE LTD.,NASDAQ,nasdaq_trader,2026-09-18T10:45:30.194Z,2026-09-18T10:45:30.194Z
SPRB,"Spruce Biosciences, Inc.",NASDAQ,nasdaq_trader,2026-09-18T10:45:30.194Z,2026-09-18T10:45:30.194Z
SPRC,SciSparc Ltd.,NASDAQ,nasdaq_trader,2026-09-18T10:45:30.194Z,2026-09-18T10:45:30.194Z
SPRO,"Spero Therapeutics, Inc.",NASDAQ,nasdaq_trader,2026-09-18T10:45:30.194Z,2026-09-18T10:45:30.194Z
SPRU,Spruce Power Holding Corporation,NYSE,nasdaq_trader,2026-09-18T10:45:30.194Z,2026-09-18T10:45:30.194Z
SPRY,"ARS Pharmaceuticals, Inc.",NASDAQ,nasdaq_trader,2026-09-18T10:45:30.194Z,2026-09-18T10:45:30.194Z
SPSAF,Sopra Steria Group SA,OTC,excel_import,2026-09-18T09:57:12.863Z,2026-09-18T09:57:12.863Z
SPSC,"SPS Commerce, Inc.",NASDAQ,nasdaq_trader,2026-09-18T10:45:30.194Z,2026-09-18T10:45:30.194Z
SPT,"Sprout Social, Inc",NASDAQ,nasdaq_trader,2026-09-18T10:45:30.194Z,2026-09-18T10:45:30.194Z
SPTX,"Seaport Therapeutics, Inc.",NASDAQ,nasdaq_trader,2026-09-18T10:45:30.194Z,2026-09-18T10:45:30.194Z
SPWH,"Sportsman's Warehouse Holdings, Inc.",NASDAQ,nasdaq_trader,2026-09-18T10:45:30.194Z,2026-09-18T10:45:30.194Z
SPWR,SunPower Inc.,NASDAQ,nasdaq_trader,2026-09-18T10:45:30.194Z,2026-09-18T10:45:30.194Z
SPWRW,SunPower Inc.,NASDAQ,nasdaq_trader,2026-09-18T10:45:30.194Z,2026-09-18T10:45:30.194Z
SPXC,"SPX Technologies, Inc.",NYSE,nasdaq_trader,2026-09-18T10:45:30.194Z,2026-09-18T10:45:30.194Z
SPXX,Nuveen S&P 500 Dynamic Overwrite Fund,NYSE,nasdaq_trader,2026-09-18T10:45:30.194Z,2026-09-18T10:45:30.194Z
SQFT,"Presidio Property Trust, Inc.",NASDAQ,nasdaq_trader,2026-09-18T10:45:30.194Z,2026-09-18T10:45:30.194Z
SQFTP,"Presidio Property Trust, Inc.",NASDAQ,nasdaq_trader,2026-09-18T10:45:30.194Z,2026-09-18T10:45:30.194Z
SQFTW,"Presidio Property Trust, Inc.",NASDAQ,nasdaq_trader,2026-09-18T10:45:30.194Z,2026-09-18T10:45:30.194Z
SQM,Sociedad Química y Minera de Chile S.A.,NYSE,nasdaq_trader,2026-09-18T10:45:30.194Z,2026-09-22T07:21:31.400Z
SQNS,Sequans Communications S.A.,NYSE,nasdaq_trader,2026-09-18T10:45:30.194Z,2026-09-18T10:45:30.194Z
SR,Spire Inc.,NYSE,nasdaq_trader,2026-09-18T10:45:30.194Z,2026-09-18T10:45:30.194Z
SRAD,Sportradar Group AG,NASDAQ,nasdaq_trader,2026-09-18T10:45:30.194Z,2026-09-18T10:45:30.194Z
SRBK,"SR Bancorp, Inc.",NASDAQ,nasdaq_trader,2026-09-18T10:45:30.194Z,2026-09-18T10:45:30.194Z
SRCE,1st Source Corporation,NASDAQ,nasdaq_trader,2026-09-18T10:45:30.194Z,2026-09-18T10:45:30.194Z
SRE,Sempra,NYSE,nasdaq_trader,2026-09-18T10:45:30.194Z,2026-09-22T07:18:59.575Z
SREA,DBA Sempra 5.750% Junior Subord,NYSE,nasdaq_trader,2026-09-18T10:45:30.194Z,2026-09-22T07:18:59.577Z
SRFM,Surf Air Mobility Inc.,NYSE,nasdaq_trader,2026-09-18T10:45:30.194Z,2026-09-18T10:45:30.194Z
SRG,Seritage Growth Properties,NYSE,nasdaq_trader,2026-09-18T10:45:30.194Z,2026-09-18T10:45:30.194Z
SRI,"Stoneridge, Inc.",NYSE,nasdaq_trader,2026-09-18T10:45:30.194Z,2026-09-18T10:45:30.194Z
SRJN,Spire Inc. 6.375% Junior Subord,NYSE,nasdaq_trader,2026-09-18T10:45:30.194Z,2026-09-22T07:18:59.578Z
SRL,Scully Royalty Ltd.,NYSE,nasdaq_trader,2026-09-18T10:45:30.194Z,2026-09-18T10:45:30.194Z
SRPT,"Sarepta Therapeutics, Inc.",NASDAQ,nasdaq_trader,2026-09-18T10:45:30.194Z,2026-09-18T10:45:30.194Z
SRRK,Scholar Rock Holding Corporation,NASDAQ,nasdaq_trader,2026-09-18T10:45:30.194Z,2026-09-18T10:45:30.194Z
SRTA,"Strata Critical Medical, Inc.",NASDAQ,nasdaq_trader,2026-09-18T10:45:30.194Z,2026-09-18T10:45:30.194Z
SRTS,"Sensus Healthcare, Inc.",NASDAQ,nasdaq_trader,2026-09-18T10:45:30.194Z,2026-09-18T10:45:30.194Z
SRV,NXG Cushing Midstream Energy Fund,NYSE,nasdaq_trader,2026-09-18T10:45:30.194Z,2026-09-18T10:45:30.194Z
SRXH,SRX Global Inc.,AMEX,nasdaq_trader,2026-09-18T10:45:30.194Z,2026-09-18T10:45:30.194Z
SRZN,"Surrozen, Inc.",NASDAQ,nasdaq_trader,2026-09-18T10:45:30.194Z,2026-09-18T10:45:30.194Z
SSAC,SPACSphere Acquisition Corp.,NASDAQ,nasdaq_trader,2026-09-18T10:45:30.194Z,2026-09-18T10:45:30.194Z
SSACR,SPACSphere Acquisition Corp.,NASDAQ,nasdaq_trader,2026-09-18T10:45:30.194Z,2026-09-18T10:45:30.194Z
SSACU,SPACSphere Acquisition Corp.,NASDAQ,nasdaq_trader,2026-09-18T10:45:30.194Z,2026-09-18T10:45:30.194Z
SSACW,SPACSphere Acquisition Corp.,NASDAQ,nasdaq_trader,2026-09-18T10:45:30.194Z,2026-09-18T10:45:30.194Z
SSB,SouthState Bank Corporation,NYSE,nasdaq_trader,2026-09-18T10:45:30.194Z,2026-09-18T10:45:30.194Z
SSBI,Summit State Bank,NASDAQ,nasdaq_trader,2026-09-18T10:45:30.194Z,2026-09-18T10:45:30.194Z
SSD,"Simpson Manufacturing Company, Inc.",NYSE,nasdaq_trader,2026-09-18T10:45:30.194Z,2026-09-18T10:45:30.194Z
SSEA,Starry Sea Acquisition Corp,NASDAQ,nasdaq_trader,2026-09-18T10:45:30.194Z,2026-09-18T10:45:30.194Z
SSEAR,Starry Sea Acquisition Corp,NASDAQ,nasdaq_trader,2026-09-18T10:45:30.194Z,2026-09-18T10:45:30.194Z
SSEAU,Starry Sea Acquisition Corp,NASDAQ,nasdaq_trader,2026-09-18T10:45:30.194Z,2026-09-18T10:45:30.194Z
SSGC,SafeSpace Global Corporation,OTC,excel_import,2026-09-18T09:57:12.863Z,2026-09-18T09:57:12.863Z
SSII,SS Innovations International Inc.,NASDAQ,nasdaq_trader,2026-09-18T10:45:30.194Z,2026-09-18T10:45:30.194Z
SSL,Sasol Ltd.,NYSE,nasdaq_trader,2026-09-18T10:45:30.194Z,2026-09-18T10:45:30.194Z
SSM,Sono Group N.V.,NASDAQ,nasdaq_trader,2026-09-18T10:45:30.194Z,2026-09-18T10:45:30.194Z
SSMR,Sunshine Silver Mining & Refining Company,NYSE,excel_import,2026-09-18T09:57:12.863Z,2026-09-18T09:57:12.863Z
SSNC,"SS&C Technologies Holdings, Inc.",NASDAQ,nasdaq_trader,2026-09-18T10:45:30.194Z,2026-09-18T10:45:30.194Z
SSP,E.W. Scripps Company (The),NASDAQ,nasdaq_trader,2026-09-18T10:45:30.194Z,2026-09-18T10:45:30.194Z
SSRM,SSR Mining Inc.,NASDAQ,nasdaq_trader,2026-09-18T10:45:30.194Z,2026-09-18T10:45:30.194Z
SST,"System1, Inc.",NYSE,nasdaq_trader,2026-09-18T10:45:30.194Z,2026-09-18T10:45:30.194Z
SSTI,"SoundThinking, Inc.",NASDAQ,excel_import,2026-09-18T09:57:12.863Z,2026-09-18T09:57:12.863Z
SSTK,"Shutterstock, Inc.",NYSE,nasdaq_trader,2026-09-18T10:45:30.194Z,2026-09-18T10:45:30.194Z
SSYS,"Stratasys, Ltd.",NASDAQ,nasdaq_trader,2026-09-18T10:45:30.194Z,2026-09-18T10:45:30.194Z
ST,Sensata Technologies Holding plc,NYSE,nasdaq_trader,2026-09-18T10:45:30.194Z,2026-09-18T10:45:30.194Z
STAA,STAAR Surgical Company,NASDAQ,nasdaq_trader,2026-09-18T10:45:30.194Z,2026-09-18T10:45:30.194Z
STAG,"Stag Industrial, Inc.",NYSE,nasdaq_trader,2026-09-18T10:45:30.194Z,2026-09-18T10:45:30.194Z
STAK,STAK Inc.,NASDAQ,nasdaq_trader,2026-09-18T10:45:30.194Z,2026-09-18T10:45:30.194Z
STBA,"S&T Bancorp, Inc.",NASDAQ,nasdaq_trader,2026-09-18T10:45:30.194Z,2026-09-18T10:45:30.194Z
STC,Stewart Information Services Corporation,NYSE,nasdaq_trader,2026-09-18T10:45:30.194Z,2026-09-18T10:45:30.194Z
STDN,"Standard Nuclear, Inc.",NYSE,nasdaq_trader,2026-09-18T10:45:30.194Z,2026-09-18T10:45:30.194Z
STE,STERIS plc,NYSE,nasdaq_trader,2026-09-18T10:45:30.194Z,2026-09-22T07:18:59.580Z
STEM,"Stem, Inc.",NYSE,nasdaq_trader,2026-09-18T10:45:30.194Z,2026-09-18T10:45:30.194Z
STEP,StepStone Group Inc.,NASDAQ,nasdaq_trader,2026-09-18T10:45:30.194Z,2026-09-18T10:45:30.194Z
STEW,"SRH Total Return Fund, Inc.",NYSE,nasdaq_trader,2026-09-18T10:45:30.194Z,2026-09-18T10:45:30.194Z
STEX,Streamex Corp.,NASDAQ,nasdaq_trader,2026-09-18T10:45:30.194Z,2026-09-18T10:45:30.194Z
STFS,Star Fashion Culture Holdings Limited,NASDAQ,nasdaq_trader,2026-09-18T10:45:30.194Z,2026-09-18T10:45:30.194Z
STG,Sunlands Technology Group,NYSE,nasdaq_trader,2026-09-18T10:45:30.194Z,2026-09-18T10:45:30.194Z
STGW,Stagwell Inc.,NASDAQ,nasdaq_trader,2026-09-18T10:45:30.194Z,2026-09-18T10:45:30.194Z
STHO,Star Holdings,NASDAQ,nasdaq_trader,2026-09-18T10:45:30.194Z,2026-09-18T10:45:30.194Z
STHRF,Strathcona Resources Ltd.,OTC,excel_import,2026-09-18T09:57:12.863Z,2026-09-18T09:57:12.863Z
STI,"Solidion Technology, Inc.",NASDAQ,nasdaq_trader,2026-09-18T10:45:30.194Z,2026-09-18T10:45:30.194Z
STIM,"Neuronetics, Inc.",NASDAQ,nasdaq_trader,2026-09-18T10:45:30.194Z,2026-09-18T10:45:30.194Z
STK,Columbia Seligman Premium Technology Growth Fund Inc,NYSE,nasdaq_trader,2026-09-18T10:45:30.194Z,2026-09-18T10:45:30.194Z
STKE,Sol Strategies Inc.,NASDAQ,nasdaq_trader,2026-09-18T10:45:30.194Z,2026-09-18T10:45:30.194Z
STKH,Steakholder Foods Ltd.,NASDAQ,nasdaq_trader,2026-09-18T10:45:30.194Z,2026-09-18T10:45:30.194Z
STKS,"The ONE Group Hospitality, Inc.",NASDAQ,nasdaq_trader,2026-09-18T10:45:30.194Z,2026-09-18T10:45:30.194Z
STLA,Stellantis N.V. Common Shares,NYSE,nasdaq_trader,2026-09-18T10:45:30.194Z,2026-09-18T10:45:30.194Z
STLD,"Steel Dynamics, Inc.",NASDAQ,nasdaq_trader,2026-09-18T10:45:30.194Z,2026-09-18T10:45:30.194Z
STLN,"The Oncology Institute, Inc.",NASDAQ,excel_import,2026-09-18T09:57:12.863Z,2026-09-22T07:18:58.901Z
STLNW,"Starling Oncology, Inc.",NASDAQ,nasdaq_trader,2026-09-18T10:45:30.194Z,2026-09-18T10:45:30.194Z
STM,STMicroelectronics N.V.,NYSE,nasdaq_trader,2026-09-18T10:45:30.194Z,2026-09-18T10:45:30.194Z
STN,Stantec Inc,NYSE,nasdaq_trader,2026-09-18T10:45:30.194Z,2026-09-18T10:45:30.194Z
STNE,StoneCo Ltd.,NASDAQ,nasdaq_trader,2026-09-18T10:45:30.194Z,2026-09-18T10:45:30.194Z
STNG,Scorpio Tankers Inc. Common Shares,NYSE,nasdaq_trader,2026-09-18T10:45:30.194Z,2026-09-18T10:45:30.194Z
STOK,"Stoke Therapeutics, Inc.",NASDAQ,nasdaq_trader,2026-09-18T10:45:30.194Z,2026-09-18T10:45:30.194Z
STPDF,STAMPEDE DRILLING INC,OTC,excel_import,2026-09-18T09:57:12.863Z,2026-09-18T09:57:12.863Z
STRA,"Strategic Education, Inc.",NASDAQ,nasdaq_trader,2026-09-18T10:45:30.194Z,2026-09-18T10:45:30.194Z
STRC,Strategy Inc,NASDAQ,nasdaq_trader,2026-09-18T10:45:30.194Z,2026-09-18T10:45:30.194Z
STRD,Strategy Inc,NASDAQ,nasdaq_trader,2026-09-18T10:45:30.194Z,2026-09-18T10:45:30.194Z
STRF,Strategy Inc,NASDAQ,nasdaq_trader,2026-09-18T10:45:30.194Z,2026-09-18T10:45:30.194Z
STRK,Strategy Inc,NASDAQ,nasdaq_trader,2026-09-18T10:45:30.194Z,2026-09-18T10:45:30.194Z
STRL,"Sterling Infrastructure, Inc.",NASDAQ,nasdaq_trader,2026-09-18T10:45:30.194Z,2026-09-18T10:45:30.194Z
STRO,"Sutro Biopharma, Inc.",NASDAQ,nasdaq_trader,2026-09-18T10:45:30.194Z,2026-09-18T10:45:30.194Z
STRR,"Star Equity Holdings, Inc.",NASDAQ,nasdaq_trader,2026-09-18T10:45:30.194Z,2026-09-18T10:45:30.194Z
STRRP,"Star Equity Holdings, Inc.",NASDAQ,nasdaq_trader,2026-09-18T10:45:30.194Z,2026-09-18T10:45:30.194Z
STRT,STRATTEC SECURITY CORPORATION,NASDAQ,nasdaq_trader,2026-09-18T10:45:30.194Z,2026-09-18T10:45:30.194Z
STRW,"Strawberry Fields REIT, Inc.",AMEX,nasdaq_trader,2026-09-18T10:45:30.194Z,2026-09-18T10:45:30.194Z
STRZ,Starz Entertainment Corp.,NASDAQ,nasdaq_trader,2026-09-18T10:45:30.194Z,2026-09-18T10:45:30.194Z
STT,State Street Corporation,NYSE,nasdaq_trader,2026-09-18T10:45:30.194Z,2026-09-18T10:45:30.194Z
STTK,"Shattuck Labs, Inc.",NASDAQ,nasdaq_trader,2026-09-18T10:45:30.194Z,2026-09-18T10:45:30.194Z
STUB,"StubHub Holdings, Inc.",NYSE,excel_import,2026-09-18T09:57:12.863Z,2026-09-18T09:57:12.863Z
STVN,Stevanato Group S.p.A.,NYSE,nasdaq_trader,2026-09-18T10:45:30.194Z,2026-09-18T10:45:30.194Z
STWD,"Starwood Property Trust, Inc.",NYSE,nasdaq_trader,2026-09-18T10:45:30.194Z,2026-09-22T07:18:59.583Z
STX,Seagate Technology Holdings PLC,NASDAQ,nasdaq_trader,2026-09-18T10:45:30.194Z,2026-09-18T10:45:30.194Z
STXS,"Stereotaxis, Inc.",AMEX,nasdaq_trader,2026-09-18T10:45:30.194Z,2026-09-18T10:45:30.194Z
STZ,"Constellation Brands, Inc.",NYSE,nasdaq_trader,2026-09-18T10:45:30.194Z,2026-09-18T10:45:30.194Z
SU,Suncor Energy  Inc.,NYSE,nasdaq_trader,2026-09-18T10:45:30.194Z,2026-09-18T10:45:30.194Z
SUGP,SU Group Holdings Limited,NASDAQ,nasdaq_trader,2026-09-18T10:45:30.194Z,2026-09-18T10:45:30.194Z
SUI,"Sun Communities, Inc.",NYSE,nasdaq_trader,2026-09-18T10:45:30.194Z,2026-09-18T10:45:30.194Z
SUIG,SUI Group Holdings Limited,NASDAQ,excel_import,2026-09-18T09:57:12.863Z,2026-09-18T09:57:12.863Z
SUJA,"Suja Life, Inc.",NASDAQ,excel_import,2026-09-18T09:57:12.863Z,2026-09-18T09:57:12.863Z
SUMA,SUMA Acquisition Corporation,NASDAQ,nasdaq_trader,2026-09-18T10:45:30.194Z,2026-09-18T10:45:30.194Z
SUMAR,SUMA Acquisition Corporation,NASDAQ,nasdaq_trader,2026-09-18T10:45:30.194Z,2026-09-18T10:45:30.194Z
SUMAU,SUMA Acquisition Corporation,NASDAQ,nasdaq_trader,2026-09-18T10:45:30.194Z,2026-09-18T10:45:30.194Z
SUN,Sunoco LP Common,NYSE,nasdaq_trader,2026-09-18T10:45:30.194Z,2026-09-18T10:45:30.194Z
SUNB,"Sunbelt Rentals Holdings, Inc.",NYSE,excel_import,2026-09-18T09:57:12.863Z,2026-09-18T09:57:12.863Z
SUNC,SunocoCorp LLC Common,NYSE,nasdaq_trader,2026-09-18T10:45:30.194Z,2026-09-18T10:45:30.194Z
SUNE,SUNation Energy Inc.,NASDAQ,excel_import,2026-09-18T09:57:12.863Z,2026-09-18T09:57:12.863Z
SUNS,"Sunrise Realty Trust, Inc.",NASDAQ,nasdaq_trader,2026-09-18T10:45:30.194Z,2026-09-18T10:45:30.194Z
SUNXF,Stardust Solar Energy Inc.,OTC,excel_import,2026-09-18T09:57:12.863Z,2026-09-18T09:57:12.863Z
SUPN,"Supernus Pharmaceuticals, Inc.",NASDAQ,nasdaq_trader,2026-09-18T10:45:30.194Z,2026-09-18T10:45:30.194Z
SUPV,Grupo Supervielle S.A.,NYSE,nasdaq_trader,2026-09-18T10:45:30.194Z,2026-09-18T10:45:30.194Z
SUPX,SuperX AI Technology Limited,NASDAQ,nasdaq_trader,2026-09-18T10:45:30.194Z,2026-09-18T10:45:30.194Z
SURG,"SurgePays, Inc.",NASDAQ,nasdaq_trader,2026-09-18T10:45:30.194Z,2026-09-18T10:45:30.194Z
SUZ,Suzano S.A.,NYSE,nasdaq_trader,2026-09-18T10:45:30.194Z,2026-09-18T10:45:30.194Z
SVA,"Sinovac Biotech, Ltd.",NASDAQ,nasdaq_trader,2026-09-18T10:45:30.194Z,2026-09-18T10:45:30.194Z
SVAQ,Silicon Valley Acquisition Corp.,NASDAQ,nasdaq_trader,2026-09-18T10:45:30.194Z,2026-09-18T10:45:30.194Z
SVAQU,Silicon Valley Acquisition Corp.,NASDAQ,nasdaq_trader,2026-09-18T10:45:30.194Z,2026-09-18T10:45:30.194Z
SVAQW,Silicon Valley Acquisition Corp.,NASDAQ,nasdaq_trader,2026-09-18T10:45:30.194Z,2026-09-18T10:45:30.194Z
SVC,Service Properties Trust,NASDAQ,nasdaq_trader,2026-09-18T10:45:30.194Z,2026-09-18T10:45:30.194Z
SVCC,Stellar V Capital Corp.,NASDAQ,nasdaq_trader,2026-09-18T10:45:30.194Z,2026-09-18T10:45:30.194Z
SVCCU,Stellar V Capital Corp.,NASDAQ,nasdaq_trader,2026-09-18T10:45:30.194Z,2026-09-18T10:45:30.194Z
SVCCW,Stellar V Capital Corp.,NASDAQ,nasdaq_trader,2026-09-18T10:45:30.194Z,2026-09-18T10:45:30.194Z
SVCO,"Silvaco Group, Inc.",NASDAQ,nasdaq_trader,2026-09-18T10:45:30.194Z,2026-09-18T10:45:30.194Z
SVIV,Spring Valley Acquisition Corp. IV,NASDAQ,nasdaq_trader,2026-09-18T10:45:30.194Z,2026-09-18T10:45:30.194Z
SVIVU,Spring Valley Acquisition Corp. IV,NASDAQ,nasdaq_trader,2026-09-18T10:45:30.194Z,2026-09-18T10:45:30.194Z
SVIVW,Spring Valley Acquisition Corp. IV,NASDAQ,nasdaq_trader,2026-09-18T10:45:30.194Z,2026-09-18T10:45:30.194Z
SVM,Silvercorp Metals Inc. Common Shares,AMEX,nasdaq_trader,2026-09-18T10:45:30.194Z,2026-09-18T10:45:30.194Z
SVRA,"Savara, Inc.",NASDAQ,nasdaq_trader,2026-09-18T10:45:30.194Z,2026-09-18T10:45:30.194Z
SVRE,SaverOne 2014 Ltd.,NASDAQ,nasdaq_trader,2026-09-18T10:45:30.194Z,2026-09-18T10:45:30.194Z
SVREW,SaverOne 2014 Ltd.,NASDAQ,nasdaq_trader,2026-09-18T10:45:30.194Z,2026-09-18T10:45:30.194Z
SVRN,"SVRN, Inc.",NASDAQ,nasdaq_trader,2026-09-18T10:45:30.194Z,2026-09-18T10:45:30.194Z
SVV,"Savers Value Village, Inc.",NYSE,nasdaq_trader,2026-09-18T10:45:30.194Z,2026-09-18T10:45:30.194Z
SW,Smurfit WestRock plc,NYSE,nasdaq_trader,2026-09-18T10:45:30.194Z,2026-09-18T10:45:30.194Z
SWAG,"Stran & Company, Inc.",NASDAQ,nasdaq_trader,2026-09-18T10:45:30.194Z,2026-09-18T10:45:30.194Z
SWAGW,"Stran & Company, Inc.",NASDAQ,nasdaq_trader,2026-09-18T10:45:30.194Z,2026-09-18T10:45:30.194Z
SWBI,"Smith & Wesson Brands, Inc.",NASDAQ,nasdaq_trader,2026-09-18T10:45:30.194Z,2026-09-18T10:45:30.194Z
SWIM,"Latham Group, Inc.",NASDAQ,nasdaq_trader,2026-09-18T10:45:30.194Z,2026-09-18T10:45:30.194Z
SWK,"Stanley Black & Decker, Inc.",NYSE,nasdaq_trader,2026-09-18T10:45:30.194Z,2026-09-18T10:45:30.194Z
SWKHL,SWK Holdings Corporation 9.00% Senior Notes due 2027,NASDAQ,nasdaq_trader,2026-09-18T10:45:30.194Z,2026-09-22T07:18:59.059Z
SWKS,"Skyworks Solutions, Inc.",NASDAQ,nasdaq_trader,2026-09-18T10:45:30.194Z,2026-09-18T10:45:30.194Z
SWMR,"Swarmer, Inc",NASDAQ,nasdaq_trader,2026-09-18T10:45:30.194Z,2026-09-18T10:45:30.194Z
SWRD,Stewards Inc,NASDAQ,nasdaq_trader,2026-09-18T10:45:30.194Z,2026-09-18T10:45:30.194Z
SWSSF,Swiss Water Decaffeinated Coffee Inc.,OTC,excel_import,2026-09-18T09:57:12.863Z,2026-09-18T09:57:12.863Z
SWVL,Swvl Holdings Corp,NASDAQ,nasdaq_trader,2026-09-18T10:45:30.194Z,2026-09-18T10:45:30.194Z
SWVLW,Swvl Holdings Corp,NASDAQ,nasdaq_trader,2026-09-18T10:45:30.194Z,2026-09-18T10:45:30.194Z
SWX,"Southwest Gas Holdings, Inc.",NYSE,nasdaq_trader,2026-09-18T10:45:30.194Z,2026-09-22T07:18:59.585Z
SWZ,Total Return Securities Fund,NYSE,nasdaq_trader,2026-09-18T10:45:30.194Z,2026-09-18T10:45:30.194Z
SXC,"SunCoke Energy, Inc.",NYSE,nasdaq_trader,2026-09-18T10:45:30.194Z,2026-09-18T10:45:30.194Z
SXI,Standex International Corporation,NYSE,nasdaq_trader,2026-09-18T10:45:30.194Z,2026-09-18T10:45:30.194Z
SXT,Sensient Technologies Corporation,NYSE,nasdaq_trader,2026-09-18T10:45:30.194Z,2026-09-18T10:45:30.194Z
SXTC,"China SXT Pharmaceuticals, Inc.",NASDAQ,nasdaq_trader,2026-09-18T10:45:30.194Z,2026-09-18T10:45:30.194Z
SXTP,"60 Degrees Pharmaceuticals, Inc.",NASDAQ,nasdaq_trader,2026-09-18T10:45:30.194Z,2026-09-18T10:45:30.194Z
SXTPW,"60 Degrees Pharmaceuticals, Inc.",NASDAQ,nasdaq_trader,2026-09-18T10:45:30.194Z,2026-09-18T10:45:30.194Z
SY,So-Young International Inc.,NASDAQ,nasdaq_trader,2026-09-18T10:45:30.194Z,2026-09-18T10:45:30.194Z
SYBT,"Stock Yards Bancorp, Inc.",NASDAQ,nasdaq_trader,2026-09-18T10:45:30.194Z,2026-09-18T10:45:30.194Z
SYF,Synchrony Financial,NYSE,nasdaq_trader,2026-09-18T10:45:30.194Z,2026-09-18T10:45:30.194Z
SYK,Stryker Corporation,NYSE,nasdaq_trader,2026-09-18T10:45:30.194Z,2026-09-18T10:45:30.194Z
SYM,Symbotic Inc.,NASDAQ,nasdaq_trader,2026-09-18T10:45:30.194Z,2026-09-18T10:45:30.194Z
SYNA,Synaptics Incorporated,NASDAQ,nasdaq_trader,2026-09-18T10:45:30.194Z,2026-09-18T10:45:30.194Z
SYNX,Silynxcom Ltd.,AMEX,nasdaq_trader,2026-09-18T10:45:30.194Z,2026-09-18T10:45:30.194Z
SYPR,"Sypris Solutions, Inc.",NASDAQ,nasdaq_trader,2026-09-18T10:45:30.194Z,2026-09-18T10:45:30.194Z
SYRE,"Spyre Therapeutics, Inc.",NASDAQ,nasdaq_trader,2026-09-18T10:45:30.194Z,2026-09-18T10:45:30.194Z
SYY,Sysco Corporation,NYSE,nasdaq_trader,2026-09-18T10:45:30.194Z,2026-09-18T10:45:30.194Z
SZZL,Sizzle Acquisition Corp. II,NASDAQ,nasdaq_trader,2026-09-18T10:45:30.194Z,2026-09-18T10:45:30.194Z
SZZLR,Sizzle Acquisition Corp. II,NASDAQ,nasdaq_trader,2026-09-18T10:45:30.194Z,2026-09-18T10:45:30.194Z
SZZLU,Sizzle Acquisition Corp. II,NASDAQ,nasdaq_trader,2026-09-18T10:45:30.194Z,2026-09-18T10:45:30.194Z
T,AT&T Inc.,NYSE,nasdaq_trader,2026-09-18T10:45:30.194Z,2026-09-18T10:45:30.194Z
TAC,TransAlta Corporation,NYSE,nasdaq_trader,2026-09-18T10:45:30.194Z,2026-09-18T10:45:30.194Z
TACH,Titan Acquisition Corp.,NASDAQ,nasdaq_trader,2026-09-18T10:45:30.194Z,2026-09-18T10:45:30.194Z
TACHU,Titan Acquisition Corp.,NASDAQ,nasdaq_trader,2026-09-18T10:45:30.194Z,2026-09-18T10:45:30.194Z
TACHW,Titan Acquisition Corp.,NASDAQ,nasdaq_trader,2026-09-18T10:45:30.194Z,2026-09-18T10:45:30.194Z
TACO,Berto Acquisition Corp.,NASDAQ,nasdaq_trader,2026-09-18T10:45:30.194Z,2026-09-18T10:45:30.194Z
TACOU,Berto Acquisition Corp.,NASDAQ,nasdaq_trader,2026-09-18T10:45:30.194Z,2026-09-18T10:45:30.194Z
TACOW,Berto Acquisition Corp.,NASDAQ,nasdaq_trader,2026-09-18T10:45:30.194Z,2026-09-18T10:45:30.194Z
TACT,TransAct Technologies Incorporated,NASDAQ,nasdaq_trader,2026-09-18T10:45:30.194Z,2026-09-18T10:45:30.194Z
TAK,Takeda Pharmaceutical Company Limited,NYSE,nasdaq_trader,2026-09-18T10:45:30.194Z,2026-09-18T10:45:30.194Z
TAKOF,Volatus Aerospace Inc.,OTC,excel_import,2026-09-18T09:57:12.863Z,2026-09-18T09:57:12.863Z
TAL,TAL Education Group,NYSE,nasdaq_trader,2026-09-18T10:45:30.194Z,2026-09-18T10:45:30.194Z
TALO,"Talos Energy, Inc.",NYSE,nasdaq_trader,2026-09-18T10:45:30.194Z,2026-09-18T10:45:30.194Z
TANH,Tantech Holdings Ltd.,NASDAQ,nasdaq_trader,2026-09-18T10:45:30.194Z,2026-09-18T10:45:30.194Z
TAOP,Taoping Inc.,NASDAQ,nasdaq_trader,2026-09-18T10:45:30.194Z,2026-09-18T10:45:30.194Z
TAOX,Tao Synergies Inc.,NASDAQ,nasdaq_trader,2026-09-18T10:45:30.194Z,2026-09-18T10:45:30.194Z
TAP,Molson Coors Beverage Company,NYSE,nasdaq_trader,2026-09-18T10:45:30.194Z,2026-09-18T10:45:30.194Z
TAP.A,Molson Coors Beverage Company,NYSE,nasdaq_trader,2026-09-18T10:45:30.194Z,2026-09-18T10:45:30.194Z
TARA,"Protara Therapeutics, Inc.",NASDAQ,nasdaq_trader,2026-09-18T10:45:30.194Z,2026-09-18T10:45:30.194Z
TARS,"Tarsus Pharmaceuticals, Inc.",NASDAQ,nasdaq_trader,2026-09-18T10:45:30.194Z,2026-09-18T10:45:30.194Z
TASK,"TaskUs, Inc.",NASDAQ,nasdaq_trader,2026-09-18T10:45:30.194Z,2026-09-18T10:45:30.194Z
TATT,TAT Technologies Ltd.,NASDAQ,nasdaq_trader,2026-09-18T10:45:30.194Z,2026-09-18T10:45:30.194Z
TAVI,Tavia Acquisition Corp.,NASDAQ,nasdaq_trader,2026-09-18T10:45:30.194Z,2026-09-18T10:45:30.194Z
TAVIR,Tavia Acquisition Corp.,NASDAQ,nasdaq_trader,2026-09-18T10:45:30.194Z,2026-09-18T10:45:30.194Z
TAVIU,Tavia Acquisition Corp.,NASDAQ,nasdaq_trader,2026-09-18T10:45:30.194Z,2026-09-18T10:45:30.194Z
TAYD,"Taylor Devices, Inc.",NASDAQ,nasdaq_trader,2026-09-18T10:45:30.194Z,2026-09-18T10:45:30.194Z
TBB,AT&T Inc. 5.35% GLB NTS 66,NYSE,nasdaq_trader,2026-09-18T10:45:30.194Z,2026-09-22T07:18:59.586Z
TBBB,BBB Foods Inc. Class A Common Shares,NYSE,nasdaq_trader,2026-09-18T10:45:30.194Z,2026-09-18T10:45:30.194Z
TBBK,"The Bancorp, Inc.",NASDAQ,nasdaq_trader,2026-09-18T10:45:30.194Z,2026-09-18T10:45:30.194Z
TBCH,Turtle Beach Corporation,NASDAQ,nasdaq_trader,2026-09-18T10:45:30.194Z,2026-09-18T10:45:30.194Z
TBCVU,"Thunder Bridge Capital Partners V, Ltd.",NASDAQ,nasdaq_trader,2026-09-18T10:45:30.194Z,2026-09-18T10:45:30.194Z
TBI,"TrueBlue, Inc.",NYSE,nasdaq_trader,2026-09-18T10:45:30.194Z,2026-09-18T10:45:30.194Z
TBLA,Taboola.com Ltd.,NASDAQ,nasdaq_trader,2026-09-18T10:45:30.194Z,2026-09-18T10:45:30.194Z
TBLD,Thornburg Income Builder Opportunities Trust,NASDAQ,nasdaq_trader,2026-09-18T10:45:30.194Z,2026-09-18T10:45:30.194Z
TBN,Tamboran Resources Corporation,NYSE,nasdaq_trader,2026-09-18T10:45:30.194Z,2026-09-18T10:45:30.194Z
TBPH,"Theravance Biopharma, Inc.",NASDAQ,nasdaq_trader,2026-09-18T10:45:30.194Z,2026-09-18T10:45:30.194Z
TC,Token Cat Limited,NASDAQ,nasdaq_trader,2026-09-18T10:45:30.194Z,2026-09-18T10:45:30.194Z
TCBI,"Texas Capital Bancshares, Inc.",NASDAQ,nasdaq_trader,2026-09-18T10:45:30.194Z,2026-09-18T10:45:30.194Z
TCBIO,"Texas Capital Bancshares, Inc.",NASDAQ,nasdaq_trader,2026-09-18T10:45:30.194Z,2026-09-18T10:45:30.194Z
TCBK,TriCo Bancshares,NASDAQ,nasdaq_trader,2026-09-18T10:45:30.194Z,2026-09-18T10:45:30.194Z
TCBS,"Texas Community Bancshares, Inc.",NASDAQ,nasdaq_trader,2026-09-18T10:45:30.194Z,2026-09-18T10:45:30.194Z
TCBX,"Third Coast Bancshares, Inc.",NYSE,nasdaq_trader,2026-09-18T10:45:30.194Z,2026-09-18T10:45:30.194Z
TCGX,TCGX Acquisition Corp.,NASDAQ,nasdaq_trader,2026-09-18T10:45:30.194Z,2026-09-18T10:45:30.194Z
TCI,"Transcontinental Realty Investors, Inc.",NYSE,nasdaq_trader,2026-09-18T10:45:30.194Z,2026-09-18T10:45:30.194Z
TCMD,"Tactile Systems Technology, Inc.",NASDAQ,nasdaq_trader,2026-09-18T10:45:30.194Z,2026-09-18T10:45:30.194Z
TCOM,Trip.com Group Limited,NASDAQ,nasdaq_trader,2026-09-18T10:45:30.194Z,2026-09-18T10:45:30.194Z
TCPA,TransCanada PipeLines Limited 6,NYSE,nasdaq_trader,2026-09-18T10:45:30.194Z,2026-09-22T07:18:59.588Z
TCPC,BlackRock TCP Capital Corp.,NASDAQ,nasdaq_trader,2026-09-18T10:45:30.194Z,2026-09-18T10:45:30.194Z
TCRT,"Alaunos Therapeutics, Inc.",NASDAQ,nasdaq_trader,2026-09-18T10:45:30.194Z,2026-09-18T10:45:30.194Z
TCRX,"TScan Therapeutics, Inc.",NASDAQ,nasdaq_trader,2026-09-18T10:45:30.194Z,2026-09-18T10:45:30.194Z
TCX,Tucows Inc.,NASDAQ,nasdaq_trader,2026-09-18T10:45:30.194Z,2026-09-18T10:45:30.194Z
TD,Toronto Dominion Bank (The),NYSE,nasdaq_trader,2026-09-18T10:45:30.194Z,2026-09-18T10:45:30.194Z
TDAC,Translational Development Acquisition Corp.,NASDAQ,nasdaq_trader,2026-09-18T10:45:30.194Z,2026-09-18T10:45:30.194Z
TDACU,Translational Development Acquisition Corp.,NASDAQ,nasdaq_trader,2026-09-18T10:45:30.194Z,2026-09-18T10:45:30.194Z
TDACW,Translational Development Acquisition Corp.,NASDAQ,nasdaq_trader,2026-09-18T10:45:30.194Z,2026-09-18T10:45:30.194Z
TDAY,"USA TODAY Co., Inc.",NYSE,nasdaq_trader,2026-09-18T10:45:30.194Z,2026-09-18T10:45:30.194Z
TDC,Teradata Corporation,NYSE,nasdaq_trader,2026-09-18T10:45:30.194Z,2026-09-18T10:45:30.194Z
TDF,"Templeton Dragon Fund, Inc.",NYSE,nasdaq_trader,2026-09-18T10:45:30.194Z,2026-09-18T10:45:30.194Z
TDG,Transdigm Group Incorporated,NYSE,nasdaq_trader,2026-09-18T10:45:30.194Z,2026-09-18T10:45:30.194Z
TDIC,Dreamland Limited,NASDAQ,nasdaq_trader,2026-09-18T10:45:30.194Z,2026-09-18T10:45:30.194Z
TDOC,"Teladoc Health, Inc.",NYSE,nasdaq_trader,2026-09-18T10:45:30.194Z,2026-09-18T10:45:30.194Z
TDS,"Telephone and Data Systems, Inc. Common Shares",NYSE,nasdaq_trader,2026-09-18T10:45:30.194Z,2026-09-18T10:45:30.194Z
TDTH,Trident Digital Tech Holdings Ltd,NASDAQ,nasdaq_trader,2026-09-18T10:45:30.194Z,2026-09-18T10:45:30.194Z
TDUP,ThredUp Inc.,NASDAQ,nasdaq_trader,2026-09-18T10:45:30.194Z,2026-09-18T10:45:30.194Z
TDW,Tidewater Inc.,NYSE,nasdaq_trader,2026-09-18T10:45:30.194Z,2026-09-18T10:45:30.194Z
TDWD,Tailwind 2.0 Acquisition Corp.,NASDAQ,nasdaq_trader,2026-09-18T10:45:30.194Z,2026-09-18T10:45:30.194Z
TDWDR,Tailwind 2.0 Acquisition Corp.,NASDAQ,nasdaq_trader,2026-09-18T10:45:30.194Z,2026-09-18T10:45:30.194Z
TDWDU,Tailwind 2.0 Acquisition Corp.,NASDAQ,nasdaq_trader,2026-09-18T10:45:30.194Z,2026-09-18T10:45:30.194Z
TDWRF,Tidewater Renewables Ltd.,OTC,excel_import,2026-09-18T09:57:12.863Z,2026-09-18T09:57:12.863Z
TDY,Teledyne Technologies Incorporated,NYSE,nasdaq_trader,2026-09-18T10:45:30.194Z,2026-09-18T10:45:30.194Z
TE,T1 Energy Inc.,NYSE,excel_import,2026-09-18T09:57:12.863Z,2026-09-18T09:57:12.863Z
TEAD,Teads Holding Co.,NASDAQ,nasdaq_trader,2026-09-18T10:45:30.194Z,2026-09-18T10:45:30.194Z
TEAM,Atlassian Corporation,NASDAQ,nasdaq_trader,2026-09-18T10:45:30.194Z,2026-09-18T10:45:30.194Z
TECH,Bio-Techne Corp,NASDAQ,nasdaq_trader,2026-09-18T10:45:30.194Z,2026-09-18T10:45:30.194Z
TECK,Teck Resources Ltd,NYSE,nasdaq_trader,2026-09-18T10:45:30.194Z,2026-09-18T10:45:30.194Z
TECX,"Tectonic Therapeutic, Inc.",NASDAQ,nasdaq_trader,2026-09-18T10:45:30.194Z,2026-09-18T10:45:30.194Z
TEI,"Templeton Emerging Markets Income Fund, Inc.",NYSE,nasdaq_trader,2026-09-18T10:45:30.194Z,2026-09-18T10:45:30.194Z
TEL,TE Connectivity plc,NYSE,nasdaq_trader,2026-09-18T10:45:30.194Z,2026-09-18T10:45:30.194Z
TELA,"TELA Bio, Inc.",NASDAQ,nasdaq_trader,2026-09-18T10:45:30.194Z,2026-09-18T10:45:30.194Z
TELO,"Telomir Pharmaceuticals, Inc.",NASDAQ,nasdaq_trader,2026-09-18T10:45:30.194Z,2026-09-18T10:45:30.194Z
TEM,"Tempus AI, Inc.",NASDAQ,nasdaq_trader,2026-09-18T10:45:30.194Z,2026-09-18T10:45:30.194Z
TEN,Tsakos Energy Navigation Ltd Common Shares,NYSE,nasdaq_trader,2026-09-18T10:45:30.194Z,2026-09-18T10:45:30.194Z
TENB,"Tenable Holdings, Inc.",NASDAQ,nasdaq_trader,2026-09-18T10:45:30.194Z,2026-09-18T10:45:30.194Z
TENX,"Tenax Therapeutics, Inc.",NASDAQ,nasdaq_trader,2026-09-18T10:45:30.194Z,2026-09-18T10:45:30.194Z
TEO,Telecom Argentina S.A.,NYSE,nasdaq_trader,2026-09-18T10:45:30.194Z,2026-09-22T07:18:59.589Z
TER,"Teradyne, Inc.",NASDAQ,nasdaq_trader,2026-09-18T10:45:30.194Z,2026-09-18T10:45:30.194Z
TEVA,Teva Pharmaceutical Industries Limited,NYSE,nasdaq_trader,2026-09-18T10:45:30.194Z,2026-09-18T10:45:30.194Z
TEX,Terex Corporation,NYSE,nasdaq_trader,2026-09-18T10:45:30.194Z,2026-09-18T10:45:30.194Z
TFC,Truist Financial Corporation,NYSE,nasdaq_trader,2026-09-18T10:45:30.194Z,2026-09-18T10:45:30.194Z
TFII,TFI International Inc. Common Shares,NYSE,nasdaq_trader,2026-09-18T10:45:30.194Z,2026-09-18T10:45:30.194Z
TFIN,"Triumph Financial, Inc.",NYSE,nasdaq_trader,2026-09-18T10:45:30.194Z,2026-09-18T10:45:30.194Z
TFPM,Triple Flag Precious Metals Corp. Common Shares,NYSE,nasdaq_trader,2026-09-18T10:45:30.194Z,2026-09-18T10:45:30.194Z
TFSL,TFS Financial Corporation,NASDAQ,nasdaq_trader,2026-09-18T10:45:30.194Z,2026-09-18T10:45:30.194Z
TFX,Teleflex Incorporated,NYSE,nasdaq_trader,2026-09-18T10:45:30.194Z,2026-09-18T10:45:30.194Z
TG,Tredegar Corporation,NYSE,nasdaq_trader,2026-09-18T10:45:30.194Z,2026-09-18T10:45:30.194Z
TGAFF,Taiga Building Products Ltd.,OTC,excel_import,2026-09-18T09:57:12.863Z,2026-09-18T09:57:12.863Z
TGB,Trekor Metals Limited Common Shares,AMEX,nasdaq_trader,2026-09-18T10:45:30.194Z,2026-09-18T10:45:30.194Z
TGE,The Generation Essentials Group,NYSE,nasdaq_trader,2026-09-18T10:45:30.194Z,2026-09-18T10:45:30.194Z
TGE.W,The Generation Essentials Group,AMEX,nasdaq_trader,2026-09-18T10:45:30.194Z,2026-09-18T10:45:30.194Z
TGEN,Tecogen Inc.,AMEX,nasdaq_trader,2026-09-18T10:45:30.194Z,2026-09-18T10:45:30.194Z
TGHL,The GrowHub Limited,NASDAQ,nasdaq_trader,2026-09-18T10:45:30.194Z,2026-09-18T10:45:30.194Z
TGL,Treasure Global Inc.,NASDAQ,nasdaq_trader,2026-09-18T10:45:30.194Z,2026-09-18T10:45:30.194Z
TGLS,Tecnoglass Holdings Inc.,NYSE,nasdaq_trader,2026-09-18T10:45:30.194Z,2026-09-18T10:45:30.194Z
TGS,Transportadora de Gas del Sur S.A.,NYSE,nasdaq_trader,2026-09-18T10:45:30.194Z,2026-09-22T07:18:59.591Z
TGSHF,Mercanto Holdings Inc.,OTC,excel_import,2026-09-18T09:57:12.863Z,2026-09-18T09:57:12.863Z
TGT,Target Corporation,NYSE,nasdaq_trader,2026-09-18T10:45:30.194Z,2026-09-18T10:45:30.194Z
TGTX,"TG Therapeutics, Inc.",NASDAQ,nasdaq_trader,2026-09-18T10:45:30.194Z,2026-09-18T10:45:30.194Z
TH,Target Hospitality Corp.,NASDAQ,nasdaq_trader,2026-09-18T10:45:30.194Z,2026-09-18T10:45:30.194Z
THC,Tenet Healthcare Corporation,NYSE,nasdaq_trader,2026-09-18T10:45:30.194Z,2026-09-18T10:45:30.194Z
THCH,TH International Limited,NASDAQ,nasdaq_trader,2026-09-18T10:45:30.194Z,2026-09-18T10:45:30.194Z
THEO,BOA Acquisition Corp. II,NASDAQ,nasdaq_trader,2026-09-18T10:45:30.194Z,2026-09-18T10:45:30.194Z
THEOR,BOA Acquisition Corp. II,NASDAQ,nasdaq_trader,2026-09-18T10:45:30.194Z,2026-09-18T10:45:30.194Z
THEOU,BOA Acquisition Corp. II,NASDAQ,nasdaq_trader,2026-09-18T10:45:30.194Z,2026-09-18T10:45:30.194Z
THFF,First Financial Corporation,NASDAQ,nasdaq_trader,2026-09-18T10:45:30.194Z,2026-09-18T10:45:30.194Z
THG,Hanover Insurance Group Inc,NYSE,nasdaq_trader,2026-09-18T10:45:30.194Z,2026-09-18T10:45:30.194Z
THH,TryHard Holdings Limited,NASDAQ,nasdaq_trader,2026-09-18T10:45:30.194Z,2026-09-18T10:45:30.194Z
THM,International Tower Hill Mines Ltd.,AMEX,nasdaq_trader,2026-09-18T10:45:30.194Z,2026-09-22T07:18:59.593Z
THO,"Thor Industries, Inc.",NYSE,nasdaq_trader,2026-09-18T10:45:30.194Z,2026-09-18T10:45:30.194Z
THQ,abrdn Healthcare Opportunities Fund,NYSE,nasdaq_trader,2026-09-18T10:45:30.194Z,2026-09-18T10:45:30.194Z
THRM,Gentherm Inc,NASDAQ,nasdaq_trader,2026-09-18T10:45:30.194Z,2026-09-18T10:45:30.194Z
THRY,"Thryv Holdings, Inc.",NASDAQ,nasdaq_trader,2026-09-18T10:45:30.194Z,2026-09-18T10:45:30.194Z
THW,abrdn World Healthcare Fund,NYSE,nasdaq_trader,2026-09-18T10:45:30.194Z,2026-09-18T10:45:30.194Z
TIC,"TIC Solutions, Inc.",NYSE,excel_import,2026-09-18T09:57:12.863Z,2026-09-22T07:18:58.860Z
TIGO,Millicom International Cellular S.A.,NASDAQ,nasdaq_trader,2026-09-18T10:45:30.194Z,2026-09-18T10:45:30.194Z
TIGR,UP Fintech Holding Limited,NASDAQ,nasdaq_trader,2026-09-18T10:45:30.194Z,2026-09-18T10:45:30.194Z
TII,Titan Mining Corporation Common Shares,AMEX,nasdaq_trader,2026-09-18T10:45:30.194Z,2026-09-18T10:45:30.194Z
TIL,"Instil Bio, Inc.",NASDAQ,nasdaq_trader,2026-09-18T10:45:30.194Z,2026-09-18T10:45:30.194Z
TILE,"Interface, Inc.",NASDAQ,nasdaq_trader,2026-09-18T10:45:30.194Z,2026-09-18T10:45:30.194Z
TIMB,TIM S.A.,NYSE,nasdaq_trader,2026-09-18T10:45:30.194Z,2026-09-18T10:45:30.194Z
TIPT,Tiptree Inc.,NASDAQ,nasdaq_trader,2026-09-18T10:45:30.194Z,2026-09-18T10:45:30.194Z
TISI,"Team, Inc.",NYSE,nasdaq_trader,2026-09-18T10:45:30.194Z,2026-09-18T10:45:30.194Z
TITN,Titan Machinery Inc.,NASDAQ,nasdaq_trader,2026-09-18T10:45:30.194Z,2026-09-18T10:45:30.194Z
TJGC,TJGC Group Limited,NASDAQ,nasdaq_trader,2026-09-18T10:45:30.194Z,2026-09-18T10:45:30.194Z
TJX,"TJX Companies, Inc. (The)",NYSE,nasdaq_trader,2026-09-18T10:45:30.194Z,2026-09-18T10:45:30.194Z
TK,Teekay Corporation Ltd.,NYSE,nasdaq_trader,2026-09-18T10:45:30.194Z,2026-09-18T10:45:30.194Z
TKC,Turkcell Iletisim Hizmetleri A.S.,NYSE,nasdaq_trader,2026-09-18T10:45:30.194Z,2026-09-22T07:18:59.595Z
TKLF,"Tokyo Lifestyle Co., Ltd.",NASDAQ,nasdaq_trader,2026-09-18T10:45:30.194Z,2026-09-18T10:45:30.194Z
TKNO,"Alpha Teknova, Inc.",NASDAQ,nasdaq_trader,2026-09-18T10:45:30.194Z,2026-09-18T10:45:30.194Z
TKO,"TKO Group Holdings, Inc.",NYSE,nasdaq_trader,2026-09-18T10:45:30.194Z,2026-09-18T10:45:30.194Z
TKR,Timken Company (The),NYSE,nasdaq_trader,2026-09-18T10:45:30.194Z,2026-09-18T10:45:30.194Z
TLAC,Three Lions Acquisition Corp.,NASDAQ,nasdaq_trader,2026-09-18T10:45:30.194Z,2026-09-18T10:45:30.194Z
TLACU,Three Lions Acquisition Corp.,NASDAQ,nasdaq_trader,2026-09-18T10:45:30.194Z,2026-09-18T10:45:30.194Z
TLACW,Three Lions Acquisition Corp.,NASDAQ,nasdaq_trader,2026-09-18T10:45:30.194Z,2026-09-18T10:45:30.194Z
TLF,"Tandy Leather Factory, Inc.",NASDAQ,nasdaq_trader,2026-09-18T10:45:30.194Z,2026-09-18T10:45:30.194Z
TLIH,Ten-League International Holdings Limited,NASDAQ,nasdaq_trader,2026-09-18T10:45:30.194Z,2026-09-18T10:45:30.194Z
TLK,Perusahaan Perseroan (Persero) PT Telekomunikasi Indonesia Tbk,NYSE,nasdaq_trader,2026-09-18T10:45:30.194Z,2026-09-22T07:18:59.596Z
TLN,Talen Energy Corporation,NASDAQ,nasdaq_trader,2026-09-18T10:45:30.194Z,2026-09-18T10:45:30.194Z
TLNC,Talon Capital Corp.,NASDAQ,nasdaq_trader,2026-09-18T10:45:30.194Z,2026-09-18T10:45:30.194Z
TLNCU,Talon Capital Corp.,NASDAQ,nasdaq_trader,2026-09-18T10:45:30.194Z,2026-09-18T10:45:30.194Z
TLNCW,Talon Capital Corp.,NASDAQ,nasdaq_trader,2026-09-18T10:45:30.194Z,2026-09-18T10:45:30.194Z
TLPH,"Talphera, Inc.",NASDAQ,nasdaq_trader,2026-09-18T10:45:30.194Z,2026-09-18T10:45:30.194Z
TLRY,"Tilray Brands, Inc.",NASDAQ,nasdaq_trader,2026-09-18T10:45:30.194Z,2026-09-18T10:45:30.194Z
TLS,Telos Corporation,NASDAQ,nasdaq_trader,2026-09-18T10:45:30.194Z,2026-09-18T10:45:30.194Z
TLSA,Tiziana Life Sciences Ltd,NASDAQ,nasdaq_trader,2026-09-18T10:45:30.194Z,2026-09-18T10:45:30.194Z
TLSI,"TriSalus Life Sciences, Inc.",NASDAQ,nasdaq_trader,2026-09-18T10:45:30.194Z,2026-09-18T10:45:30.194Z
TLSIW,"TriSalus Life Sciences, Inc.",NASDAQ,nasdaq_trader,2026-09-18T10:45:30.194Z,2026-09-18T10:45:30.194Z
TLX,Telix Pharmaceuticals Limited,NASDAQ,excel_import,2026-09-18T09:57:12.863Z,2026-09-18T09:57:12.863Z
TLYS,"Tilly's, Inc.",NYSE,nasdaq_trader,2026-09-18T10:45:30.194Z,2026-09-18T10:45:30.194Z
TM,Toyota Motor Corporation,NYSE,nasdaq_trader,2026-09-18T10:45:30.194Z,2026-09-18T10:45:30.194Z
TMC,TMC the metals company Inc.,NASDAQ,nasdaq_trader,2026-09-18T10:45:30.194Z,2026-09-18T10:45:30.194Z
TMCI,"Treace Medical Concepts, Inc.",NASDAQ,nasdaq_trader,2026-09-18T10:45:30.194Z,2026-09-18T10:45:30.194Z
TMCR,The Metals Royalty Company Inc.,NASDAQ,nasdaq_trader,2026-09-18T10:45:30.194Z,2026-09-18T10:45:30.194Z
TMDE,TMD Energy Limited,AMEX,nasdaq_trader,2026-09-18T10:45:30.194Z,2026-09-18T10:45:30.194Z
TMDX,"TransMedics Group, Inc.",NASDAQ,nasdaq_trader,2026-09-18T10:45:30.194Z,2026-09-18T10:45:30.194Z
TME,Tencent Music Entertainment Group,NYSE,nasdaq_trader,2026-09-18T10:45:30.194Z,2026-09-18T10:45:30.194Z
TMO,Thermo Fisher Scientific Inc,NYSE,nasdaq_trader,2026-09-18T10:45:30.194Z,2026-09-18T10:45:30.194Z
TMP,Tompkins Financial Corporation,AMEX,nasdaq_trader,2026-09-18T10:45:30.194Z,2026-09-18T10:45:30.194Z
TMQ,Trilogy Metals Inc.,AMEX,nasdaq_trader,2026-09-18T10:45:30.194Z,2026-09-18T10:45:30.194Z
TMS,Teamshares Inc.,NASDAQ,nasdaq_trader,2026-09-18T10:45:30.194Z,2026-09-18T10:45:30.194Z
TMSWW,Teamshares Inc.,NASDAQ,nasdaq_trader,2026-09-18T10:45:30.194Z,2026-09-18T10:45:30.194Z
TMTS,Spartacus Acquisition Corp. II,NASDAQ,nasdaq_trader,2026-09-18T10:45:30.194Z,2026-09-18T10:45:30.194Z
TMTSU,Spartacus Acquisition Corp. II,NASDAQ,nasdaq_trader,2026-09-18T10:45:30.194Z,2026-09-18T10:45:30.194Z
TMTSW,Spartacus Acquisition Corp. II,NASDAQ,nasdaq_trader,2026-09-18T10:45:30.194Z,2026-09-18T10:45:30.194Z
TMUS,"T-Mobile US, Inc.",NASDAQ,nasdaq_trader,2026-09-18T10:45:30.194Z,2026-09-18T10:45:30.194Z
TMUSI,"T-Mobile US, Inc. 5.500% Senior Notes due June 2070",NASDAQ,nasdaq_trader,2026-09-18T10:45:30.194Z,2026-09-22T07:18:59.060Z
TMUSL,"T-Mobile US, Inc. 6.250% Senior Notes due 2069",NASDAQ,nasdaq_trader,2026-09-18T10:45:30.194Z,2026-09-22T07:18:59.062Z
TMUSZ,"T-Mobile US, Inc. 5.500% Senior Notes due March 2070",NASDAQ,nasdaq_trader,2026-09-18T10:45:30.194Z,2026-09-22T07:18:59.063Z
TNC,Tennant Company,NYSE,nasdaq_trader,2026-09-18T10:45:30.194Z,2026-09-18T10:45:30.194Z
TNDM,"Tandem Diabetes Care, Inc.",NASDAQ,nasdaq_trader,2026-09-18T10:45:30.194Z,2026-09-18T10:45:30.194Z
TNET,"TriNet Group, Inc.",NYSE,nasdaq_trader,2026-09-18T10:45:30.194Z,2026-09-18T10:45:30.194Z
TNEYF,Tamarack Valley Energy Ltd.,OTC,excel_import,2026-09-18T09:57:12.863Z,2026-09-18T09:57:12.863Z
TNGMF,TGX Energy & Resources Inc.,OTC,excel_import,2026-09-18T09:57:12.863Z,2026-09-18T09:57:12.863Z
TNGX,"Tango Therapeutics, Inc.",NASDAQ,nasdaq_trader,2026-09-18T10:45:30.194Z,2026-09-18T10:45:30.194Z
TNK,Teekay Tankers Ltd.,NYSE,nasdaq_trader,2026-09-18T10:45:30.194Z,2026-09-18T10:45:30.194Z
TNL,Travel   Leisure Co. Common  Stock,NYSE,nasdaq_trader,2026-09-18T10:45:30.194Z,2026-09-18T10:45:30.194Z
TNMG,TNL Mediagene,NASDAQ,nasdaq_trader,2026-09-18T10:45:30.194Z,2026-09-18T10:45:30.194Z
TNON,"Tenon Medical, Inc.",NASDAQ,excel_import,2026-09-18T09:57:12.863Z,2026-09-18T09:57:12.863Z
TNONW,"Tenon Medical, Inc.",NASDAQ,nasdaq_trader,2026-09-18T10:45:30.194Z,2026-09-18T10:45:30.194Z
TNXIF,TenX Protocols Inc.,OTC,excel_import,2026-09-18T09:57:12.863Z,2026-09-18T09:57:12.863Z
TNXP,Tonix Pharmaceuticals Holding Corp.,NASDAQ,nasdaq_trader,2026-09-18T10:45:30.194Z,2026-09-18T10:45:30.194Z
TNYA,"Tenaya Therapeutics, Inc.",NASDAQ,nasdaq_trader,2026-09-18T10:45:30.194Z,2026-09-18T10:45:30.194Z
TOL,"Toll Brothers, Inc.",NYSE,nasdaq_trader,2026-09-18T10:45:30.194Z,2026-09-18T10:45:30.194Z
TOMZ,"TOMI Environmental Solutions, Inc.",NASDAQ,nasdaq_trader,2026-09-18T10:45:30.194Z,2026-09-18T10:45:30.194Z
TONT,Graf Global Corp.,AMEX,nasdaq_trader,2026-09-18T10:45:30.194Z,2026-09-18T10:45:30.194Z
TONT.U,Graf Global Corp.,AMEX,nasdaq_trader,2026-09-18T10:45:30.194Z,2026-09-18T10:45:30.194Z
TONT.W,Graf Global Corp.,AMEX,nasdaq_trader,2026-09-18T10:45:30.194Z,2026-09-18T10:45:30.194Z
TONX,TON Strategy Company,NASDAQ,excel_import,2026-09-18T09:57:12.863Z,2026-09-18T09:57:12.863Z
TOON,"Kartoon Studios, Inc.",AMEX,nasdaq_trader,2026-09-18T10:45:30.194Z,2026-09-18T10:45:30.194Z
TOP,TOP Financial Group Limited,NASDAQ,nasdaq_trader,2026-09-18T10:45:30.194Z,2026-09-18T10:45:30.194Z
TOPP,Toppoint Holdings Inc.,AMEX,excel_import,2026-09-18T09:57:12.863Z,2026-09-22T07:18:58.899Z
TOPS,"TOP Ships, Inc.",AMEX,nasdaq_trader,2026-09-18T10:45:30.194Z,2026-09-18T10:45:30.194Z
TORO,Toro Corp.,NASDAQ,nasdaq_trader,2026-09-18T10:45:30.194Z,2026-09-18T10:45:30.194Z
TOST,"Toast, Inc.",NYSE,nasdaq_trader,2026-09-18T10:45:30.194Z,2026-09-18T10:45:30.194Z
TOUR,Tuniu Corporation,NASDAQ,nasdaq_trader,2026-09-18T10:45:30.194Z,2026-09-18T10:45:30.194Z
TOVX,"Theriva Biologics, Inc.",AMEX,nasdaq_trader,2026-09-18T10:45:30.194Z,2026-09-18T10:45:30.194Z
TOWN,Towne Bank,NASDAQ,nasdaq_trader,2026-09-18T10:45:30.194Z,2026-09-18T10:45:30.194Z
TOYO,"TOYO Co., Ltd",NASDAQ,nasdaq_trader,2026-09-18T10:45:30.194Z,2026-09-18T10:45:30.194Z
TP,Ticketplus Ltd.,AMEX,nasdaq_trader,2026-09-18T10:45:30.194Z,2026-09-18T10:45:30.194Z
TPB,"Turning Point Brands, Inc.",NYSE,nasdaq_trader,2026-09-18T10:45:30.194Z,2026-09-18T10:45:30.194Z
TPC,Tutor Perini Corporation,NYSE,nasdaq_trader,2026-09-18T10:45:30.194Z,2026-09-18T10:45:30.194Z
TPCS,TechPrecision Corporation,NASDAQ,nasdaq_trader,2026-09-18T10:45:30.194Z,2026-09-18T10:45:30.194Z
TPET,Trio Petroleum Corp.,AMEX,nasdaq_trader,2026-09-18T10:45:30.194Z,2026-09-18T10:45:30.194Z
TPG,TPG Inc.,NASDAQ,nasdaq_trader,2026-09-18T10:45:30.194Z,2026-09-18T10:45:30.194Z
TPGXL,"TPG Operating Group II, L.P. 6.950% Fixed-Rate Junior Subordinated Notes due 2064",NASDAQ,nasdaq_trader,2026-09-18T10:45:30.194Z,2026-09-22T07:18:59.065Z
TPL,Texas Pacific Land Corporation,NYSE,nasdaq_trader,2026-09-18T10:45:30.194Z,2026-09-18T10:45:30.194Z
TPNEF,Hemlo Mining Corp.,OTC,excel_import,2026-09-18T09:57:12.863Z,2026-09-18T09:57:12.863Z
TPR,"Tapestry, Inc.",NYSE,nasdaq_trader,2026-09-18T10:45:30.194Z,2026-09-18T10:45:30.194Z
TPST,"Tempest Therapeutics, Inc.",NASDAQ,nasdaq_trader,2026-09-18T10:45:30.194Z,2026-09-18T10:45:30.194Z
TPTS,"Terra Property Trust, Inc.",NYSE,nasdaq_trader,2026-09-18T10:45:30.194Z,2026-09-18T10:45:30.194Z
TPVG,TriplePoint Venture Growth BDC Corp.,NYSE,nasdaq_trader,2026-09-18T10:45:30.194Z,2026-09-18T10:45:30.194Z
TR,"Tootsie Roll Industries, Inc.",NYSE,nasdaq_trader,2026-09-18T10:45:30.194Z,2026-09-18T10:45:30.194Z
TRAD,APEX Tech Acquisition Inc.,NYSE,nasdaq_trader,2026-09-18T10:45:30.194Z,2026-09-18T10:45:30.194Z
TRAD.R,APEX Tech Acquisition Inc.,NYSE,nasdaq_trader,2026-09-18T10:45:30.194Z,2026-09-18T10:45:30.194Z
TRAD.U,APEX Tech Acquisition Inc.,NYSE,nasdaq_trader,2026-09-18T10:45:30.194Z,2026-09-18T10:45:30.194Z
TRAGF,TeraGo Inc.,OTC,excel_import,2026-09-18T09:57:12.863Z,2026-09-18T09:57:12.863Z
TRAK,"ReposiTrak, Inc.",NYSE,nasdaq_trader,2026-09-18T10:45:30.194Z,2026-09-18T10:45:30.194Z
TRAW,"Traws Pharma, Inc.",NASDAQ,nasdaq_trader,2026-09-18T10:45:30.194Z,2026-09-18T10:45:30.194Z
TRAX,"First Tracks Biotherapeutics, Inc.",NASDAQ,excel_import,2026-09-18T09:57:12.863Z,2026-09-18T09:57:12.863Z
TRBG,TurboGen Ltd.,NASDAQ,nasdaq_trader,2026-09-18T10:45:30.194Z,2026-09-18T10:45:30.194Z
TRC,Tejon Ranch Co,NYSE,nasdaq_trader,2026-09-18T10:45:30.194Z,2026-09-18T10:45:30.194Z
TRDA,"Entrada Therapeutics, Inc.",NASDAQ,nasdaq_trader,2026-09-18T10:45:30.194Z,2026-09-18T10:45:30.194Z
TREE,"LendingTree, Inc.",NASDAQ,nasdaq_trader,2026-09-18T10:45:30.194Z,2026-09-18T10:45:30.194Z
TREO,Tactical Resources Corp.,NASDAQ,nasdaq_trader,2026-09-18T10:45:30.194Z,2026-09-18T10:45:30.194Z
TREX,"Trex Company, Inc.",NYSE,nasdaq_trader,2026-09-18T10:45:30.194Z,2026-09-18T10:45:30.194Z
TRGP,"Targa Resources, Inc.",NYSE,nasdaq_trader,2026-09-18T10:45:30.194Z,2026-09-18T10:45:30.194Z
TRGS,TRG Latin America Acquisitions Corp.,NASDAQ,nasdaq_trader,2026-09-18T10:45:30.194Z,2026-09-18T10:45:30.194Z
TRGSR,TRG Latin America Acquisitions Corp.,NASDAQ,nasdaq_trader,2026-09-18T10:45:30.194Z,2026-09-18T10:45:30.194Z
TRGSU,TRG Latin America Acquisitions Corp.,NASDAQ,nasdaq_trader,2026-09-18T10:45:30.194Z,2026-09-18T10:45:30.194Z
TRI,Thomson Reuters Corp,NASDAQ,nasdaq_trader,2026-09-18T10:45:30.194Z,2026-09-18T10:45:30.194Z
TRIB,Trinity Biotech plc,NASDAQ,nasdaq_trader,2026-09-18T10:45:30.194Z,2026-09-18T10:45:30.194Z
TRIN,Trinity Capital Inc.,NYSE,nasdaq_trader,2026-09-18T10:45:30.194Z,2026-09-18T10:45:30.194Z
TRIP,"TripAdvisor, Inc.",NASDAQ,nasdaq_trader,2026-09-18T10:45:30.194Z,2026-09-18T10:45:30.194Z
TRLV,Trulieve Cannabis Corp.,NYSE,nasdaq_trader,2026-09-18T10:45:30.194Z,2026-09-22T07:18:59.598Z
TRMB,Trimble Inc.,NASDAQ,nasdaq_trader,2026-09-18T10:45:30.194Z,2026-09-18T10:45:30.194Z
TRMD,TORM plc,NASDAQ,nasdaq_trader,2026-09-18T10:45:30.194Z,2026-09-18T10:45:30.194Z
TRMK,Trustmark Corporation,NASDAQ,nasdaq_trader,2026-09-18T10:45:30.194Z,2026-09-18T10:45:30.194Z
TRN,"Trinity Industries, Inc.",NYSE,nasdaq_trader,2026-09-18T10:45:30.194Z,2026-09-18T10:45:30.194Z
TRNI,Trinity Capital Inc.,NYSE,nasdaq_trader,2026-09-18T10:45:30.194Z,2026-09-18T10:45:30.194Z
TRNO,Terreno Realty Corporation,NYSE,nasdaq_trader,2026-09-18T10:45:30.194Z,2026-09-18T10:45:30.194Z
TRNR,Interactive Strength Inc.,NASDAQ,nasdaq_trader,2026-09-18T10:45:30.194Z,2026-09-18T10:45:30.194Z
TRNS,"Transcat, Inc.",NASDAQ,nasdaq_trader,2026-09-18T10:45:30.194Z,2026-09-18T10:45:30.194Z
TRNZ,Trinity Capital Inc.,NYSE,nasdaq_trader,2026-09-18T10:45:30.194Z,2026-09-18T10:45:30.194Z
TRON,Tron Inc.,NASDAQ,nasdaq_trader,2026-09-18T10:45:30.194Z,2026-09-18T10:45:30.194Z
TROO,"TROOPS, Inc.",NASDAQ,nasdaq_trader,2026-09-18T10:45:30.194Z,2026-09-18T10:45:30.194Z
TROW,"T. Rowe Price Group, Inc.",NASDAQ,nasdaq_trader,2026-09-18T10:45:30.194Z,2026-09-18T10:45:30.194Z
TROX,Tronox Holdings plc,NYSE,nasdaq_trader,2026-09-18T10:45:30.194Z,2026-09-22T07:18:59.600Z
TRP,TC Energy Corporation,NYSE,nasdaq_trader,2026-09-18T10:45:30.194Z,2026-09-18T10:45:30.194Z
TRRPF,Torrent Capital Ltd.,OTC,excel_import,2026-09-18T09:57:12.863Z,2026-09-18T09:57:12.863Z
TRS,TriMas Corporation,NASDAQ,nasdaq_trader,2026-09-18T10:45:30.194Z,2026-09-18T10:45:30.194Z
TRSG,Tungray Technologies Inc,NASDAQ,nasdaq_trader,2026-09-18T10:45:30.194Z,2026-09-18T10:45:30.194Z
TRST,TrustCo Bank Corp NY,NASDAQ,nasdaq_trader,2026-09-18T10:45:30.194Z,2026-09-18T10:45:30.194Z
TRT,Trio-Tech International,NASDAQ,nasdaq_trader,2026-09-18T10:45:30.194Z,2026-09-18T10:45:30.194Z
TRTX,"TPG RE Finance Trust, Inc.",NYSE,nasdaq_trader,2026-09-18T10:45:30.194Z,2026-09-18T10:45:30.194Z
TRU,TransUnion,NYSE,nasdaq_trader,2026-09-18T10:45:30.194Z,2026-09-18T10:45:30.194Z
TRUG,"TruGolf Holdings, Inc.",NASDAQ,nasdaq_trader,2026-09-18T10:45:30.194Z,2026-09-18T10:45:30.194Z
TRUP,"Trupanion, Inc.",NASDAQ,nasdaq_trader,2026-09-18T10:45:30.194Z,2026-09-18T10:45:30.194Z
TRV,"The Travelers Companies, Inc.",NYSE,nasdaq_trader,2026-09-18T10:45:30.194Z,2026-09-18T10:45:30.194Z
TRVG,trivago N.V.,NASDAQ,nasdaq_trader,2026-09-18T10:45:30.194Z,2026-09-18T10:45:30.194Z
TRVI,"Trevi Therapeutics, Inc.",NASDAQ,nasdaq_trader,2026-09-18T10:45:30.194Z,2026-09-18T10:45:30.194Z
TRX,TRX Gold Corporation,AMEX,nasdaq_trader,2026-09-18T10:45:30.194Z,2026-09-18T10:45:30.194Z
TS,Tenaris S.A.,NYSE,nasdaq_trader,2026-09-18T10:45:30.194Z,2026-09-18T10:45:30.194Z
TSAT,Telesat Corporation,NASDAQ,nasdaq_trader,2026-09-18T10:45:30.194Z,2026-09-18T10:45:30.194Z
TSBK,"Timberland Bancorp, Inc.",NASDAQ,nasdaq_trader,2026-09-18T10:45:30.194Z,2026-09-18T10:45:30.194Z
TSCO,Tractor Supply Company,NASDAQ,nasdaq_trader,2026-09-18T10:45:30.194Z,2026-09-18T10:45:30.194Z
TSEM,Tower Semiconductor Ltd.,NASDAQ,nasdaq_trader,2026-09-18T10:45:30.194Z,2026-09-18T10:45:30.194Z
TSHA,"Taysha Gene Therapies, Inc.",NASDAQ,nasdaq_trader,2026-09-18T10:45:30.194Z,2026-09-18T10:45:30.194Z
TSI,"TCW Strategic Income Fund, Inc.",NYSE,nasdaq_trader,2026-09-18T10:45:30.194Z,2026-09-18T10:45:30.194Z
TSLA,"Tesla, Inc.",NASDAQ,nasdaq_trader,2026-09-18T10:45:30.194Z,2026-09-18T10:45:30.194Z
TSLX,"Sixth Street Specialty Lending, Inc.",NYSE,nasdaq_trader,2026-09-18T10:45:30.194Z,2026-09-18T10:45:30.194Z
TSM,Taiwan Semiconductor Manufacturing Company Ltd.,NYSE,nasdaq_trader,2026-09-18T10:45:30.194Z,2026-09-18T10:45:30.194Z
TSN,"Tyson Foods, Inc.",NYSE,nasdaq_trader,2026-09-18T10:45:30.194Z,2026-09-18T10:45:30.194Z
TSQ,"Townsquare Media, Inc.",NYSE,nasdaq_trader,2026-09-18T10:45:30.194Z,2026-09-18T10:45:30.194Z
TSSI,"TSS, Inc.",NASDAQ,nasdaq_trader,2026-09-18T10:45:30.194Z,2026-09-18T10:45:30.194Z
TT,Trane Technologies plc,NYSE,nasdaq_trader,2026-09-18T10:45:30.194Z,2026-09-18T10:45:30.194Z
TTAM,Titan America SA Common Shares,NYSE,nasdaq_trader,2026-09-18T10:45:30.194Z,2026-09-18T10:45:30.194Z
TTAN,"ServiceTitan, Inc.",NASDAQ,nasdaq_trader,2026-09-18T10:45:30.194Z,2026-09-18T10:45:30.194Z
TTC,Toro Company (The),NYSE,nasdaq_trader,2026-09-18T10:45:30.194Z,2026-09-18T10:45:30.194Z
TTCIF,Titan S.A.,OTC,excel_import,2026-09-18T09:57:12.863Z,2026-09-18T09:57:12.863Z
TTD,"The Trade Desk, Inc.",NASDAQ,nasdaq_trader,2026-09-18T10:45:30.194Z,2026-09-18T10:45:30.194Z
TTE,TotalEnergies SE,NYSE,nasdaq_trader,2026-09-18T10:45:30.194Z,2026-09-18T10:45:30.194Z
TTEC,"TTEC Holdings, Inc.",NASDAQ,nasdaq_trader,2026-09-18T10:45:30.194Z,2026-09-18T10:45:30.194Z
TTEK,"Tetra Tech, Inc.",NASDAQ,nasdaq_trader,2026-09-18T10:45:30.194Z,2026-09-18T10:45:30.194Z
TTGT,"TechTarget, Inc.",NASDAQ,nasdaq_trader,2026-09-18T10:45:30.194Z,2026-09-18T10:45:30.194Z
TTI,"Tetra Technologies, Inc.",NYSE,nasdaq_trader,2026-09-18T10:45:30.194Z,2026-09-18T10:45:30.194Z
TTMI,"TTM Technologies, Inc.",NASDAQ,nasdaq_trader,2026-09-18T10:45:30.194Z,2026-09-18T10:45:30.194Z
TTRX,Turn Therapeutics Inc.,NASDAQ,nasdaq_trader,2026-09-18T10:45:30.194Z,2026-09-18T10:45:30.194Z
TTWO,"Take-Two Interactive Software, Inc.",NASDAQ,nasdaq_trader,2026-09-18T10:45:30.194Z,2026-09-18T10:45:30.194Z
TU,Telus Corporation,NYSE,nasdaq_trader,2026-09-18T10:45:30.194Z,2026-09-18T10:45:30.194Z
TUERF,True North Commercial Real Estate Investment Trust,OTC,excel_import,2026-09-18T09:57:12.863Z,2026-09-18T09:57:12.863Z
TULP,"Bloomia Holdings, Inc.",NASDAQ,nasdaq_trader,2026-09-18T10:45:30.194Z,2026-09-18T10:45:30.194Z
TURB,"Turbo Energy, S.A.",NASDAQ,nasdaq_trader,2026-09-18T10:45:30.194Z,2026-09-18T10:45:30.194Z
TUSK,"Mammoth Energy Services, Inc.",NASDAQ,nasdaq_trader,2026-09-18T10:45:30.194Z,2026-09-18T10:45:30.194Z
TUYA,Tuya Inc.,NYSE,nasdaq_trader,2026-09-18T10:45:30.194Z,2026-09-18T10:45:30.194Z
TV,Grupo Televisa S.A.B.,NYSE,nasdaq_trader,2026-09-18T10:45:30.194Z,2026-09-18T10:45:30.194Z
TVA,Texas Ventures Acquisition III Corp,NASDAQ,nasdaq_trader,2026-09-18T10:45:30.194Z,2026-09-18T10:45:30.194Z
TVACU,Texas Ventures Acquisition III Corp,NASDAQ,nasdaq_trader,2026-09-18T10:45:30.194Z,2026-09-18T10:45:30.194Z
TVACW,Texas Ventures Acquisition III Corp,NASDAQ,nasdaq_trader,2026-09-18T10:45:30.194Z,2026-09-18T10:45:30.194Z
TVAI,Thayer Ventures Acquisition Corporation II,NASDAQ,nasdaq_trader,2026-09-18T10:45:30.194Z,2026-09-18T10:45:30.194Z
TVAIR,Thayer Ventures Acquisition Corporation II,NASDAQ,nasdaq_trader,2026-09-18T10:45:30.194Z,2026-09-18T10:45:30.194Z
TVAIU,Thayer Ventures Acquisition Corporation II,NASDAQ,nasdaq_trader,2026-09-18T10:45:30.194Z,2026-09-18T10:45:30.194Z
TVC,Tennessee Valley Authority,NYSE,nasdaq_trader,2026-09-18T10:45:30.194Z,2026-09-18T10:45:30.194Z
TVE,Tennessee Valley Authority PARRS A 2029,NYSE,nasdaq_trader,2026-09-18T10:45:30.194Z,2026-09-22T07:18:59.601Z
TVGN,Tevogen Bio Holdings Inc.,NASDAQ,nasdaq_trader,2026-09-18T10:45:30.194Z,2026-09-22T07:18:59.067Z
TVGNW,Tevogen Inc.,NASDAQ,nasdaq_trader,2026-09-18T10:45:30.194Z,2026-09-18T10:45:30.194Z
TVIV,Texas Ventures Acquisition IV Corp,NASDAQ,nasdaq_trader,2026-09-18T10:45:30.194Z,2026-09-18T10:45:30.194Z
TVIVU,Texas Ventures Acquisition IV Corp,NASDAQ,nasdaq_trader,2026-09-18T10:45:30.194Z,2026-09-18T10:45:30.194Z
TVIVW,Texas Ventures Acquisition IV Corp,NASDAQ,nasdaq_trader,2026-09-18T10:45:30.194Z,2026-09-18T10:45:30.194Z
TVRD,"Tvardi Therapeutics, Inc.",NASDAQ,nasdaq_trader,2026-09-18T10:45:30.194Z,2026-09-18T10:45:30.194Z
TVTX,"Travere Therapeutics, Inc.",NASDAQ,nasdaq_trader,2026-09-18T10:45:30.194Z,2026-09-18T10:45:30.194Z
TW,Tradeweb Markets Inc.,NASDAQ,nasdaq_trader,2026-09-18T10:45:30.194Z,2026-09-18T10:45:30.194Z
TWAV,"TaoWeave, Inc.",NASDAQ,nasdaq_trader,2026-09-18T10:45:30.194Z,2026-09-18T10:45:30.194Z
TWFG,"TWFG, Inc.",NASDAQ,nasdaq_trader,2026-09-18T10:45:30.194Z,2026-09-18T10:45:30.194Z
TWG,Top Wealth Group Holding Limited,NASDAQ,nasdaq_trader,2026-09-18T10:45:30.194Z,2026-09-18T10:45:30.194Z
TWI,"Titan International, Inc.",NYSE,nasdaq_trader,2026-09-18T10:45:30.194Z,2026-09-22T07:18:59.603Z
TWIN,"Twin Disc, Incorporated",NASDAQ,nasdaq_trader,2026-09-18T10:45:30.194Z,2026-09-18T10:45:30.194Z
TWLO,Twilio Inc.,NYSE,nasdaq_trader,2026-09-18T10:45:30.194Z,2026-09-18T10:45:30.194Z
TWLV,Twelve Seas Investment Company III,NASDAQ,nasdaq_trader,2026-09-18T10:45:30.194Z,2026-09-18T10:45:30.194Z
TWLVR,Twelve Seas Investment Company III,NASDAQ,nasdaq_trader,2026-09-18T10:45:30.194Z,2026-09-18T10:45:30.194Z
TWLVU,Twelve Seas Investment Company III,NASDAQ,nasdaq_trader,2026-09-18T10:45:30.194Z,2026-09-18T10:45:30.194Z
TWN,"Taiwan Fund, Inc. (The)",NYSE,nasdaq_trader,2026-09-18T10:45:30.194Z,2026-09-18T10:45:30.194Z
TWOD,Two Harbors Investment Corp.,NYSE,nasdaq_trader,2026-09-18T10:45:30.194Z,2026-09-22T07:18:59.605Z
TWST,Twist Bioscience Corporation,NASDAQ,nasdaq_trader,2026-09-18T10:45:30.194Z,2026-09-18T10:45:30.194Z
TX,Ternium S.A.,NYSE,nasdaq_trader,2026-09-18T10:45:30.194Z,2026-09-22T07:18:59.606Z
TXG,"10x Genomics, Inc.",NASDAQ,nasdaq_trader,2026-09-18T10:45:30.194Z,2026-09-18T10:45:30.194Z
TXMD,"TherapeuticsMD, Inc.",NASDAQ,nasdaq_trader,2026-09-18T10:45:30.194Z,2026-09-18T10:45:30.194Z
TXN,Texas Instruments Incorporated,NASDAQ,nasdaq_trader,2026-09-18T10:45:30.194Z,2026-09-18T10:45:30.194Z
TXNM,"TXNM Energy, Inc.",NYSE,nasdaq_trader,2026-09-18T10:45:30.194Z,2026-09-18T10:45:30.194Z
TXO,"TXO Partners, L.P. Common",NYSE,nasdaq_trader,2026-09-18T10:45:30.194Z,2026-09-18T10:45:30.194Z
TXRH,"Texas Roadhouse, Inc.",NASDAQ,nasdaq_trader,2026-09-18T10:45:30.194Z,2026-09-18T10:45:30.194Z
TXT,Textron Inc.,NYSE,nasdaq_trader,2026-09-18T10:45:30.194Z,2026-09-18T10:45:30.194Z
TY,Tri Continental Corporation,NYSE,nasdaq_trader,2026-09-18T10:45:30.194Z,2026-09-18T10:45:30.194Z
TYG,Tortoise Energy Infrastructure Corporation,NYSE,nasdaq_trader,2026-09-18T10:45:30.194Z,2026-09-18T10:45:30.194Z
TYGO,"Tigo Energy, Inc.",NASDAQ,nasdaq_trader,2026-09-18T10:45:30.194Z,2026-09-18T10:45:30.194Z
TYL,"Tyler Technologies, Inc.",NYSE,nasdaq_trader,2026-09-18T10:45:30.194Z,2026-09-18T10:45:30.194Z
TYRA,"Tyra Biosciences, Inc.",NASDAQ,nasdaq_trader,2026-09-18T10:45:30.194Z,2026-09-18T10:45:30.194Z
TZOO,Travelzoo,NASDAQ,nasdaq_trader,2026-09-18T10:45:30.194Z,2026-09-18T10:45:30.194Z
U,Unity Software Inc.,NYSE,nasdaq_trader,2026-09-18T10:45:30.194Z,2026-09-18T10:45:30.194Z
UA,"Under Armour, Inc.",NYSE,nasdaq_trader,2026-09-18T10:45:30.194Z,2026-09-18T10:45:30.194Z
UAA,"Under Armour, Inc.",NYSE,nasdaq_trader,2026-09-18T10:45:30.194Z,2026-09-18T10:45:30.194Z
UAC,United Acquisition Corp. I,AMEX,nasdaq_trader,2026-09-18T10:45:30.194Z,2026-09-18T10:45:30.194Z
UAC.U,United Acquisition Corp. I,AMEX,nasdaq_trader,2026-09-18T10:45:30.194Z,2026-09-18T10:45:30.194Z
UAC.W,United Acquisition Corp. I,AMEX,nasdaq_trader,2026-09-18T10:45:30.194Z,2026-09-18T10:45:30.194Z
UAL,"United Airlines Holdings, Inc.",NASDAQ,nasdaq_trader,2026-09-18T10:45:30.194Z,2026-09-18T10:45:30.194Z
UAMY,United States Antimony Corporation,NYSE,nasdaq_trader,2026-09-18T10:45:30.194Z,2026-09-18T10:45:30.194Z
UAN,"CVR Partners, LP Common",NYSE,nasdaq_trader,2026-09-18T10:45:30.194Z,2026-09-18T10:45:30.194Z
UAVS,"AgEagle Aerial Systems, Inc.",AMEX,nasdaq_trader,2026-09-18T10:45:30.194Z,2026-09-18T10:45:30.194Z
UBCP,"United Bancorp, Inc.",NASDAQ,nasdaq_trader,2026-09-18T10:45:30.194Z,2026-09-18T10:45:30.194Z
UBER,"Uber Technologies, Inc.",NYSE,nasdaq_trader,2026-09-18T10:45:30.194Z,2026-09-18T10:45:30.194Z
UBS,UBS Group AG,NYSE,nasdaq_trader,2026-09-18T10:45:30.194Z,2026-09-22T07:18:59.608Z
UBSI,"United Bankshares, Inc.",NASDAQ,nasdaq_trader,2026-09-18T10:45:30.194Z,2026-09-18T10:45:30.194Z
UCAR,U Power Limited,NASDAQ,nasdaq_trader,2026-09-18T10:45:30.194Z,2026-09-18T10:45:30.194Z
UCB,"United Community Banks, Inc.",NYSE,nasdaq_trader,2026-09-18T10:45:30.194Z,2026-09-18T10:45:30.194Z
UCFI,CN Healthy Food Tech Group Corp.,NASDAQ,nasdaq_trader,2026-09-18T10:45:30.194Z,2026-09-18T10:45:30.194Z
UCFIW,CN Healthy Food Tech Group Corp.,NASDAQ,nasdaq_trader,2026-09-18T10:45:30.194Z,2026-09-18T10:45:30.194Z
UCL,uCloudlink Group Inc.,NASDAQ,nasdaq_trader,2026-09-18T10:45:30.194Z,2026-09-18T10:45:30.194Z
UCTT,"Ultra Clean Holdings, Inc.",NASDAQ,nasdaq_trader,2026-09-18T10:45:30.194Z,2026-09-18T10:45:30.194Z
UDR,"UDR, Inc.",NYSE,nasdaq_trader,2026-09-18T10:45:30.194Z,2026-09-18T10:45:30.194Z
UE,Urban Edge Properties,NYSE,nasdaq_trader,2026-09-18T10:45:30.194Z,2026-09-18T10:45:30.194Z
UEC,Uranium Energy Corp.,AMEX,nasdaq_trader,2026-09-18T10:45:30.194Z,2026-09-18T10:45:30.194Z
UEIC,Universal Electronics Inc.,NASDAQ,nasdaq_trader,2026-09-18T10:45:30.194Z,2026-09-18T10:45:30.194Z
UFCS,"United Fire Group, Inc",NASDAQ,nasdaq_trader,2026-09-18T10:45:30.194Z,2026-09-18T10:45:30.194Z
UFG,Uni-Fuels Holdings Limited,NASDAQ,nasdaq_trader,2026-09-18T10:45:30.194Z,2026-09-18T10:45:30.194Z
UFI,"Unifi, Inc.",NYSE,nasdaq_trader,2026-09-18T10:45:30.194Z,2026-09-22T07:18:59.610Z
UFPI,"UFP Industries, Inc.",NASDAQ,nasdaq_trader,2026-09-18T10:45:30.194Z,2026-09-18T10:45:30.194Z
UFPT,"UFP Technologies, Inc.",NASDAQ,nasdaq_trader,2026-09-18T10:45:30.194Z,2026-09-18T10:45:30.194Z
UG,"United-Guardian, Inc.",NASDAQ,nasdaq_trader,2026-09-18T10:45:30.194Z,2026-09-18T10:45:30.194Z
UGI,UGI Corporation,NYSE,nasdaq_trader,2026-09-18T10:45:30.194Z,2026-09-18T10:45:30.194Z
UGP,Ultrapar Participações S.A.,NYSE,nasdaq_trader,2026-09-18T10:45:30.194Z,2026-09-22T07:21:31.404Z
UHAL,U-Haul Holding Company,NYSE,nasdaq_trader,2026-09-18T10:45:30.194Z,2026-09-18T10:45:30.194Z
UHAL.B,U-Haul Holding Company Series N Non-Voting,NYSE,nasdaq_trader,2026-09-18T10:45:30.194Z,2026-09-18T10:45:30.194Z
UHS,"Universal Health Services, Inc.",NYSE,nasdaq_trader,2026-09-18T10:45:30.194Z,2026-09-18T10:45:30.194Z
UHT,Universal Health Realty Income Trust,NYSE,nasdaq_trader,2026-09-18T10:45:30.194Z,2026-09-18T10:45:30.194Z
UI,Ubiquiti Inc.,NYSE,nasdaq_trader,2026-09-18T10:45:30.194Z,2026-09-18T10:45:30.194Z
UIS,Unisys Corporation,NYSE,nasdaq_trader,2026-09-18T10:45:30.194Z,2026-09-22T07:18:59.612Z
UK,Ucommune International Ltd,NASDAQ,nasdaq_trader,2026-09-18T10:45:30.194Z,2026-09-18T10:45:30.194Z
UL,Unilever PLC,NYSE,nasdaq_trader,2026-09-18T10:45:30.194Z,2026-09-18T10:45:30.194Z
ULBI,Ultralife Corporation,NASDAQ,nasdaq_trader,2026-09-18T10:45:30.194Z,2026-09-18T10:45:30.194Z
ULCC,"Frontier Group Holdings, Inc.",NASDAQ,nasdaq_trader,2026-09-18T10:45:30.194Z,2026-09-18T10:45:30.194Z
ULH,"Universal Logistics Holdings, Inc.",NASDAQ,nasdaq_trader,2026-09-18T10:45:30.194Z,2026-09-18T10:45:30.194Z
ULS,UL Solutions Inc.,NYSE,nasdaq_trader,2026-09-18T10:45:30.194Z,2026-09-18T10:45:30.194Z
ULTA,"Ulta Beauty, Inc.",NASDAQ,nasdaq_trader,2026-09-18T10:45:30.194Z,2026-09-18T10:45:30.194Z
UMAC,"Unusual Machines, Inc.",AMEX,nasdaq_trader,2026-09-18T10:45:30.194Z,2026-09-18T10:45:30.194Z
UMBF,UMB Financial Corporation,NASDAQ,nasdaq_trader,2026-09-18T10:45:30.194Z,2026-09-18T10:45:30.194Z
UMBFO,UMB Financial Corporation,NASDAQ,nasdaq_trader,2026-09-18T10:45:30.194Z,2026-09-18T10:45:30.194Z
UMC,United Microelectronics Corporation,NYSE,nasdaq_trader,2026-09-18T10:45:30.194Z,2026-09-22T07:18:59.614Z
UMH,"UMH Properties, Inc.",NYSE,nasdaq_trader,2026-09-18T10:45:30.194Z,2026-09-18T10:45:30.194Z
UNB,"Union Bankshares, Inc.",NASDAQ,nasdaq_trader,2026-09-18T10:45:30.194Z,2026-09-18T10:45:30.194Z
UNCY,"Unicycive Therapeutics, Inc.",NASDAQ,nasdaq_trader,2026-09-18T10:45:30.194Z,2026-09-18T10:45:30.194Z
UNF,Unifirst Corporation,NYSE,nasdaq_trader,2026-09-18T10:45:30.194Z,2026-09-18T10:45:30.194Z
UNFI,"United Natural Foods, Inc.",NYSE,nasdaq_trader,2026-09-18T10:45:30.194Z,2026-09-18T10:45:30.194Z
UNFYF,Edge Total Intelligence Inc.,OTC,excel_import,2026-09-18T09:57:12.863Z,2026-09-18T09:57:12.863Z
UNH,UnitedHealth Group Incorporated,NYSE,nasdaq_trader,2026-09-18T10:45:30.194Z,2026-09-22T07:18:59.615Z
UNIT,Uniti Group Inc.,NASDAQ,nasdaq_trader,2026-09-18T10:45:30.194Z,2026-09-18T10:45:30.194Z
UNM,Unum Group,NYSE,nasdaq_trader,2026-09-18T10:45:30.194Z,2026-09-18T10:45:30.194Z
UNMA,Unum Group 6.250% JR NT58,NYSE,nasdaq_trader,2026-09-18T10:45:30.194Z,2026-09-22T07:18:59.617Z
UNP,Union Pacific Corporation,NYSE,nasdaq_trader,2026-09-18T10:45:30.194Z,2026-09-18T10:45:30.194Z
UNTY,"Unity Bancorp, Inc.",NASDAQ,nasdaq_trader,2026-09-18T10:45:30.194Z,2026-09-18T10:45:30.194Z
UONE,"Urban One, Inc.",NASDAQ,nasdaq_trader,2026-09-18T10:45:30.194Z,2026-09-18T10:45:30.194Z
UONEK,"Urban One, Inc.",NASDAQ,nasdaq_trader,2026-09-18T10:45:30.194Z,2026-09-18T10:45:30.194Z
UP,Wheels Up Experience Inc.,NYSE,nasdaq_trader,2026-09-18T10:45:30.194Z,2026-09-18T10:45:30.194Z
UPB,"Upstream Bio, Inc.",NASDAQ,nasdaq_trader,2026-09-18T10:45:30.194Z,2026-09-18T10:45:30.194Z
UPBD,"Upbound Group, Inc.",NASDAQ,nasdaq_trader,2026-09-18T10:45:30.194Z,2026-09-18T10:45:30.194Z
UPC,Universe Pharmaceuticals Inc,NASDAQ,nasdaq_trader,2026-09-18T10:45:30.194Z,2026-09-18T10:45:30.194Z
UPGGY,Banqup Group SA,OTC,excel_import,2026-09-18T09:57:12.863Z,2026-09-18T09:57:12.863Z
UPLD,"Upland Software, Inc.",NASDAQ,nasdaq_trader,2026-09-18T10:45:30.194Z,2026-09-18T10:45:30.194Z
UPS,"United Parcel Service, Inc.",NYSE,nasdaq_trader,2026-09-18T10:45:30.194Z,2026-09-18T10:45:30.194Z
UPST,"Upstart Holdings, Inc.",NASDAQ,nasdaq_trader,2026-09-18T10:45:30.194Z,2026-09-18T10:45:30.194Z
UPWK,Upwork Inc.,NASDAQ,nasdaq_trader,2026-09-18T10:45:30.194Z,2026-09-18T10:45:30.194Z
UPXI,"Upexi, Inc.",NASDAQ,nasdaq_trader,2026-09-18T10:45:30.194Z,2026-09-18T10:45:30.194Z
URBN,"Urban Outfitters, Inc.",NASDAQ,nasdaq_trader,2026-09-18T10:45:30.194Z,2026-09-18T10:45:30.194Z
URG,Ur-Energy Inc.,AMEX,nasdaq_trader,2026-09-18T10:45:30.194Z,2026-09-22T07:18:59.620Z
URGN,UroGen Pharma Ltd.,NASDAQ,nasdaq_trader,2026-09-18T10:45:30.194Z,2026-09-18T10:45:30.194Z
URI,"United Rentals, Inc.",NYSE,nasdaq_trader,2026-09-18T10:45:30.194Z,2026-09-18T10:45:30.194Z
UROY,Uranium Royalty Corp.,NASDAQ,nasdaq_trader,2026-09-18T10:45:30.194Z,2026-09-18T10:45:30.194Z
URZEF,URZ3 Energy Corp.,OTC,excel_import,2026-09-18T09:57:12.863Z,2026-09-18T09:57:12.863Z
USA,Liberty All-Star Equity Fund,NYSE,nasdaq_trader,2026-09-18T10:45:30.194Z,2026-09-18T10:45:30.194Z
USAC,"USA Compression Partners, LP Common",NYSE,nasdaq_trader,2026-09-18T10:45:30.194Z,2026-09-18T10:45:30.194Z
USAR,"USA Rare Earth, Inc.",NASDAQ,nasdaq_trader,2026-09-18T10:45:30.194Z,2026-09-18T10:45:30.194Z
USAS,Americas Gold and Silver Corporation,AMEX,nasdaq_trader,2026-09-18T10:45:30.194Z,2026-09-22T07:18:59.622Z
USAU,U.S. Gold Corp.,NASDAQ,nasdaq_trader,2026-09-18T10:45:30.194Z,2026-09-18T10:45:30.194Z
USB,U.S. Bancorp,NYSE,nasdaq_trader,2026-09-18T10:45:30.194Z,2026-09-18T10:45:30.194Z
USBC,"USBC, Inc.",AMEX,nasdaq_trader,2026-09-18T10:45:30.194Z,2026-09-18T10:45:30.194Z
USCB,"USCB Financial Holdings, Inc.",NASDAQ,nasdaq_trader,2026-09-18T10:45:30.194Z,2026-09-18T10:45:30.194Z
USDE,StablecoinX Inc.,NASDAQ,nasdaq_trader,2026-09-18T10:45:30.194Z,2026-09-18T10:45:30.194Z
USDEW,StablecoinX Inc.,NASDAQ,nasdaq_trader,2026-09-18T10:45:30.194Z,2026-09-18T10:45:30.194Z
USEA,United Maritime Corporation,NASDAQ,nasdaq_trader,2026-09-18T10:45:30.194Z,2026-09-18T10:45:30.194Z
USFD,US Foods Holding Corp.,NYSE,nasdaq_trader,2026-09-18T10:45:30.194Z,2026-09-18T10:45:30.194Z
USGO,U.S. GoldMining Inc.,NASDAQ,nasdaq_trader,2026-09-18T10:45:30.194Z,2026-09-18T10:45:30.194Z
USIO,"Usio, Inc.",NASDAQ,nasdaq_trader,2026-09-18T10:45:30.194Z,2026-09-18T10:45:30.194Z
USLM,"United States Lime & Minerals, Inc.",NASDAQ,nasdaq_trader,2026-09-18T10:45:30.194Z,2026-09-18T10:45:30.194Z
USNA,"USANA Health Sciences, Inc.",NYSE,nasdaq_trader,2026-09-18T10:45:30.194Z,2026-09-18T10:45:30.194Z
USPH,"U.S. Physical Therapy, Inc.",NYSE,nasdaq_trader,2026-09-18T10:45:30.194Z,2026-09-18T10:45:30.194Z
UTF,"Cohen & Steers Infrastructure Fund, Inc",NYSE,nasdaq_trader,2026-09-18T10:45:30.194Z,2026-09-18T10:45:30.194Z
UTG,Reaves Utility Income Fund,AMEX,nasdaq_trader,2026-09-18T10:45:30.194Z,2026-09-18T10:45:30.194Z
UTHR,United Therapeutics Corporation,NASDAQ,nasdaq_trader,2026-09-18T10:45:30.194Z,2026-09-18T10:45:30.194Z
UTI,Universal Technical Institute Inc,NYSE,nasdaq_trader,2026-09-18T10:45:30.194Z,2026-09-18T10:45:30.194Z
UTL,UNITIL Corporation,NYSE,nasdaq_trader,2026-09-18T10:45:30.194Z,2026-09-18T10:45:30.194Z
UTMD,"Utah Medical Products, Inc.",NASDAQ,nasdaq_trader,2026-09-18T10:45:30.194Z,2026-09-18T10:45:30.194Z
UTSI,UTStarcom Holdings Corp,NASDAQ,nasdaq_trader,2026-09-18T10:45:30.194Z,2026-09-18T10:45:30.194Z
UTZ,Utz Brands Inc,NYSE,nasdaq_trader,2026-09-18T10:45:30.194Z,2026-09-18T10:45:30.194Z
UUU,"Universal Safety Products, Inc.",AMEX,nasdaq_trader,2026-09-18T10:45:30.194Z,2026-09-18T10:45:30.194Z
UUUU,Energy Fuels Inc.,AMEX,nasdaq_trader,2026-09-18T10:45:30.194Z,2026-09-22T07:18:59.624Z
UVE,UNIVERSAL INSURANCE HOLDINGS INC,NYSE,nasdaq_trader,2026-09-18T10:45:30.194Z,2026-09-18T10:45:30.194Z
UVSP,Univest Financial Corporation,NASDAQ,nasdaq_trader,2026-09-18T10:45:30.194Z,2026-09-18T10:45:30.194Z
UVV,Universal Corporation,NYSE,nasdaq_trader,2026-09-18T10:45:30.194Z,2026-09-18T10:45:30.194Z
UWMC,UWM Holdings Corporation,NYSE,nasdaq_trader,2026-09-18T10:45:30.194Z,2026-09-18T10:45:30.194Z
UXIN,Uxin Limited,NASDAQ,nasdaq_trader,2026-09-18T10:45:30.194Z,2026-09-18T10:45:30.194Z
UYSC,UY Scuti Acquisition Corp.,NASDAQ,nasdaq_trader,2026-09-18T10:45:30.194Z,2026-09-18T10:45:30.194Z
UYSCR,UY Scuti Acquisition Corp.,NASDAQ,nasdaq_trader,2026-09-18T10:45:30.194Z,2026-09-18T10:45:30.194Z
UYSCU,UY Scuti Acquisition Corp.,NASDAQ,nasdaq_trader,2026-09-18T10:45:30.194Z,2026-09-18T10:45:30.194Z
UZD,"Array Digital Infrastructure, I",NYSE,nasdaq_trader,2026-09-18T10:45:30.194Z,2026-09-22T07:18:59.625Z
UZE,"Array Digital Infrastructure, I",NYSE,nasdaq_trader,2026-09-18T10:45:30.194Z,2026-09-22T07:18:59.627Z
UZF,"Array Digital Infrastructure, I",NYSE,nasdaq_trader,2026-09-18T10:45:30.194Z,2026-09-22T07:18:59.629Z
UZX,Linkage Global Inc,NASDAQ,nasdaq_trader,2026-09-18T10:45:30.194Z,2026-09-18T10:45:30.194Z
V,Visa Inc.,NYSE,nasdaq_trader,2026-09-18T10:45:30.194Z,2026-09-18T10:45:30.194Z
VABK,Virginia National Bankshares Corporation,NASDAQ,nasdaq_trader,2026-09-18T10:45:30.194Z,2026-09-18T10:45:30.194Z
VAC,Marriott Vacations Worldwide Corporation,NYSE,nasdaq_trader,2026-09-18T10:45:30.194Z,2026-09-18T10:45:30.194Z
VACI,Viking Acquisition Corp. I,NYSE,nasdaq_trader,2026-09-18T10:45:30.194Z,2026-09-18T10:45:30.194Z
VACI.U,Viking Acquisition Corp. I,NYSE,nasdaq_trader,2026-09-18T10:45:30.194Z,2026-09-18T10:45:30.194Z
VACI.W,Viking Acquisition Corp. I,NYSE,nasdaq_trader,2026-09-18T10:45:30.194Z,2026-09-18T10:45:30.194Z
VAI,Valor Energy Incorporated,NASDAQ,nasdaq_trader,2026-09-18T10:45:30.194Z,2026-09-18T10:45:30.194Z
VAL,Valaris Limited Common Shares,NYSE,nasdaq_trader,2026-09-18T10:45:30.194Z,2026-09-18T10:45:30.194Z
VAL.W,Valaris Limited,NYSE,nasdaq_trader,2026-09-18T10:45:30.194Z,2026-09-18T10:45:30.194Z
VALE,VALE S.A.,NYSE,nasdaq_trader,2026-09-18T10:45:30.194Z,2026-09-18T10:45:30.194Z
VALN,Valneva SE,NASDAQ,nasdaq_trader,2026-09-18T10:45:30.194Z,2026-09-18T10:45:30.194Z
VALU,"Value Line, Inc.",NASDAQ,nasdaq_trader,2026-09-18T10:45:30.194Z,2026-09-18T10:45:30.194Z
VANI,"Vivani Medical, Inc.",NASDAQ,nasdaq_trader,2026-09-18T10:45:30.194Z,2026-09-18T10:45:30.194Z
VATE,INNOVATE Corp.,NYSE,nasdaq_trader,2026-09-18T10:45:30.194Z,2026-09-18T10:45:30.194Z
VBF,Invesco Bond Fund,NYSE,nasdaq_trader,2026-09-18T10:45:30.194Z,2026-09-18T10:45:30.194Z
VBIO,"Valion Bio, Inc.",NASDAQ,nasdaq_trader,2026-09-18T10:45:30.194Z,2026-09-18T10:45:30.194Z
VBNK,VersaBank,NASDAQ,nasdaq_trader,2026-09-18T10:45:30.194Z,2026-09-18T10:45:30.194Z
VC,Visteon Corporation,NASDAQ,nasdaq_trader,2026-09-18T10:45:30.194Z,2026-09-18T10:45:30.194Z
VCEL,Vericel Corporation,NASDAQ,nasdaq_trader,2026-09-18T10:45:30.194Z,2026-09-18T10:45:30.194Z
VCIG,VCI Global Limited,NASDAQ,nasdaq_trader,2026-09-18T10:45:30.194Z,2026-09-18T10:45:30.194Z
VCRE,Vicore Pharma Holding AB (publ),NASDAQ,nasdaq_trader,2026-09-18T10:45:30.194Z,2026-09-22T07:18:59.069Z
VCTR,"Victory Capital Holdings, Inc.",NASDAQ,nasdaq_trader,2026-09-18T10:45:30.194Z,2026-09-18T10:45:30.194Z
VCV,Invesco California Value Municipal Income Trust,NYSE,nasdaq_trader,2026-09-18T10:45:30.194Z,2026-09-18T10:45:30.194Z
VCX,"Fundrise Growth Tech Fund, LLC",NYSE,nasdaq_trader,2026-09-18T10:45:30.194Z,2026-09-22T07:18:59.631Z
VCYT,"Veracyte, Inc.",NASDAQ,nasdaq_trader,2026-09-18T10:45:30.194Z,2026-09-18T10:45:30.194Z
VECA,Vernal Capital Acquisition Corp.,NYSE,nasdaq_trader,2026-09-18T10:45:30.194Z,2026-09-18T10:45:30.194Z
VECA.R,Vernal Capital Acquisition Corp.,NYSE,nasdaq_trader,2026-09-18T10:45:30.194Z,2026-09-18T10:45:30.194Z
VECA.U,Vernal Capital Acquisition Corp.,NYSE,nasdaq_trader,2026-09-18T10:45:30.194Z,2026-09-18T10:45:30.194Z
VECO,Veeco Instruments Inc.,NASDAQ,nasdaq_trader,2026-09-18T10:45:30.194Z,2026-09-18T10:45:30.194Z
VEEA,Veea Inc.,NASDAQ,nasdaq_trader,2026-09-18T10:45:30.194Z,2026-09-18T10:45:30.194Z
VEEAW,Veea Inc.,NASDAQ,nasdaq_trader,2026-09-18T10:45:30.194Z,2026-09-18T10:45:30.194Z
VEEE,Twin Vee PowerCats Co.,NASDAQ,nasdaq_trader,2026-09-18T10:45:30.194Z,2026-09-18T10:45:30.194Z
VEEV,Veeva Systems Inc.,NYSE,nasdaq_trader,2026-09-18T10:45:30.194Z,2026-09-18T10:45:30.194Z
VEL,"Velocity Financial, Inc.",NYSE,nasdaq_trader,2026-09-18T10:45:30.194Z,2026-09-18T10:45:30.194Z
VELO,"Velo3D, Inc.",NASDAQ,nasdaq_trader,2026-09-18T10:45:30.194Z,2026-09-18T10:45:30.194Z
VENU,Venu Holding Corporation,AMEX,nasdaq_trader,2026-09-18T10:45:30.194Z,2026-09-18T10:45:30.194Z
VEON,VEON Ltd.,NASDAQ,nasdaq_trader,2026-09-18T10:45:30.194Z,2026-09-18T10:45:30.194Z
VERA,"Vera Therapeutics, Inc.",NASDAQ,nasdaq_trader,2026-09-18T10:45:30.194Z,2026-09-18T10:45:30.194Z
VERI,"Veritone, Inc.",NASDAQ,nasdaq_trader,2026-09-18T10:45:30.194Z,2026-09-18T10:45:30.194Z
VERTF,Vertiqal Studios Corp.,OTC,excel_import,2026-09-18T09:57:12.863Z,2026-09-18T09:57:12.863Z
VERU,Veru Inc.,NASDAQ,nasdaq_trader,2026-09-18T10:45:30.194Z,2026-09-18T10:45:30.194Z
VERX,"Vertex, Inc.",NASDAQ,nasdaq_trader,2026-09-18T10:45:30.194Z,2026-09-18T10:45:30.194Z
VESTF,Corporación Inmobiliaria Vesta S.A.B. de C.V.,OTC,excel_import,2026-09-18T09:57:12.863Z,2026-09-18T09:57:12.863Z
VET,Vermilion Energy Inc.,NYSE,nasdaq_trader,2026-09-18T10:45:30.194Z,2026-09-22T07:18:59.632Z
VFC,V.F. Corporation,NYSE,nasdaq_trader,2026-09-18T10:45:30.194Z,2026-09-18T10:45:30.194Z
VFF,"Village Farms International, Inc.",NASDAQ,nasdaq_trader,2026-09-18T10:45:30.194Z,2026-09-18T10:45:30.194Z
VFORF,VerticalScope Holdings Inc.,OTC,excel_import,2026-09-18T09:57:12.863Z,2026-09-18T09:57:12.863Z
VFS,VinFast Auto Ltd.,NASDAQ,nasdaq_trader,2026-09-18T10:45:30.194Z,2026-09-18T10:45:30.194Z
VFSWW,VinFast Auto Ltd.,NASDAQ,nasdaq_trader,2026-09-18T10:45:30.194Z,2026-09-18T10:45:30.194Z
VG,"Venture Global, Inc.",NYSE,nasdaq_trader,2026-09-18T10:45:30.194Z,2026-09-18T10:45:30.194Z
VGAS,"Verde Clean Fuels, Inc.",NASDAQ,nasdaq_trader,2026-09-18T10:45:30.194Z,2026-09-18T10:45:30.194Z
VGASW,"Verde Clean Fuels, Inc.",NASDAQ,nasdaq_trader,2026-09-18T10:45:30.194Z,2026-09-18T10:45:30.194Z
VGI,Virtus Global Multi-Sector Income Fund,NYSE,nasdaq_trader,2026-09-18T10:45:30.194Z,2026-09-18T10:45:30.194Z
VGM,Invesco Trust for Investment Grade Municipals,NYSE,nasdaq_trader,2026-09-18T10:45:30.194Z,2026-09-22T07:18:59.634Z
VGNT,Versigent plc,NYSE,excel_import,2026-09-18T09:57:12.863Z,2026-09-18T09:57:12.863Z
VGPBF,VGP NV,OTC,excel_import,2026-09-18T09:57:12.863Z,2026-09-18T09:57:12.863Z
VGZ,Vista Gold Corp,AMEX,nasdaq_trader,2026-09-18T10:45:30.194Z,2026-09-18T10:45:30.194Z
VHC,VirnetX Holding Corp,NASDAQ,nasdaq_trader,2026-09-18T10:45:30.194Z,2026-09-18T10:45:30.194Z
VHCP,Vine Hill Capital Investment Corp. II,NASDAQ,nasdaq_trader,2026-09-18T10:45:30.194Z,2026-09-18T10:45:30.194Z
VHCPU,Vine Hill Capital Investment Corp. II,NASDAQ,nasdaq_trader,2026-09-18T10:45:30.194Z,2026-09-18T10:45:30.194Z
VHCPW,Vine Hill Capital Investment Corp. II,NASDAQ,nasdaq_trader,2026-09-18T10:45:30.194Z,2026-09-18T10:45:30.194Z
VHI,"Valhi, Inc.",NYSE,nasdaq_trader,2026-09-18T10:45:30.194Z,2026-09-18T10:45:30.194Z
VHUB,"VenHub Global, Inc.",NASDAQ,nasdaq_trader,2026-09-18T10:45:30.194Z,2026-09-18T10:45:30.194Z
VIA,"Via Transportation, Inc.",NYSE,nasdaq_trader,2026-09-18T10:45:30.194Z,2026-09-18T10:45:30.194Z
VIAV,Viavi Solutions Inc.,NASDAQ,nasdaq_trader,2026-09-18T10:45:30.194Z,2026-09-18T10:45:30.194Z
VICI,VICI Properties Inc.,NYSE,nasdaq_trader,2026-09-18T10:45:30.194Z,2026-09-18T10:45:30.194Z
VICR,Vicor Corporation,NASDAQ,nasdaq_trader,2026-09-18T10:45:30.194Z,2026-09-18T10:45:30.194Z
VIDA,VIDA Global Inc.,AMEX,nasdaq_trader,2026-09-18T10:45:30.194Z,2026-09-18T10:45:30.194Z
VII,Viking Acquisition Corp. II,NYSE,nasdaq_trader,2026-09-18T10:45:30.194Z,2026-09-18T10:45:30.194Z
VII.U,Viking Acquisition Corp. II,NYSE,nasdaq_trader,2026-09-18T10:45:30.194Z,2026-09-18T10:45:30.194Z
VII.W,Viking Acquisition Corp. II,NYSE,nasdaq_trader,2026-09-18T10:45:30.194Z,2026-09-18T10:45:30.194Z
VIK,Viking Holdings Ltd,NYSE,nasdaq_trader,2026-09-18T10:45:30.194Z,2026-09-18T10:45:30.194Z
VINP,Vinci Compass Investments Ltd.,NASDAQ,nasdaq_trader,2026-09-18T10:45:30.194Z,2026-09-18T10:45:30.194Z
VIOT,"Viomi Technology Co., Ltd",NASDAQ,nasdaq_trader,2026-09-18T10:45:30.194Z,2026-09-18T10:45:30.194Z
VIP,Vulcan Infrastructure and Power Inc.,NASDAQ,nasdaq_trader,2026-09-18T10:45:30.194Z,2026-09-18T10:45:30.194Z
VIPS,Vipshop Holdings Limited,NYSE,nasdaq_trader,2026-09-18T10:45:30.194Z,2026-09-18T10:45:30.194Z
VIR,"Vir Biotechnology, Inc.",NASDAQ,nasdaq_trader,2026-09-18T10:45:30.194Z,2026-09-18T10:45:30.194Z
VIRC,Virco Mfg. Corporation,NASDAQ,nasdaq_trader,2026-09-18T10:45:30.194Z,2026-09-22T07:18:59.071Z
VIRT,"Virtu Financial, Inc.",NYSE,nasdaq_trader,2026-09-18T10:45:30.194Z,2026-09-18T10:45:30.194Z
VISN,"Vistance Networks, Inc.",NASDAQ,nasdaq_trader,2026-09-18T10:45:30.194Z,2026-09-18T10:45:30.194Z
VIST,Vista Energy S.A.B. de C.V.,NYSE,nasdaq_trader,2026-09-18T10:45:30.194Z,2026-09-18T10:45:30.194Z
VITL,"Vital Farms, Inc.",NASDAQ,nasdaq_trader,2026-09-18T10:45:30.194Z,2026-09-18T10:45:30.194Z
VIV,Telefônica Brasil S.A.,NYSE,nasdaq_trader,2026-09-18T10:45:30.194Z,2026-09-22T07:21:31.406Z
VIVK,"Vivakor, Inc.",NASDAQ,nasdaq_trader,2026-09-18T10:45:30.194Z,2026-09-18T10:45:30.194Z
VIVO,VivoPower PLC,NASDAQ,nasdaq_trader,2026-09-18T10:45:30.194Z,2026-09-18T10:45:30.194Z
VIVRF,Vivoryon Therapeutics N.V.,OTC,excel_import,2026-09-18T09:57:12.863Z,2026-09-18T09:57:12.863Z
VIVS,"VivoSim Labs, Inc.",NASDAQ,nasdaq_trader,2026-09-18T10:45:30.194Z,2026-09-18T10:45:30.194Z
VIZNF,Visionary Metals Corp.,OTC,excel_import,2026-09-18T09:57:12.863Z,2026-09-18T09:57:12.863Z
VKI,Invesco Advantage Municipal Income Trust II,AMEX,nasdaq_trader,2026-09-18T10:45:30.194Z,2026-09-18T10:45:30.194Z
VKQ,Invesco Municipal Trust,NYSE,nasdaq_trader,2026-09-18T10:45:30.194Z,2026-09-18T10:45:30.194Z
VKTX,"Viking Therapeutics, Inc.",NASDAQ,nasdaq_trader,2026-09-18T10:45:30.194Z,2026-09-18T10:45:30.194Z
VLERF,Valeura Energy Inc.,OTC,excel_import,2026-09-18T09:57:12.863Z,2026-09-18T09:57:12.863Z
VLGEA,"Village Super Market, Inc.",NASDAQ,nasdaq_trader,2026-09-18T10:45:30.194Z,2026-09-18T10:45:30.194Z
VLN,Valens Semiconductor Ltd.,NYSE,nasdaq_trader,2026-09-18T10:45:30.194Z,2026-09-18T10:45:30.194Z
VLNT,"Vallant Financial, Inc.",OTC,excel_import,2026-09-18T09:57:12.863Z,2026-09-18T09:57:12.863Z
VLO,Valero Energy Corporation,NYSE,nasdaq_trader,2026-09-18T10:45:30.194Z,2026-09-18T10:45:30.194Z
VLOS,Velos Acquisition I Corp.,NASDAQ,nasdaq_trader,2026-09-18T10:45:30.194Z,2026-09-18T10:45:30.194Z
VLOSU,Velos Acquisition I Corp.,NASDAQ,nasdaq_trader,2026-09-18T10:45:30.194Z,2026-09-18T10:45:30.194Z
VLOSW,Velos Acquisition I Corp.,NASDAQ,nasdaq_trader,2026-09-18T10:45:30.194Z,2026-09-18T10:45:30.194Z
VLRS,"Controladora Vuela Compañía de Aviación, S.A.B. de C.V.",NYSE,nasdaq_trader,2026-09-18T10:45:30.194Z,2026-09-22T07:21:31.409Z
VLT,Invesco High Income Trust II,NYSE,nasdaq_trader,2026-09-18T10:45:30.194Z,2026-09-18T10:45:30.194Z
VLTO,Veralto Corp,NYSE,nasdaq_trader,2026-09-18T10:45:30.194Z,2026-09-18T10:45:30.194Z
VLY,Valley National Bancorp,NASDAQ,nasdaq_trader,2026-09-18T10:45:30.194Z,2026-09-18T10:45:30.194Z
VLYPN,Valley National Bancorp,NASDAQ,nasdaq_trader,2026-09-18T10:45:30.194Z,2026-09-18T10:45:30.194Z
VLYPO,Valley National Bancorp,NASDAQ,nasdaq_trader,2026-09-18T10:45:30.194Z,2026-09-18T10:45:30.194Z
VLYPP,Valley National Bancorp,NASDAQ,nasdaq_trader,2026-09-18T10:45:30.194Z,2026-09-18T10:45:30.194Z
VMAR,Vision Marine Technologies Inc.,NASDAQ,nasdaq_trader,2026-09-18T10:45:30.194Z,2026-09-18T10:45:30.194Z
VMC,Vulcan Materials Company (Holding Company),NYSE,nasdaq_trader,2026-09-18T10:45:30.194Z,2026-09-18T10:45:30.194Z
VMD,"Viemed Healthcare, Inc.",NASDAQ,nasdaq_trader,2026-09-18T10:45:30.194Z,2026-09-18T10:45:30.194Z
VMET,Versamet Royalties Corporation,NASDAQ,excel_import,2026-09-18T09:57:12.863Z,2026-09-18T09:57:12.863Z
VMI,"Valmont Industries, Inc.",NYSE,nasdaq_trader,2026-09-18T10:45:30.194Z,2026-09-18T10:45:30.194Z
VMO,Invesco Municipal Opportunity Trust,NYSE,nasdaq_trader,2026-09-18T10:45:30.194Z,2026-09-18T10:45:30.194Z
VMRK,"AvalonBay Communities, Inc.",NYSE,nasdaq_trader,2026-09-18T10:45:30.194Z,2026-09-22T07:18:59.637Z
VNCE,Vince Holding Corp.,NASDAQ,nasdaq_trader,2026-09-18T10:45:30.194Z,2026-09-18T10:45:30.194Z
VNDA,Vanda Pharmaceuticals Inc.,NASDAQ,nasdaq_trader,2026-09-18T10:45:30.194Z,2026-09-18T10:45:30.194Z
VNET,"VNET Group, Inc.",NASDAQ,nasdaq_trader,2026-09-18T10:45:30.194Z,2026-09-18T10:45:30.194Z
VNME,Vendome Acquisition Corporation I,NASDAQ,nasdaq_trader,2026-09-18T10:45:30.194Z,2026-09-18T10:45:30.194Z
VNMEU,Vendome Acquisition Corporation I,NASDAQ,nasdaq_trader,2026-09-18T10:45:30.194Z,2026-09-18T10:45:30.194Z
VNMEW,Vendome Acquisition Corporation I,NASDAQ,nasdaq_trader,2026-09-18T10:45:30.194Z,2026-09-18T10:45:30.194Z
VNO,Vornado Realty Trust,NYSE,nasdaq_trader,2026-09-18T10:45:30.194Z,2026-09-18T10:45:30.194Z
VNOM,"Viper Energy, Inc.",NASDAQ,nasdaq_trader,2026-09-18T10:45:30.194Z,2026-09-18T10:45:30.194Z
VNRX,VolitionRX Limited,AMEX,nasdaq_trader,2026-09-18T10:45:30.194Z,2026-09-18T10:45:30.194Z
VNT,Vontier Corporation,NYSE,nasdaq_trader,2026-09-18T10:45:30.194Z,2026-09-18T10:45:30.194Z
VNTG,Vantage Corp,AMEX,nasdaq_trader,2026-09-18T10:45:30.194Z,2026-09-18T10:45:30.194Z
VOC,VOC Energy Trust,NYSE,nasdaq_trader,2026-09-18T10:45:30.194Z,2026-09-18T10:45:30.194Z
VOD,Vodafone Group Public Limited Company,NASDAQ,nasdaq_trader,2026-09-18T10:45:30.194Z,2026-09-22T07:18:59.072Z
VOGX,Vogenx Inc,NASDAQ,nasdaq_trader,2026-09-18T10:45:30.194Z,2026-09-18T10:45:30.194Z
VOPKY,Koninklijke Vopak N.V.,OTC,excel_import,2026-09-18T09:57:12.863Z,2026-09-18T09:57:12.863Z
VOR,Vor Biopharma Inc.,NASDAQ,nasdaq_trader,2026-09-18T10:45:30.194Z,2026-09-18T10:45:30.194Z
VOXR,Vox Royalty Corp.,NASDAQ,nasdaq_trader,2026-09-18T10:45:30.194Z,2026-09-18T10:45:30.194Z
VOYA,"Voya Financial, Inc.",NYSE,nasdaq_trader,2026-09-18T10:45:30.194Z,2026-09-18T10:45:30.194Z
VOYG,"Voyager Technologies, Inc.",NYSE,nasdaq_trader,2026-09-18T10:45:30.194Z,2026-09-18T10:45:30.194Z
VPG,"Vishay Precision Group, Inc.",NYSE,nasdaq_trader,2026-09-18T10:45:30.194Z,2026-09-18T10:45:30.194Z
VPRIF,Vitality Products Inc.,OTC,excel_import,2026-09-18T09:57:12.863Z,2026-09-18T09:57:12.863Z
VPV,Invesco Pennsylvania Value Municipal Income Trust,NYSE,nasdaq_trader,2026-09-18T10:45:30.194Z,2026-09-22T07:18:59.639Z
VRA,"Vera Bradley, Inc.",NASDAQ,nasdaq_trader,2026-09-18T10:45:30.194Z,2026-09-18T10:45:30.194Z
VRAX,Virax Biolabs Group Limited,NASDAQ,nasdaq_trader,2026-09-18T10:45:30.194Z,2026-09-18T10:45:30.194Z
VRCA,Verrica Pharmaceuticals Inc.,NASDAQ,nasdaq_trader,2026-09-18T10:45:30.194Z,2026-09-18T10:45:30.194Z
VRDN,"Viridian Therapeutics, Inc.",NASDAQ,nasdaq_trader,2026-09-18T10:45:30.194Z,2026-09-18T10:45:30.194Z
VREOF,Vireo Growth Inc.,OTC,excel_import,2026-09-18T09:57:12.863Z,2026-09-18T09:57:12.863Z
VREX,Varex Imaging Corporation,NASDAQ,nasdaq_trader,2026-09-18T10:45:30.194Z,2026-09-18T10:45:30.194Z
VRM,"Vroom, Inc.",NASDAQ,nasdaq_trader,2026-09-18T10:45:30.194Z,2026-09-18T10:45:30.194Z
VRME,"VerifyMe, Inc.",NASDAQ,nasdaq_trader,2026-09-18T10:45:30.194Z,2026-09-18T10:45:30.194Z
VRNS,"Varonis Systems, Inc.",NASDAQ,nasdaq_trader,2026-09-18T10:45:30.194Z,2026-09-18T10:45:30.194Z
VRRM,Verra Mobility Corporation,NASDAQ,nasdaq_trader,2026-09-18T10:45:30.194Z,2026-09-18T10:45:30.194Z
VRSK,"Verisk Analytics, Inc.",NASDAQ,nasdaq_trader,2026-09-18T10:45:30.194Z,2026-09-18T10:45:30.194Z
VRSN,"VeriSign, Inc.",NASDAQ,nasdaq_trader,2026-09-18T10:45:30.194Z,2026-09-18T10:45:30.194Z
VRT,"Vertiv Holdings, LLC",NYSE,nasdaq_trader,2026-09-18T10:45:30.194Z,2026-09-18T10:45:30.194Z
VRTS,"Virtus Investment Partners, Inc.",NYSE,nasdaq_trader,2026-09-18T10:45:30.194Z,2026-09-18T10:45:30.194Z
VRTX,Vertex Pharmaceuticals Incorporated,NASDAQ,nasdaq_trader,2026-09-18T10:45:30.194Z,2026-09-18T10:45:30.194Z
VRXA,Veraxa Biotech AG,NASDAQ,nasdaq_trader,2026-09-18T10:45:30.194Z,2026-09-18T10:45:30.194Z
VRXAW,Veraxa Biotech AG,NASDAQ,nasdaq_trader,2026-09-18T10:45:30.194Z,2026-09-18T10:45:30.194Z
VS,Versus Systems Inc.,NASDAQ,nasdaq_trader,2026-09-18T10:45:30.194Z,2026-09-18T10:45:30.194Z
VSA,VisionSys AI Inc.,NASDAQ,nasdaq_trader,2026-09-18T10:45:30.194Z,2026-09-18T10:45:30.194Z
VSAT,"ViaSat, Inc.",NASDAQ,nasdaq_trader,2026-09-18T10:45:30.194Z,2026-09-18T10:45:30.194Z
VSEC,VSE Corporation,NASDAQ,nasdaq_trader,2026-09-18T10:45:30.194Z,2026-09-18T10:45:30.194Z
VSECU,VSE Corporation,NASDAQ,nasdaq_trader,2026-09-18T10:45:30.194Z,2026-09-18T10:45:30.194Z
VSH,"Vishay Intertechnology, Inc.",NYSE,nasdaq_trader,2026-09-18T10:45:30.194Z,2026-09-18T10:45:30.194Z
VSME,VS Media Holdings Limited,NASDAQ,nasdaq_trader,2026-09-18T10:45:30.194Z,2026-09-18T10:45:30.194Z
VSNT,"Versant Media Group, Inc.",NASDAQ,nasdaq_trader,2026-09-18T10:45:30.194Z,2026-09-18T10:45:30.194Z
VST,Vistra Corp.,NYSE,nasdaq_trader,2026-09-18T10:45:30.194Z,2026-09-18T10:45:30.194Z
VSTM,"Verastem, Inc.",NASDAQ,nasdaq_trader,2026-09-18T10:45:30.194Z,2026-09-18T10:45:30.194Z
VSTS,Vestis Corporation,NYSE,nasdaq_trader,2026-09-18T10:45:30.194Z,2026-09-18T10:45:30.194Z
VSXY,Victorias Secret & Co.,NYSE,nasdaq_trader,2026-09-18T10:45:30.194Z,2026-09-18T10:45:30.194Z
VTAK,"Catheter Precision, Inc.",AMEX,nasdaq_trader,2026-09-18T10:45:30.194Z,2026-09-18T10:45:30.194Z
VTEX,VTEX Class A Common Shares,NYSE,nasdaq_trader,2026-09-18T10:45:30.194Z,2026-09-18T10:45:30.194Z
VTGN,"Vistagen Therapeutics, Inc.",NASDAQ,nasdaq_trader,2026-09-18T10:45:30.194Z,2026-09-18T10:45:30.194Z
VTIX,Virtuix Holdings Inc.,NASDAQ,nasdaq_trader,2026-09-18T10:45:30.194Z,2026-09-18T10:45:30.194Z
VTLSF,Vitalist Inc.,OTC,excel_import,2026-09-18T09:57:12.863Z,2026-09-18T09:57:12.863Z
VTMX,"Corporación Inmobiliaria Vesta, S.A.B. de C.V.",NYSE,nasdaq_trader,2026-09-18T10:45:30.194Z,2026-09-22T07:21:31.411Z
VTN,Invesco Trust for Investment Grade New York Municipals,NYSE,nasdaq_trader,2026-09-18T10:45:30.194Z,2026-09-18T10:45:30.194Z
VTOL,"Bristow Group, Inc.",NYSE,nasdaq_trader,2026-09-18T10:45:30.194Z,2026-09-18T10:45:30.194Z
VTR,"Ventas, Inc.",NYSE,nasdaq_trader,2026-09-18T10:45:30.194Z,2026-09-18T10:45:30.194Z
VTRS,Viatris Inc.,NASDAQ,nasdaq_trader,2026-09-18T10:45:30.194Z,2026-09-18T10:45:30.194Z
VTS,"Vitesse Energy, Inc.",NYSE,nasdaq_trader,2026-09-18T10:45:30.194Z,2026-09-18T10:45:30.194Z
VTSI,"VirTra, Inc.",NASDAQ,nasdaq_trader,2026-09-18T10:45:30.194Z,2026-09-18T10:45:30.194Z
VTVT,vTv Therapeutics Inc.,NASDAQ,nasdaq_trader,2026-09-18T10:45:30.194Z,2026-09-18T10:45:30.194Z
VTXGF,Vertex Resource Group Ltd.,OTC,excel_import,2026-09-18T09:57:12.863Z,2026-09-18T09:57:12.863Z
VUZI,Vuzix Corporation,NASDAQ,nasdaq_trader,2026-09-18T10:45:30.194Z,2026-09-18T10:45:30.194Z
VVOS,"Vivos Therapeutics, Inc.",NASDAQ,nasdaq_trader,2026-09-18T10:45:30.194Z,2026-09-18T10:45:30.194Z
VVR,Invesco Senior Income Trust,NYSE,nasdaq_trader,2026-09-18T10:45:30.194Z,2026-09-22T07:18:59.642Z
VVV,Valvoline Inc.,NYSE,nasdaq_trader,2026-09-18T10:45:30.194Z,2026-09-18T10:45:30.194Z
VVX,"V2X, Inc.",NYSE,nasdaq_trader,2026-09-18T10:45:30.194Z,2026-09-18T10:45:30.194Z
VWAV,"VisionWave Holdings, Inc.",NASDAQ,nasdaq_trader,2026-09-18T10:45:30.194Z,2026-09-18T10:45:30.194Z
VWAVW,"VisionWave Holdings, Inc.",NASDAQ,nasdaq_trader,2026-09-18T10:45:30.194Z,2026-09-18T10:45:30.194Z
VYGR,"Voyager Therapeutics, Inc.",NASDAQ,nasdaq_trader,2026-09-18T10:45:30.194Z,2026-09-18T10:45:30.194Z
VYX,NCR Voyix Corporation,NYSE,nasdaq_trader,2026-09-18T10:45:30.194Z,2026-09-18T10:45:30.194Z
VZ,Verizon Communications Inc.,NYSE,nasdaq_trader,2026-09-18T10:45:30.194Z,2026-09-18T10:45:30.194Z
VZLA,Vizsla Silver Corp. Common Shares,AMEX,nasdaq_trader,2026-09-18T10:45:30.194Z,2026-09-18T10:45:30.194Z
W,Wayfair Inc.,NYSE,nasdaq_trader,2026-09-18T10:45:30.194Z,2026-09-18T10:45:30.194Z
WAB,Westinghouse Air Brake Technologies Corporation,NYSE,nasdaq_trader,2026-09-18T10:45:30.194Z,2026-09-18T10:45:30.194Z
WABC,Westamerica Bancorporation,NASDAQ,nasdaq_trader,2026-09-18T10:45:30.194Z,2026-09-18T10:45:30.194Z
WAFD,"WaFd, Inc.",NASDAQ,nasdaq_trader,2026-09-18T10:45:30.194Z,2026-09-18T10:45:30.194Z
WAFDP,"WaFd, Inc.",NASDAQ,nasdaq_trader,2026-09-18T10:45:30.194Z,2026-09-18T10:45:30.194Z
WAFU,Wah Fu Education Group Limited,NASDAQ,nasdaq_trader,2026-09-18T10:45:30.194Z,2026-09-18T10:45:30.194Z
WAL,Western Alliance Bancorporation,NYSE,nasdaq_trader,2026-09-18T10:45:30.194Z,2026-09-22T07:18:59.643Z
WALD,Waldencast plc,NASDAQ,nasdaq_trader,2026-09-18T10:45:30.194Z,2026-09-18T10:45:30.194Z
WALDW,Waldencast plc,NASDAQ,nasdaq_trader,2026-09-18T10:45:30.194Z,2026-09-18T10:45:30.194Z
WASH,"Washington Trust Bancorp, Inc.",NASDAQ,nasdaq_trader,2026-09-18T10:45:30.194Z,2026-09-18T10:45:30.194Z
WAT,Waters Corporation,NYSE,nasdaq_trader,2026-09-18T10:45:30.194Z,2026-09-18T10:45:30.194Z
WATR,Air Water Ventures Limited,NASDAQ,nasdaq_trader,2026-09-18T10:45:30.194Z,2026-09-18T10:45:30.194Z
WATT,Energous Corporation,NASDAQ,nasdaq_trader,2026-09-18T10:45:30.194Z,2026-09-18T10:45:30.194Z
WAVE,Eco Wave Power Global AB (publ),NASDAQ,nasdaq_trader,2026-09-18T10:45:30.194Z,2026-09-18T10:45:30.194Z
WAY,Waystar Holding Corp.,NASDAQ,nasdaq_trader,2026-09-18T10:45:30.194Z,2026-09-18T10:45:30.194Z
WB,Weibo Corporation,NASDAQ,nasdaq_trader,2026-09-18T10:45:30.194Z,2026-09-18T10:45:30.194Z
WBD,"Warner Bros. Discovery, Inc.",NASDAQ,nasdaq_trader,2026-09-18T10:45:30.194Z,2026-09-18T10:45:30.194Z
WBI,WaterBridge Infrastructure LLC,NYSE,excel_import,2026-09-18T09:57:12.863Z,2026-09-18T09:57:12.863Z
WBNEF,WestBond Enterprises Corporation,OTC,excel_import,2026-09-18T09:57:12.863Z,2026-09-18T09:57:12.863Z
WBTN,WEBTOON Entertainment Inc.,NASDAQ,nasdaq_trader,2026-09-18T10:45:30.194Z,2026-09-18T10:45:30.194Z
WBUY,WEBUY GLOBAL LTD.,NASDAQ,nasdaq_trader,2026-09-18T10:45:30.194Z,2026-09-18T10:45:30.194Z
WBX,Wallbox N.V.,NYSE,nasdaq_trader,2026-09-18T10:45:30.194Z,2026-09-18T10:45:30.194Z
WCC,"WESCO International, Inc.",NYSE,nasdaq_trader,2026-09-18T10:45:30.194Z,2026-09-18T10:45:30.194Z
WCCB,West Coast Community Bancorp,NASDAQ,nasdaq_trader,2026-09-18T10:45:30.194Z,2026-09-18T10:45:30.194Z
WCN,"Waste Connections, Inc. Common Shares",NYSE,nasdaq_trader,2026-09-18T10:45:30.194Z,2026-09-18T10:45:30.194Z
WCPRF,Whitecap Resources Inc.,OTC,excel_import,2026-09-18T09:57:12.863Z,2026-09-18T09:57:12.863Z
WCT,Wellchange Holdings Company Limited,NASDAQ,nasdaq_trader,2026-09-18T10:45:30.194Z,2026-09-18T10:45:30.194Z
WD,"Walker & Dunlop, Inc",NYSE,nasdaq_trader,2026-09-18T10:45:30.194Z,2026-09-18T10:45:30.194Z
WDAY,"Workday, Inc.",NASDAQ,nasdaq_trader,2026-09-18T10:45:30.194Z,2026-09-18T10:45:30.194Z
WDC,Western Digital Corporation,NASDAQ,nasdaq_trader,2026-09-18T10:45:30.194Z,2026-09-18T10:45:30.194Z
WDFC,WD-40 Company,NASDAQ,nasdaq_trader,2026-09-18T10:45:30.194Z,2026-09-18T10:45:30.194Z
WDH,Waterdrop Inc.,NYSE,nasdaq_trader,2026-09-18T10:45:30.194Z,2026-09-18T10:45:30.194Z
WDI,Western Asset Diversified Income Fund,NYSE,nasdaq_trader,2026-09-18T10:45:30.194Z,2026-09-18T10:45:30.194Z
WDS,Woodside Energy Group Limited,NYSE,nasdaq_trader,2026-09-18T10:45:30.194Z,2026-09-18T10:45:30.194Z
WEA,Western Asset Premier Bond Fund,NYSE,nasdaq_trader,2026-09-18T10:45:30.194Z,2026-09-22T07:18:59.645Z
WEAV,"Weave Communications, Inc.",NYSE,nasdaq_trader,2026-09-18T10:45:30.194Z,2026-09-18T10:45:30.194Z
WEC,"WEC Energy Group, Inc.",NYSE,nasdaq_trader,2026-09-18T10:45:30.194Z,2026-09-18T10:45:30.194Z
WEIFX,Wildermuth Fund,NASDAQ,excel_import,2026-09-18T09:57:12.863Z,2026-09-18T09:57:12.863Z
WELL,Welltower Inc.,NYSE,nasdaq_trader,2026-09-18T10:45:30.194Z,2026-09-18T10:45:30.194Z
WEN,Wendy's Company (The),NASDAQ,nasdaq_trader,2026-09-18T10:45:30.194Z,2026-09-18T10:45:30.194Z
WENC,West Enclave Merger Corp.,NYSE,nasdaq_trader,2026-09-18T10:45:30.194Z,2026-09-18T10:45:30.194Z
WENC.R,West Enclave Merger Corp.,NYSE,nasdaq_trader,2026-09-18T10:45:30.194Z,2026-09-18T10:45:30.194Z
WENC.U,West Enclave Merger Corp.,NYSE,nasdaq_trader,2026-09-18T10:45:30.194Z,2026-09-18T10:45:30.194Z
WENN,Wen Acquisition Corp,NASDAQ,nasdaq_trader,2026-09-18T10:45:30.194Z,2026-09-18T10:45:30.194Z
WENNU,Wen Acquisition Corp,NASDAQ,nasdaq_trader,2026-09-18T10:45:30.194Z,2026-09-18T10:45:30.194Z
WENNW,Wen Acquisition Corp,NASDAQ,nasdaq_trader,2026-09-18T10:45:30.194Z,2026-09-18T10:45:30.194Z
WERN,"Werner Enterprises, Inc.",NASDAQ,nasdaq_trader,2026-09-18T10:45:30.194Z,2026-09-18T10:45:30.194Z
WES,"Western Midstream Partners, LP Common",NYSE,nasdaq_trader,2026-09-18T10:45:30.194Z,2026-09-18T10:45:30.194Z
WEST,Westrock Coffee Company,NASDAQ,nasdaq_trader,2026-09-18T10:45:30.194Z,2026-09-18T10:45:30.194Z
WETH,Wetouch Technology Inc.,NASDAQ,nasdaq_trader,2026-09-18T10:45:30.194Z,2026-09-18T10:45:30.194Z
WETO,Wetour Robotics Limited,NASDAQ,nasdaq_trader,2026-09-18T10:45:30.194Z,2026-09-18T10:45:30.194Z
WEX,WEX Inc.,NYSE,nasdaq_trader,2026-09-18T10:45:30.194Z,2026-09-18T10:45:30.194Z
WEYS,"Weyco Group, Inc.",NASDAQ,nasdaq_trader,2026-09-18T10:45:30.194Z,2026-09-18T10:45:30.194Z
WF,Woori Financial Group Inc.,NYSE,nasdaq_trader,2026-09-18T10:45:30.194Z,2026-09-18T10:45:30.194Z
WFC,Wells Fargo & Company,NYSE,nasdaq_trader,2026-09-18T10:45:30.194Z,2026-09-18T10:45:30.194Z
WFCF,"Where Food Comes From, Inc.",NASDAQ,nasdaq_trader,2026-09-18T10:45:30.194Z,2026-09-18T10:45:30.194Z
WFF,WF Holding Limited,NASDAQ,nasdaq_trader,2026-09-18T10:45:30.194Z,2026-09-18T10:45:30.194Z
WFG,West Fraser Timber Co. Ltd,NYSE,nasdaq_trader,2026-09-18T10:45:30.194Z,2026-09-18T10:45:30.194Z
WFICF,Wall Financial Corporation,OTC,excel_import,2026-09-18T09:57:12.863Z,2026-09-18T09:57:12.863Z
WFRD,Weatherford International plc,NASDAQ,nasdaq_trader,2026-09-18T10:45:30.194Z,2026-09-18T10:45:30.194Z
WGO,"Winnebago Industries, Inc.",NYSE,nasdaq_trader,2026-09-18T10:45:30.194Z,2026-09-18T10:45:30.194Z
WGS,GeneDx Holdings Corp.,NASDAQ,nasdaq_trader,2026-09-18T10:45:30.194Z,2026-09-18T10:45:30.194Z
WGTFF,Westgate Energy Inc.,OTC,excel_import,2026-09-18T09:57:12.863Z,2026-09-18T09:57:12.863Z
WH,"Wyndham Hotels & Resorts, Inc.",NYSE,nasdaq_trader,2026-09-18T10:45:30.194Z,2026-09-18T10:45:30.194Z
WHD,"Cactus, Inc.",NYSE,nasdaq_trader,2026-09-18T10:45:30.194Z,2026-09-18T10:45:30.194Z
WHF,"WhiteHorse Finance, Inc.",NASDAQ,nasdaq_trader,2026-09-18T10:45:30.194Z,2026-09-18T10:45:30.194Z
WHFCL,"WhiteHorse Finance, Inc. 7.875% Notes due 2028",NASDAQ,nasdaq_trader,2026-09-18T10:45:30.194Z,2026-09-22T07:18:59.074Z
WHG,Westwood Holdings Group Inc,NYSE,nasdaq_trader,2026-09-18T10:45:30.194Z,2026-09-18T10:45:30.194Z
WHK,WhiteHawk Minerals Corp.,NYSE,excel_import,2026-09-18T09:57:12.863Z,2026-09-18T09:57:12.863Z
WHLR,"Wheeler Real Estate Investment Trust, Inc.",NASDAQ,nasdaq_trader,2026-09-18T10:45:30.194Z,2026-09-18T10:45:30.194Z
WHLRD,"Wheeler Real Estate Investment Trust, Inc.",NASDAQ,nasdaq_trader,2026-09-18T10:45:30.194Z,2026-09-18T10:45:30.194Z
WHLRL,"Wheeler Real Estate Investment Trust, Inc.",NASDAQ,nasdaq_trader,2026-09-18T10:45:30.194Z,2026-09-18T10:45:30.194Z
WHLRP,"Wheeler Real Estate Investment Trust, Inc.",NASDAQ,nasdaq_trader,2026-09-18T10:45:30.194Z,2026-09-18T10:45:30.194Z
WHR,Whirlpool Corporation,NYSE,nasdaq_trader,2026-09-18T10:45:30.194Z,2026-09-18T10:45:30.194Z
WHWK,"Whitehawk Therapeutics, Inc.",NASDAQ,nasdaq_trader,2026-09-18T10:45:30.194Z,2026-09-18T10:45:30.194Z
WIA,Western Asset Inflation-Linked Income Fund,NYSE,nasdaq_trader,2026-09-18T10:45:30.194Z,2026-09-18T10:45:30.194Z
WIMI,WiMi Hologram Cloud Inc.,NASDAQ,nasdaq_trader,2026-09-18T10:45:30.194Z,2026-09-18T10:45:30.194Z
WINA,Winmark Corporation,NASDAQ,nasdaq_trader,2026-09-18T10:45:30.194Z,2026-09-18T10:45:30.194Z
WING,Wingstop Inc.,NASDAQ,nasdaq_trader,2026-09-18T10:45:30.194Z,2026-09-18T10:45:30.194Z
WIT,Wipro Limited,NYSE,nasdaq_trader,2026-09-18T10:45:30.194Z,2026-09-18T10:45:30.194Z
WIVCF,Western Investment Company of Canada Limited,OTC,excel_import,2026-09-18T09:57:12.863Z,2026-09-18T09:57:12.863Z
WIW,Western Asset Inflation-Linked Opportunities & Income Fund,NYSE,nasdaq_trader,2026-09-18T10:45:30.194Z,2026-09-18T10:45:30.194Z
WIX,Wix.com Ltd.,NASDAQ,nasdaq_trader,2026-09-18T10:45:30.194Z,2026-09-18T10:45:30.194Z
WK,Workiva Inc.,NYSE,nasdaq_trader,2026-09-18T10:45:30.194Z,2026-09-18T10:45:30.194Z
WKC,World Kinect Corporation,NYSE,nasdaq_trader,2026-09-18T10:45:30.194Z,2026-09-18T10:45:30.194Z
WKEY,WISeKey International Holding AG,NASDAQ,nasdaq_trader,2026-09-18T10:45:30.194Z,2026-09-22T07:18:59.075Z
WKHS,"Workhorse Group, Inc.",NASDAQ,nasdaq_trader,2026-09-18T10:45:30.194Z,2026-09-18T10:45:30.194Z
WKSP,"Worksport, Ltd.",NASDAQ,nasdaq_trader,2026-09-18T10:45:30.194Z,2026-09-18T10:45:30.194Z
WLCO,Wilco 63 Corporation,NASDAQ,nasdaq_trader,2026-09-18T10:45:30.194Z,2026-09-18T10:45:30.194Z
WLCOU,Wilco 63 Corporation,NASDAQ,nasdaq_trader,2026-09-18T10:45:30.194Z,2026-09-18T10:45:30.194Z
WLCOW,Wilco 63 Corporation,NASDAQ,nasdaq_trader,2026-09-18T10:45:30.194Z,2026-09-18T10:45:30.194Z
WLDN,"Willdan Group, Inc.",NASDAQ,nasdaq_trader,2026-09-18T10:45:30.194Z,2026-09-18T10:45:30.194Z
WLDS,Wearable Devices Ltd.,NASDAQ,nasdaq_trader,2026-09-18T10:45:30.194Z,2026-09-18T10:45:30.194Z
WLDSW,Wearable Devices Ltd.,NASDAQ,nasdaq_trader,2026-09-18T10:45:30.194Z,2026-09-18T10:45:30.194Z
WLFC,Willis Lease Finance Corporation,NASDAQ,nasdaq_trader,2026-09-18T10:45:30.194Z,2026-09-18T10:45:30.194Z
WLII,Willow Lane Acquisition Corp. II,NASDAQ,nasdaq_trader,2026-09-18T10:45:30.194Z,2026-09-18T10:45:30.194Z
WLIIU,Willow Lane Acquisition Corp. II,NASDAQ,nasdaq_trader,2026-09-18T10:45:30.194Z,2026-09-18T10:45:30.194Z
WLIIW,Willow Lane Acquisition Corp. II,NASDAQ,nasdaq_trader,2026-09-18T10:45:30.194Z,2026-09-18T10:45:30.194Z
WLK,Westlake Corporation,NYSE,nasdaq_trader,2026-09-18T10:45:30.194Z,2026-09-18T10:45:30.194Z
WLKP,Westlake Chemical Partners LP Common,NYSE,nasdaq_trader,2026-09-18T10:45:30.194Z,2026-09-18T10:45:30.194Z
WLTH,Wealthfront Corporation,NASDAQ,nasdaq_trader,2026-09-18T10:45:30.194Z,2026-09-18T10:45:30.194Z
WLY,"John Wiley & Sons, Inc.",NYSE,nasdaq_trader,2026-09-18T10:45:30.194Z,2026-09-18T10:45:30.194Z
WLYB,"John Wiley & Sons, Inc.",NYSE,nasdaq_trader,2026-09-18T10:45:30.194Z,2026-09-18T10:45:30.194Z
WM,"Waste Management, Inc.",NYSE,nasdaq_trader,2026-09-18T10:45:30.194Z,2026-09-18T10:45:30.194Z
WMB,"Williams Companies, Inc. (The)",NYSE,nasdaq_trader,2026-09-18T10:45:30.194Z,2026-09-18T10:45:30.194Z
WMG,Warner Music Group Corp.,NASDAQ,nasdaq_trader,2026-09-18T10:45:30.194Z,2026-09-18T10:45:30.194Z
WMK,"Weis Markets, Inc.",NYSE,nasdaq_trader,2026-09-18T10:45:30.194Z,2026-09-18T10:45:30.194Z
WMS,"Advanced Drainage Systems, Inc.",NYSE,nasdaq_trader,2026-09-18T10:45:30.194Z,2026-09-18T10:45:30.194Z
WMT,Walmart Inc.,NASDAQ,nasdaq_trader,2026-09-18T10:45:30.194Z,2026-09-18T10:45:30.194Z
WNC,Wabash National Corporation,NYSE,nasdaq_trader,2026-09-18T10:45:30.194Z,2026-09-18T10:45:30.194Z
WNEB,"Western New England Bancorp, Inc.",NASDAQ,nasdaq_trader,2026-09-18T10:45:30.194Z,2026-09-18T10:45:30.194Z
WNW,Meiwu Technology Company Limited,NASDAQ,nasdaq_trader,2026-09-18T10:45:30.194Z,2026-09-18T10:45:30.194Z
WOK,WORK Medical Technology Group LTD,NASDAQ,nasdaq_trader,2026-09-18T10:45:30.194Z,2026-09-18T10:45:30.194Z
WOLF,"Wolfspeed, Inc.",NYSE,nasdaq_trader,2026-09-18T10:45:30.194Z,2026-09-22T07:18:59.647Z
WOOF,"Petco Health and Wellness Company, Inc.",NASDAQ,nasdaq_trader,2026-09-18T10:45:30.194Z,2026-09-18T10:45:30.194Z
WOR,"Worthington Enterprises, Inc. Common Shares",NYSE,nasdaq_trader,2026-09-18T10:45:30.194Z,2026-09-18T10:45:30.194Z
WPAC,White Pearl Acquisition Corp.,NYSE,nasdaq_trader,2026-09-18T10:45:30.194Z,2026-09-18T10:45:30.194Z
WPAC.R,White Pearl Acquisition Corp.,NYSE,nasdaq_trader,2026-09-18T10:45:30.194Z,2026-09-18T10:45:30.194Z
WPAC.U,White Pearl Acquisition Corp.,NYSE,nasdaq_trader,2026-09-18T10:45:30.194Z,2026-09-18T10:45:30.194Z
WPC,W. P. Carey Inc.,NYSE,nasdaq_trader,2026-09-18T10:45:30.194Z,2026-09-22T07:18:59.649Z
WPM,Wheaton Precious Metals Corp.,NYSE,nasdaq_trader,2026-09-18T10:45:30.194Z,2026-09-22T07:18:59.650Z
WPP,WPP plc,NYSE,nasdaq_trader,2026-09-18T10:45:30.194Z,2026-09-18T10:45:30.194Z
WPRT,Westport Fuel Systems Inc,NASDAQ,nasdaq_trader,2026-09-18T10:45:30.194Z,2026-09-18T10:45:30.194Z
WRAP,"Wrap Technologies, Inc.",NASDAQ,nasdaq_trader,2026-09-18T10:45:30.194Z,2026-09-18T10:45:30.194Z
WRB,W.R. Berkley Corporation,NYSE,nasdaq_trader,2026-09-18T10:45:30.194Z,2026-09-18T10:45:30.194Z
WRBY,Warby Parker Inc.,NYSE,nasdaq_trader,2026-09-18T10:45:30.194Z,2026-09-18T10:45:30.194Z
WRD,WeRide Inc.,NASDAQ,nasdaq_trader,2026-09-18T10:45:30.194Z,2026-09-18T10:45:30.194Z
WRLD,World Acceptance Corporation,NASDAQ,nasdaq_trader,2026-09-18T10:45:30.194Z,2026-09-18T10:45:30.194Z
WRN,Western Copper and Gold Corporation,AMEX,nasdaq_trader,2026-09-18T10:45:30.194Z,2026-09-18T10:45:30.194Z
WS,"Worthington Steel, Inc. Common Shares",NYSE,nasdaq_trader,2026-09-18T10:45:30.194Z,2026-09-18T10:45:30.194Z
WSBC,"WesBanco, Inc.",NASDAQ,nasdaq_trader,2026-09-18T10:45:30.194Z,2026-09-18T10:45:30.194Z
WSBCO,"WesBanco, Inc.",NASDAQ,nasdaq_trader,2026-09-18T10:45:30.194Z,2026-09-18T10:45:30.194Z
WSBF,"Waterstone Financial, Inc.",NASDAQ,nasdaq_trader,2026-09-18T10:45:30.194Z,2026-09-18T10:45:30.194Z
WSBK,"Winchester Bancorp, Inc.",NASDAQ,nasdaq_trader,2026-09-18T10:45:30.194Z,2026-09-18T10:45:30.194Z
WSC,WillScot Holdings Corporation,NASDAQ,nasdaq_trader,2026-09-18T10:45:30.194Z,2026-09-18T10:45:30.194Z
WSE,Wise Group plc,NASDAQ,nasdaq_trader,2026-09-18T10:45:30.194Z,2026-09-18T10:45:30.194Z
WSFS,WSFS Financial Corporation,NASDAQ,nasdaq_trader,2026-09-18T10:45:30.194Z,2026-09-18T10:45:30.194Z
WSHP,WeShop Holdings Limited,NASDAQ,nasdaq_trader,2026-09-18T10:45:30.194Z,2026-09-18T10:45:30.194Z
WSM,"Williams-Sonoma, Inc.",NYSE,nasdaq_trader,2026-09-18T10:45:30.194Z,2026-09-22T07:18:59.652Z
WSO,"Watsco, Inc.",NYSE,nasdaq_trader,2026-09-18T10:45:30.194Z,2026-09-18T10:45:30.194Z
WSO.B,"Watsco, Inc.",NYSE,nasdaq_trader,2026-09-18T10:45:30.194Z,2026-09-18T10:45:30.194Z
WST,"West Pharmaceutical Services, Inc.",NYSE,nasdaq_trader,2026-09-18T10:45:30.194Z,2026-09-18T10:45:30.194Z
WSTN,Westin Acquisition Corp,NASDAQ,nasdaq_trader,2026-09-18T10:45:30.194Z,2026-09-18T10:45:30.194Z
WSTNR,Westin Acquisition Corp,NASDAQ,nasdaq_trader,2026-09-18T10:45:30.194Z,2026-09-18T10:45:30.194Z
WSTNU,Westin Acquisition Corp,NASDAQ,nasdaq_trader,2026-09-18T10:45:30.194Z,2026-09-18T10:45:30.194Z
WT,"WisdomTree, Inc.",NYSE,nasdaq_trader,2026-09-18T10:45:30.194Z,2026-09-18T10:45:30.194Z
WTBA,West Bancorporation,NASDAQ,nasdaq_trader,2026-09-18T10:45:30.194Z,2026-09-18T10:45:30.194Z
WTF,Waton Financial Limited,NASDAQ,nasdaq_trader,2026-09-18T10:45:30.194Z,2026-09-18T10:45:30.194Z
WTFC,Wintrust Financial Corporation,NASDAQ,nasdaq_trader,2026-09-18T10:45:30.194Z,2026-09-18T10:45:30.194Z
WTFCN,Wintrust Financial Corporation,NASDAQ,nasdaq_trader,2026-09-18T10:45:30.194Z,2026-09-18T10:45:30.194Z
WTG,Wintergreen Acquisition Corp.,NASDAQ,nasdaq_trader,2026-09-18T10:45:30.194Z,2026-09-18T10:45:30.194Z
WTGUR,Wintergreen Acquisition Corp.,NASDAQ,nasdaq_trader,2026-09-18T10:45:30.194Z,2026-09-18T10:45:30.194Z
WTGUU,Wintergreen Acquisition Corp.,NASDAQ,nasdaq_trader,2026-09-18T10:45:30.194Z,2026-09-18T10:45:30.194Z
WTI,"W&T Offshore, Inc.",NYSE,nasdaq_trader,2026-09-18T10:45:30.194Z,2026-09-18T10:45:30.194Z
WTM,"White Mountains Insurance Group, Ltd.",NYSE,nasdaq_trader,2026-09-18T10:45:30.194Z,2026-09-18T10:45:30.194Z
WTRG,"Essential Utilities, Inc.",NYSE,nasdaq_trader,2026-09-18T10:45:30.194Z,2026-09-18T10:45:30.194Z
WTS,"Watts Water Technologies, Inc.",NYSE,nasdaq_trader,2026-09-18T10:45:30.194Z,2026-09-18T10:45:30.194Z
WTTR,"Select Water Solutions, Inc.",NYSE,nasdaq_trader,2026-09-18T10:45:30.194Z,2026-09-18T10:45:30.194Z
WTW,Willis Towers Watson Public Limited Company,NASDAQ,nasdaq_trader,2026-09-18T10:45:30.194Z,2026-09-18T10:45:30.194Z
WU,Western Union Company (The),NYSE,nasdaq_trader,2026-09-18T10:45:30.194Z,2026-09-18T10:45:30.194Z
WULF,TeraWulf Inc.,NASDAQ,nasdaq_trader,2026-09-18T10:45:30.194Z,2026-09-18T10:45:30.194Z
WVE,"Wave Life Sciences, Inc.",NASDAQ,nasdaq_trader,2026-09-18T10:45:30.194Z,2026-09-18T10:45:30.194Z
WVVI,"Willamette Valley Vineyards, Inc.",NASDAQ,nasdaq_trader,2026-09-18T10:45:30.194Z,2026-09-18T10:45:30.194Z
WVVIP,"Willamette Valley Vineyards, Inc.",NASDAQ,nasdaq_trader,2026-09-18T10:45:30.194Z,2026-09-18T10:45:30.194Z
WW,"WW International, Inc.",NASDAQ,nasdaq_trader,2026-09-18T10:45:30.194Z,2026-09-18T10:45:30.194Z
WWD,"Woodward, Inc.",NASDAQ,nasdaq_trader,2026-09-18T10:45:30.194Z,2026-09-18T10:45:30.194Z
WWR,"Westwater Resources, Inc.",AMEX,nasdaq_trader,2026-09-18T10:45:30.194Z,2026-09-18T10:45:30.194Z
WWW,"Wolverine World Wide, Inc.",NYSE,nasdaq_trader,2026-09-18T10:45:30.194Z,2026-09-18T10:45:30.194Z
WXM,WF International Limited,NASDAQ,nasdaq_trader,2026-09-18T10:45:30.194Z,2026-09-18T10:45:30.194Z
WY,Weyerhaeuser Company,NYSE,nasdaq_trader,2026-09-18T10:45:30.194Z,2026-09-18T10:45:30.194Z
WYFI,"WhiteFiber, Inc.",NASDAQ,nasdaq_trader,2026-09-18T10:45:30.194Z,2026-09-18T10:45:30.194Z
WYHG,Wing Yip Food Holdings Group Limited,NASDAQ,nasdaq_trader,2026-09-18T10:45:30.194Z,2026-09-18T10:45:30.194Z
WYNN,"Wynn Resorts, Limited",NASDAQ,nasdaq_trader,2026-09-18T10:45:30.194Z,2026-09-18T10:45:30.194Z
WYY,WidePoint Corporation,AMEX,nasdaq_trader,2026-09-18T10:45:30.194Z,2026-09-18T10:45:30.194Z
XAIR,"Beyond Air, Inc.",NASDAQ,nasdaq_trader,2026-09-18T10:45:30.194Z,2026-09-18T10:45:30.194Z
XBIO,"Xenetic Biosciences, Inc.",NASDAQ,nasdaq_trader,2026-09-18T10:45:30.194Z,2026-09-18T10:45:30.194Z
XBIT,XBiotech Inc.,NASDAQ,nasdaq_trader,2026-09-18T10:45:30.194Z,2026-09-18T10:45:30.194Z
XBOTF,Realbotix Corp.,OTC,excel_import,2026-09-18T09:57:12.863Z,2026-09-18T09:57:12.863Z
XBP,"XBP Global Holdings, Inc.",NASDAQ,nasdaq_trader,2026-09-18T10:45:30.194Z,2026-09-18T10:45:30.194Z
XBPEW,"XBP Global Holdings, Inc.",NASDAQ,nasdaq_trader,2026-09-18T10:45:30.194Z,2026-09-18T10:45:30.194Z
XCBE,X3 Acquisition Corp. Ltd.,NASDAQ,nasdaq_trader,2026-09-18T10:45:30.194Z,2026-09-18T10:45:30.194Z
XCBEU,X3 Acquisition Corp. Ltd.,NASDAQ,nasdaq_trader,2026-09-18T10:45:30.194Z,2026-09-18T10:45:30.194Z
XCBEW,X3 Acquisition Corp. Ltd.,NASDAQ,nasdaq_trader,2026-09-18T10:45:30.194Z,2026-09-18T10:45:30.194Z
XCELF,Connecting Excellence Group Plc,OTC,excel_import,2026-09-18T09:57:12.863Z,2026-09-18T09:57:12.863Z
XCH,XCHG Limited,NASDAQ,nasdaq_trader,2026-09-18T10:45:30.194Z,2026-09-18T10:45:30.194Z
XCUR,"Exicure, Inc.",NASDAQ,nasdaq_trader,2026-09-18T10:45:30.194Z,2026-09-18T10:45:30.194Z
XE,"X-Energy, Inc.",NASDAQ,nasdaq_trader,2026-09-18T10:45:30.194Z,2026-09-18T10:45:30.194Z
XEL,Xcel Energy Inc.,NASDAQ,nasdaq_trader,2026-09-18T10:45:30.194Z,2026-09-18T10:45:30.194Z
XELB,"Xcel Brands, Inc",NASDAQ,nasdaq_trader,2026-09-18T10:45:30.194Z,2026-09-18T10:45:30.194Z
XELLL,Xcel Energy Inc.,NASDAQ,nasdaq_trader,2026-09-18T10:45:30.194Z,2026-09-18T10:45:30.194Z
XENE,Xenon Pharmaceuticals Inc.,NASDAQ,nasdaq_trader,2026-09-18T10:45:30.194Z,2026-09-18T10:45:30.194Z
XERS,"Xeris Biopharma Holdings, Inc.",NASDAQ,nasdaq_trader,2026-09-18T10:45:30.194Z,2026-09-18T10:45:30.194Z
XFLH,XFLH Capital Corporation,NYSE,nasdaq_trader,2026-09-18T10:45:30.194Z,2026-09-18T10:45:30.194Z
XFLH.R,XFLH Capital Corporation,NYSE,nasdaq_trader,2026-09-18T10:45:30.194Z,2026-09-18T10:45:30.194Z
XFLH.U,XFLH Capital Corporation,NYSE,nasdaq_trader,2026-09-18T10:45:30.194Z,2026-09-18T10:45:30.194Z
XFLT,XAI Floating Rate & Alternative Income Trust,NYSE,nasdaq_trader,2026-09-18T10:45:30.194Z,2026-09-18T10:45:30.194Z
XFOR,"X4 Pharmaceuticals, Inc.",NASDAQ,nasdaq_trader,2026-09-18T10:45:30.194Z,2026-09-18T10:45:30.194Z
XGN,Exagen Inc.,NASDAQ,nasdaq_trader,2026-09-18T10:45:30.194Z,2026-09-18T10:45:30.194Z
XHG,XChange TEC.INC,NASDAQ,nasdaq_trader,2026-09-18T10:45:30.194Z,2026-09-18T10:45:30.194Z
XHLD,"TEN Holdings, Inc.",NASDAQ,nasdaq_trader,2026-09-18T10:45:30.194Z,2026-09-18T10:45:30.194Z
XHR,"Xenia Hotels & Resorts, Inc.",NYSE,nasdaq_trader,2026-09-18T10:45:30.194Z,2026-09-18T10:45:30.194Z
XIFR,"XPLR Infrastructure, LP Common",NYSE,nasdaq_trader,2026-09-18T10:45:30.194Z,2026-09-18T10:45:30.194Z
XIIIU,Churchill Capital Corp XIII,NASDAQ,nasdaq_trader,2026-09-18T10:45:30.194Z,2026-09-18T10:45:30.194Z
XLAB,Exascale Labs Holdings Inc.,NASDAQ,nasdaq_trader,2026-09-18T10:45:30.194Z,2026-09-18T10:45:30.194Z
XLABW,Exascale Labs Holdings Inc.,NASDAQ,nasdaq_trader,2026-09-18T10:45:30.194Z,2026-09-18T10:45:30.194Z
XLO,"Xilio Therapeutics, Inc.",NASDAQ,nasdaq_trader,2026-09-18T10:45:30.194Z,2026-09-18T10:45:30.194Z
XMAX,XMax Inc.,NASDAQ,excel_import,2026-09-18T09:57:12.863Z,2026-09-18T09:57:12.863Z
XMTR,"Xometry, Inc.",NASDAQ,nasdaq_trader,2026-09-18T10:45:30.194Z,2026-09-18T10:45:30.194Z
XNCR,"Xencor, Inc.",NASDAQ,nasdaq_trader,2026-09-18T10:45:30.194Z,2026-09-18T10:45:30.194Z
XNDU,Xanadu Quantum Technologies Limited,NASDAQ,excel_import,2026-09-18T09:57:12.863Z,2026-09-18T09:57:12.863Z
XNET,Xunlei Limited,NASDAQ,nasdaq_trader,2026-09-18T10:45:30.194Z,2026-09-18T10:45:30.194Z
XOM,ExxonMobil Holdings Corporation,NYSE,nasdaq_trader,2026-09-18T10:45:30.194Z,2026-09-18T10:45:30.194Z
XONI,"Xtreme One Entertainment, Inc.",OTC,excel_import,2026-09-18T09:57:12.863Z,2026-09-18T09:57:12.863Z
XOS,"Xos, Inc.",NASDAQ,nasdaq_trader,2026-09-18T10:45:30.194Z,2026-09-18T10:45:30.194Z
XP,XP Inc.,NASDAQ,nasdaq_trader,2026-09-18T10:45:30.194Z,2026-09-18T10:45:30.194Z
XPEL,"XPEL, Inc.",NASDAQ,nasdaq_trader,2026-09-18T10:45:30.194Z,2026-09-18T10:45:30.194Z
XPER,Xperi Inc.,NYSE,nasdaq_trader,2026-09-18T10:45:30.194Z,2026-09-18T10:45:30.194Z
XPEV,XPeng Inc.,NYSE,nasdaq_trader,2026-09-18T10:45:30.194Z,2026-09-18T10:45:30.194Z
XPL,Solitario Resources Corp.,AMEX,nasdaq_trader,2026-09-18T10:45:30.194Z,2026-09-18T10:45:30.194Z
XPO,"XPO, Inc.",NYSE,nasdaq_trader,2026-09-18T10:45:30.194Z,2026-09-18T10:45:30.194Z
XPOF,"Xponential Fitness, Inc.",NYSE,nasdaq_trader,2026-09-18T10:45:30.194Z,2026-09-18T10:45:30.194Z
XPON,"Expion Energy, Inc.",NASDAQ,nasdaq_trader,2026-09-18T10:45:30.194Z,2026-09-18T10:45:30.194Z
XPRO,Expro Ltd,NYSE,nasdaq_trader,2026-09-18T10:45:30.194Z,2026-09-18T10:45:30.194Z
XRAY,DENTSPLY SIRONA Inc.,NASDAQ,nasdaq_trader,2026-09-18T10:45:30.194Z,2026-09-18T10:45:30.194Z
XRN,Chiron Real Estate Inc.,NYSE,excel_import,2026-09-18T09:57:12.863Z,2026-09-18T09:57:12.863Z
XRPN,Armada Acquisition Corp. II,NASDAQ,nasdaq_trader,2026-09-18T10:45:30.194Z,2026-09-18T10:45:30.194Z
XRPNU,Armada Acquisition Corp. II,NASDAQ,nasdaq_trader,2026-09-18T10:45:30.194Z,2026-09-18T10:45:30.194Z
XRPNW,Armada Acquisition Corp. II,NASDAQ,nasdaq_trader,2026-09-18T10:45:30.194Z,2026-09-18T10:45:30.194Z
XRTX,XORTX Therapeutics Inc.,NASDAQ,nasdaq_trader,2026-09-18T10:45:30.194Z,2026-09-18T10:45:30.194Z
XRX,Xerox Holdings Corporation,NASDAQ,nasdaq_trader,2026-09-18T10:45:30.194Z,2026-09-18T10:45:30.194Z
XRXDW,Xerox Holdings Corporation,NASDAQ,nasdaq_trader,2026-09-18T10:45:30.194Z,2026-09-18T10:45:30.194Z
XSLL,Xsolla SPAC 1,NASDAQ,nasdaq_trader,2026-09-18T10:45:30.194Z,2026-09-18T10:45:30.194Z
XSLLU,Xsolla SPAC 1,NASDAQ,nasdaq_trader,2026-09-18T10:45:30.194Z,2026-09-18T10:45:30.194Z
XSLLW,Xsolla SPAC 1,NASDAQ,nasdaq_trader,2026-09-18T10:45:30.194Z,2026-09-18T10:45:30.194Z
XTER,Karman Line Acquisition Corp.,NASDAQ,nasdaq_trader,2026-09-18T10:45:30.194Z,2026-09-18T10:45:30.194Z
XTERU,Karman Line Acquisition Corp.,NASDAQ,nasdaq_trader,2026-09-18T10:45:30.194Z,2026-09-18T10:45:30.194Z
XTERW,Karman Line Acquisition Corp. Warrants,NASDAQ,nasdaq_trader,2026-09-18T10:45:30.194Z,2026-09-22T07:18:59.077Z
XTIA,"XTI Aerospace, Inc.",NASDAQ,excel_import,2026-09-18T09:57:12.863Z,2026-09-18T09:57:12.863Z
XTLB,XTL Biopharmaceuticals Ltd.,NASDAQ,nasdaq_trader,2026-09-18T10:45:30.194Z,2026-09-18T10:45:30.194Z
XTND,"Xtend AI Robotics, Inc.",NYSE,nasdaq_trader,2026-09-18T10:45:30.194Z,2026-09-18T10:45:30.194Z
XTNT,"Xtant Medical Holdings, Inc.",AMEX,nasdaq_trader,2026-09-18T10:45:30.194Z,2026-09-18T10:45:30.194Z
XWEL,"XWELL, Inc.",NASDAQ,nasdaq_trader,2026-09-18T10:45:30.194Z,2026-09-18T10:45:30.194Z
XXI,"Twenty One Capital, Inc.",NYSE,nasdaq_trader,2026-09-18T10:45:30.194Z,2026-09-18T10:45:30.194Z
XXII,"22nd Century Group, Inc",NASDAQ,nasdaq_trader,2026-09-18T10:45:30.194Z,2026-09-18T10:45:30.194Z
XYF,X Financial,NYSE,nasdaq_trader,2026-09-18T10:45:30.194Z,2026-09-18T10:45:30.194Z
XYL,Xylem Inc.,NYSE,nasdaq_trader,2026-09-18T10:45:30.194Z,2026-09-22T07:18:59.653Z
XYZ,"Block, Inc. Class A Common Stock,",NYSE,nasdaq_trader,2026-09-18T10:45:30.194Z,2026-09-18T10:45:30.194Z
XZO,"Exzeo Group, Inc.",NYSE,excel_import,2026-09-18T09:57:12.863Z,2026-09-18T09:57:12.863Z
YAAS,Youxin Technology Ltd,NASDAQ,nasdaq_trader,2026-09-18T10:45:30.194Z,2026-09-18T10:45:30.194Z
YALA,Yalla Group Limited,NYSE,nasdaq_trader,2026-09-18T10:45:30.194Z,2026-09-18T10:45:30.194Z
YARW,"Yarrow Bioscience, Inc.",NASDAQ,nasdaq_trader,2026-09-18T10:45:30.194Z,2026-09-18T10:45:30.194Z
YB,Yuanbao Inc.,NASDAQ,nasdaq_trader,2026-09-18T10:45:30.194Z,2026-09-18T10:45:30.194Z
YCBD,"cbdMD, Inc.",AMEX,nasdaq_trader,2026-09-18T10:45:30.194Z,2026-09-18T10:45:30.194Z
YCY,AA Mission Acquisition Corp. II,NYSE,nasdaq_trader,2026-09-18T10:45:30.194Z,2026-09-18T10:45:30.194Z
YCY.U,AA Mission Acquisition Corp. II,NYSE,nasdaq_trader,2026-09-18T10:45:30.194Z,2026-09-18T10:45:30.194Z
YCY.W,AA Mission Acquisition Corp. II,NYSE,nasdaq_trader,2026-09-18T10:45:30.194Z,2026-09-18T10:45:30.194Z
YDDL,One and one Green Technologies. Inc,NASDAQ,excel_import,2026-09-18T09:57:12.863Z,2026-09-18T09:57:12.863Z
YDES,YD Bio Limited,NASDAQ,nasdaq_trader,2026-09-18T10:45:30.194Z,2026-09-18T10:45:30.194Z
YDESW,YD Bio Limited,NASDAQ,nasdaq_trader,2026-09-18T10:45:30.194Z,2026-09-18T10:45:30.194Z
YDKG,Yueda Digital Holding,NASDAQ,nasdaq_trader,2026-09-18T10:45:30.194Z,2026-09-18T10:45:30.194Z
YEGFF,Yorkton Equity Group Inc.,OTC,excel_import,2026-09-18T09:57:12.863Z,2026-09-18T09:57:12.863Z
YELP,Yelp Inc.,NYSE,nasdaq_trader,2026-09-18T10:45:30.194Z,2026-09-18T10:45:30.194Z
YETI,"YETI Holdings, Inc.",NYSE,nasdaq_trader,2026-09-18T10:45:30.194Z,2026-09-18T10:45:30.194Z
YEXT,"Yext, Inc.",NYSE,nasdaq_trader,2026-09-18T10:45:30.194Z,2026-09-18T10:45:30.194Z
YFOR,YYForce Inc.,NASDAQ,nasdaq_trader,2026-09-18T10:45:30.194Z,2026-09-18T10:45:30.194Z
YHC,LQR House Inc.,NASDAQ,nasdaq_trader,2026-09-18T10:45:30.194Z,2026-09-18T10:45:30.194Z
YHEKF,Yeahka Limited,OTC,excel_import,2026-09-18T09:57:12.863Z,2026-09-18T09:57:12.863Z
YHGJ,Yunhong Green CTI Ltd.,NASDAQ,nasdaq_trader,2026-09-18T10:45:30.194Z,2026-09-18T10:45:30.194Z
YHNA,YHN Acquisition I Limited,NASDAQ,nasdaq_trader,2026-09-18T10:45:30.194Z,2026-09-18T10:45:30.194Z
YHNAR,YHN Acquisition I Limited,NASDAQ,nasdaq_trader,2026-09-18T10:45:30.194Z,2026-09-18T10:45:30.194Z
YHNAU,YHN Acquisition I Limited,NASDAQ,nasdaq_trader,2026-09-18T10:45:30.194Z,2026-09-18T10:45:30.194Z
YI,"111, Inc.",NASDAQ,nasdaq_trader,2026-09-18T10:45:30.194Z,2026-09-18T10:45:30.194Z
YIBO,Planet Image International Limited,NASDAQ,nasdaq_trader,2026-09-18T10:45:30.194Z,2026-09-18T10:45:30.194Z
YICC,Yorkville International Capital Corp.,NASDAQ,nasdaq_trader,2026-09-18T10:45:30.194Z,2026-09-18T10:45:30.194Z
YICCU,Yorkville International Capital Corp.,NASDAQ,nasdaq_trader,2026-09-18T10:45:30.194Z,2026-09-18T10:45:30.194Z
YICCW,Yorkville International Capital Corp.,NASDAQ,nasdaq_trader,2026-09-18T10:45:30.194Z,2026-09-18T10:45:30.194Z
YJ,Yunji Inc.,NASDAQ,nasdaq_trader,2026-09-18T10:45:30.194Z,2026-09-18T10:45:30.194Z
YMAT,"J-Star Holding Co., Ltd.",NASDAQ,nasdaq_trader,2026-09-18T10:45:30.194Z,2026-09-18T10:45:30.194Z
YMM,Full Truck Alliance Co. Ltd.,NYSE,nasdaq_trader,2026-09-18T10:45:30.194Z,2026-09-18T10:45:30.194Z
YMMCF,Yukon Metals Corp.,OTC,excel_import,2026-09-18T09:57:12.863Z,2026-09-18T09:57:12.863Z
YMT,Yimutian Inc.,NASDAQ,nasdaq_trader,2026-09-18T10:45:30.194Z,2026-09-18T10:45:30.194Z
YORW,The York Water Company,NASDAQ,nasdaq_trader,2026-09-18T10:45:30.194Z,2026-09-18T10:45:30.194Z
YOU,"Clear Secure, Inc.",NYSE,nasdaq_trader,2026-09-18T10:45:30.194Z,2026-09-18T10:45:30.194Z
YOUL,Youlife Group Inc.,NASDAQ,nasdaq_trader,2026-09-18T10:45:30.194Z,2026-09-18T10:45:30.194Z
YPF,YPF Sociedad Anónima,NYSE,nasdaq_trader,2026-09-18T10:45:30.194Z,2026-09-22T07:21:31.414Z
YQ,17 Education & Technology Group Inc.,NASDAQ,nasdaq_trader,2026-09-18T10:45:30.194Z,2026-09-18T10:45:30.194Z
YRD,Yiren Digital Ltd.,NYSE,nasdaq_trader,2026-09-18T10:45:30.194Z,2026-09-18T10:45:30.194Z
YSG,Yatsen Holding Limited,NYSE,excel_import,2026-09-18T09:57:12.863Z,2026-09-18T09:57:12.863Z
YSS,"York Space Systems, Inc.",NYSE,excel_import,2026-09-18T09:57:12.863Z,2026-09-18T09:57:12.863Z
YSWY,"Yesway, Inc.",NASDAQ,excel_import,2026-09-18T09:57:12.863Z,2026-09-18T09:57:12.863Z
YSXT,"YSX Tech. Co., Ltd",NASDAQ,nasdaq_trader,2026-09-18T10:45:30.194Z,2026-09-18T10:45:30.194Z
YTRA,"Yatra Online, Inc.",NASDAQ,nasdaq_trader,2026-09-18T10:45:30.194Z,2026-09-18T10:45:30.194Z
YUBCF,YUBICO AB,OTC,excel_import,2026-09-18T09:57:12.863Z,2026-09-18T09:57:12.863Z
YUM,"Yum! Brands, Inc.",NYSE,nasdaq_trader,2026-09-18T10:45:30.194Z,2026-09-18T10:45:30.194Z
YUMC,"Yum China Holdings, Inc.",NYSE,nasdaq_trader,2026-09-18T10:45:30.194Z,2026-09-18T10:45:30.194Z
YXT,YXT.COM GROUP HOLDING LIMITED,NASDAQ,nasdaq_trader,2026-09-18T10:45:30.194Z,2026-09-18T10:45:30.194Z
YYAI,AiRWA Inc.,NASDAQ,nasdaq_trader,2026-09-18T10:45:30.194Z,2026-09-18T10:45:30.194Z
Z,"Zillow Group, Inc.",NASDAQ,nasdaq_trader,2026-09-18T10:45:30.194Z,2026-09-18T10:45:30.194Z
ZBAO,Zhibao Technology Inc.,NASDAQ,nasdaq_trader,2026-09-18T10:45:30.194Z,2026-09-18T10:45:30.194Z
ZBH,"Zimmer Biomet Holdings, Inc.",NYSE,nasdaq_trader,2026-09-18T10:45:30.194Z,2026-09-18T10:45:30.194Z
ZBIO,"Zenas BioPharma, Inc.",NASDAQ,excel_import,2026-09-18T09:57:12.863Z,2026-09-18T09:57:12.863Z
ZBRA,Zebra Technologies Corporation,NASDAQ,nasdaq_trader,2026-09-18T10:45:30.194Z,2026-09-18T10:45:30.194Z
ZCMD,Zhongchao Inc.,NASDAQ,nasdaq_trader,2026-09-18T10:45:30.194Z,2026-09-18T10:45:30.194Z
ZD,"Ziff Davis, Inc.",NASDAQ,nasdaq_trader,2026-09-18T10:45:30.194Z,2026-09-18T10:45:30.194Z
ZDAI,"DirectBooking Technology Co., Ltd.",NASDAQ,nasdaq_trader,2026-09-18T10:45:30.194Z,2026-09-18T10:45:30.194Z
ZDCAF,Zedcor Inc.,OTC,excel_import,2026-09-18T09:57:12.863Z,2026-09-18T09:57:12.863Z
ZDGE,"Zedge, Inc.",AMEX,nasdaq_trader,2026-09-18T10:45:30.194Z,2026-09-18T10:45:30.194Z
ZEFIF,Zefiro Methane Corp.,OTC,excel_import,2026-09-18T09:57:12.863Z,2026-09-18T09:57:12.863Z
ZENA,"ZenaTech, Inc.",NASDAQ,nasdaq_trader,2026-09-18T10:45:30.194Z,2026-09-18T10:45:30.194Z
ZEO,Zeo Energy Corporation,NASDAQ,nasdaq_trader,2026-09-18T10:45:30.194Z,2026-09-18T10:45:30.194Z
ZEOWW,Zeo Energy Corporation,NASDAQ,nasdaq_trader,2026-09-18T10:45:30.194Z,2026-09-18T10:45:30.194Z
ZEPP,Zepp Health Corporation,NYSE,nasdaq_trader,2026-09-18T10:45:30.194Z,2026-09-18T10:45:30.194Z
ZETA,Zeta Global Holdings Corp.,NYSE,nasdaq_trader,2026-09-18T10:45:30.194Z,2026-09-18T10:45:30.194Z
ZG,"Zillow Group, Inc.",NASDAQ,nasdaq_trader,2026-09-18T10:45:30.194Z,2026-09-18T10:45:30.194Z
ZGN,Ermenegildo Zegna N.V.,NYSE,nasdaq_trader,2026-09-18T10:45:30.194Z,2026-09-18T10:45:30.194Z
ZH,Zhihu Inc.,NYSE,nasdaq_trader,2026-09-18T10:45:30.194Z,2026-09-18T10:45:30.194Z
ZIM,ZIM Integrated Shipping Services Ltd.,NYSE,nasdaq_trader,2026-09-18T10:45:30.194Z,2026-09-18T10:45:30.194Z
ZION,"Zions Bancorporation, National Association",NASDAQ,nasdaq_trader,2026-09-18T10:45:30.194Z,2026-09-22T07:18:59.079Z
ZIONP,"Zions Bancorporation, National Association",NASDAQ,nasdaq_trader,2026-09-18T10:45:30.194Z,2026-09-22T07:18:59.081Z
ZIP,"ZipRecruiter, Inc.",NYSE,nasdaq_trader,2026-09-18T10:45:30.194Z,2026-09-18T10:45:30.194Z
ZJK,"ZJK Industrial Co., Ltd.",NASDAQ,nasdaq_trader,2026-09-18T10:45:30.194Z,2026-09-18T10:45:30.194Z
ZJYL,JIN MEDICAL INTERNATIONAL LTD.,NASDAQ,nasdaq_trader,2026-09-18T10:45:30.194Z,2026-09-18T10:45:30.194Z
ZKH,ZKH Group Limited,NYSE,nasdaq_trader,2026-09-18T10:45:30.194Z,2026-09-18T10:45:30.194Z
ZKIN,"ZK International Group Co., Ltd",NASDAQ,nasdaq_trader,2026-09-18T10:45:30.194Z,2026-09-18T10:45:30.194Z
ZKP,Lafayette Digital Acquisition Corp. I,NASDAQ,nasdaq_trader,2026-09-18T10:45:30.194Z,2026-09-18T10:45:30.194Z
ZKPU,Lafayette Digital Acquisition Corp. I,NASDAQ,nasdaq_trader,2026-09-18T10:45:30.194Z,2026-09-18T10:45:30.194Z
ZKPW,Lafayette Digital Acquisition Corp. I,NASDAQ,nasdaq_trader,2026-09-18T10:45:30.194Z,2026-09-18T10:45:30.194Z
ZLAB,Zai Lab Limited,NASDAQ,nasdaq_trader,2026-09-18T10:45:30.194Z,2026-09-18T10:45:30.194Z
ZM,"Zoom Communications, Inc.",NASDAQ,nasdaq_trader,2026-09-18T10:45:30.194Z,2026-09-18T10:45:30.194Z
ZNB,Zeta Network Group,NASDAQ,nasdaq_trader,2026-09-18T10:45:30.194Z,2026-09-18T10:45:30.194Z
ZNTL,"Zentalis Pharmaceuticals, Inc.",NASDAQ,nasdaq_trader,2026-09-18T10:45:30.194Z,2026-09-18T10:45:30.194Z
ZONE,Zone Frontier Inc.,AMEX,nasdaq_trader,2026-09-18T10:45:30.194Z,2026-09-18T10:45:30.194Z
ZOOZ,ZOOZ Strategy Ltd.,NASDAQ,nasdaq_trader,2026-09-18T10:45:30.194Z,2026-09-18T10:45:30.194Z
ZOOZW,ZOOZ Strategy Ltd.,NASDAQ,nasdaq_trader,2026-09-18T10:45:30.194Z,2026-09-18T10:45:30.194Z
ZS,"Zscaler, Inc.",NASDAQ,nasdaq_trader,2026-09-18T10:45:30.194Z,2026-09-18T10:45:30.194Z
ZSQR,Z Squared Inc.,NASDAQ,nasdaq_trader,2026-09-18T10:45:30.194Z,2026-09-18T10:45:30.194Z
ZSTK,ZeroStack Corp.,NASDAQ,nasdaq_trader,2026-09-18T10:45:30.194Z,2026-09-18T10:45:30.194Z
ZTG,Zenta Group Company Limited,NASDAQ,nasdaq_trader,2026-09-18T10:45:30.194Z,2026-09-18T10:45:30.194Z
ZTO,ZTO Express (Cayman) Inc.,NYSE,nasdaq_trader,2026-09-18T10:45:30.194Z,2026-09-18T10:45:30.194Z
ZTR,Virtus Global Dividend & Income Fund Inc.,NYSE,nasdaq_trader,2026-09-18T10:45:30.194Z,2026-09-22T07:18:59.656Z
ZTS,Zoetis Inc.,NYSE,nasdaq_trader,2026-09-18T10:45:30.194Z,2026-09-18T10:45:30.194Z
ZUMZ,Zumiez Inc.,NASDAQ,nasdaq_trader,2026-09-18T10:45:30.194Z,2026-09-18T10:45:30.194Z
ZURA,Zura Bio Limited,NASDAQ,nasdaq_trader,2026-09-18T10:45:30.194Z,2026-09-18T10:45:30.194Z
ZVIA,Zevia PBC,NYSE,nasdaq_trader,2026-09-18T10:45:30.194Z,2026-09-18T10:45:30.194Z
ZVRA,"Zevra Therapeutics, Inc.",NASDAQ,nasdaq_trader,2026-09-18T10:45:30.194Z,2026-09-18T10:45:30.194Z
ZWS,Zurn Elkay Water Solutions Corporation,NYSE,nasdaq_trader,2026-09-18T10:45:30.194Z,2026-09-18T10:45:30.194Z
ZYBT,Zhengye Biotechnology Holding Limited,NASDAQ,nasdaq_trader,2026-09-18T10:45:30.194Z,2026-09-18T10:45:30.194Z
ZYME,Zymeworks Inc.,NASDAQ,nasdaq_trader,2026-09-18T10:45:30.194Z,2026-09-18T10:45:30.194Z
ZYXIQ,"Zynex, Inc.",OTC,excel_import,2026-09-18T09:57:12.863Z,2026-09-18T09:57:12.863Z
